pokemon_key,form_key,ability_key,ability_name,ability_description,is_hidden,slot
bulbasaur,default,overgrow,しんりょく,"ＨＰが 減ったとき くさタイプの 技の 威力が 上がる。",0,1
bulbasaur,default,chlorophyll,ようりょくそ,"天気が 晴れのとき 素早さが 上がる。",1,3
ivysaur,default,overgrow,しんりょく,"ＨＰが 減ったとき くさタイプの 技の 威力が 上がる。",0,1
ivysaur,default,chlorophyll,ようりょくそ,"天気が 晴れのとき 素早さが 上がる。",1,3
venusaur,default,overgrow,しんりょく,"ＨＰが 減ったとき くさタイプの 技の 威力が 上がる。",0,1
venusaur,default,chlorophyll,ようりょくそ,"天気が 晴れのとき 素早さが 上がる。",1,3
venusaur,mega,thick-fat,あついしぼう,"厚い 脂肪で 守られているので ほのおタイプと こおりタイプの 技の ダメージを 半減させる。",0,1
charmander,default,blaze,もうか,"ＨＰが 減ったとき ほのおタイプの 技の 威力が 上がる。",0,1
charmander,default,solar-power,サンパワー,"天気が 晴れると 特攻が 上がるが 毎ターン ＨＰが 減る。",1,3
charmeleon,default,blaze,もうか,"ＨＰが 減ったとき ほのおタイプの 技の 威力が 上がる。",0,1
charmeleon,default,solar-power,サンパワー,"天気が 晴れると 特攻が 上がるが 毎ターン ＨＰが 減る。",1,3
charizard,default,blaze,もうか,"ＨＰが 減ったとき ほのおタイプの 技の 威力が 上がる。",0,1
charizard,default,solar-power,サンパワー,"天気が 晴れると 特攻が 上がるが 毎ターン ＨＰが 減る。",1,3
charizard,mega-x,tough-claws,かたいツメ,"相手に 接触する 技の 威力が 高くなる。",0,1
charizard,mega-y,drought,ひでり,"登場 したときに 天気を 晴れに する。",0,1
squirtle,default,torrent,げきりゅう,"ＨＰが 減ったとき みずタイプの 技の 威力が 上がる。",0,1
squirtle,default,rain-dish,あめうけざら,"天気が 雨のとき 少しずつ ＨＰを 回復する。",1,3
wartortle,default,torrent,げきりゅう,"ＨＰが 減ったとき みずタイプの 技の 威力が 上がる。",0,1
wartortle,default,rain-dish,あめうけざら,"天気が 雨のとき 少しずつ ＨＰを 回復する。",1,3
blastoise,default,torrent,げきりゅう,"ＨＰが 減ったとき みずタイプの 技の 威力が 上がる。",0,1
blastoise,default,rain-dish,あめうけざら,"天気が 雨のとき 少しずつ ＨＰを 回復する。",1,3
blastoise,mega,mega-launcher,メガランチャー,"波動の 技の 威力が 高くなる。",0,1
caterpie,default,shield-dust,りんぷん,"りんぷんに 守られて 技の 追加効果を 受けなくなる。",0,1
caterpie,default,run-away,にげあし,"野生の ポケモンから 必ず 逃げられる。",1,3
metapod,default,shed-skin,だっぴ,"体の 皮を 脱ぎ捨てることで 状態異常を 治すことが ある。",0,1
butterfree,default,compound-eyes,ふくがん,"複眼を 持っているため 技の 命中率が 上がる。",0,1
butterfree,default,tinted-lens,いろめがね,"効果が いまひとつの 技を 通常の 威力で 出すことが できる。",1,3
weedle,default,shield-dust,りんぷん,"りんぷんに 守られて 技の 追加効果を 受けなくなる。",0,1
weedle,default,run-away,にげあし,"野生の ポケモンから 必ず 逃げられる。",1,3
kakuna,default,shed-skin,だっぴ,"体の 皮を 脱ぎ捨てることで 状態異常を 治すことが ある。",0,1
beedrill,default,swarm,むしのしらせ,"ＨＰが 減ったとき むしタイプの 技の 威力が 上がる。",0,1
beedrill,default,sniper,スナイパー,"攻撃を 急所に 当てると 威力が さらに 上がる。",1,3
beedrill,mega,adaptability,てきおうりょく,"自分と おなじ タイプの 技の 威力が 上がる。",0,1
pidgey,default,keen-eye,するどいめ,"鋭い 目の おかげで 命中率を 下げられない。",0,1
pidgey,default,tangled-feet,ちどりあし,"こんらん状態の ときは 回避率が アップする。",0,2
pidgey,default,big-pecks,はとむね,"防御を 下げる 効果を 受けない。",1,3
pidgeotto,default,keen-eye,するどいめ,"鋭い 目の おかげで 命中率を 下げられない。",0,1
pidgeotto,default,tangled-feet,ちどりあし,"こんらん状態の ときは 回避率が アップする。",0,2
pidgeotto,default,big-pecks,はとむね,"防御を 下げる 効果を 受けない。",1,3
pidgeot,default,keen-eye,するどいめ,"鋭い 目の おかげで 命中率を 下げられない。",0,1
pidgeot,default,tangled-feet,ちどりあし,"こんらん状態の ときは 回避率が アップする。",0,2
pidgeot,default,big-pecks,はとむね,"防御を 下げる 効果を 受けない。",1,3
pidgeot,mega,no-guard,ノーガード,"ノーガード戦法に よって お互いの 出す 技が かならず 当たる ようになる。",0,1
rattata,default,run-away,にげあし,"野生の ポケモンから 必ず 逃げられる。",0,1
rattata,default,guts,こんじょう,"状態異常に なると 根性を だして 攻撃が 上がる。",0,2
rattata,default,hustle,はりきり,"自分の 攻撃が 高くなるが 命中率が 下がる。",1,3
rattata,alola,gluttony,くいしんぼう,"ＨＰが 少なくなったら 食べる きのみを ＨＰ 半分の 時に 食べてしまう。",0,1
rattata,alola,hustle,はりきり,"自分の 攻撃が 高くなるが 命中率が 下がる。",0,2
rattata,alola,thick-fat,あついしぼう,"厚い 脂肪で 守られているので ほのおタイプと こおりタイプの 技の ダメージを 半減させる。",1,3
raticate,default,run-away,にげあし,"野生の ポケモンから 必ず 逃げられる。",0,1
raticate,default,guts,こんじょう,"状態異常に なると 根性を だして 攻撃が 上がる。",0,2
raticate,default,hustle,はりきり,"自分の 攻撃が 高くなるが 命中率が 下がる。",1,3
raticate,alola,gluttony,くいしんぼう,"ＨＰが 少なくなったら 食べる きのみを ＨＰ 半分の 時に 食べてしまう。",0,1
raticate,alola,hustle,はりきり,"自分の 攻撃が 高くなるが 命中率が 下がる。",0,2
raticate,alola,thick-fat,あついしぼう,"厚い 脂肪で 守られているので ほのおタイプと こおりタイプの 技の ダメージを 半減させる。",1,3
spearow,default,keen-eye,するどいめ,"鋭い 目の おかげで 命中率を 下げられない。",0,1
spearow,default,sniper,スナイパー,"攻撃を 急所に 当てると 威力が さらに 上がる。",1,3
fearow,default,keen-eye,するどいめ,"鋭い 目の おかげで 命中率を 下げられない。",0,1
fearow,default,sniper,スナイパー,"攻撃を 急所に 当てると 威力が さらに 上がる。",1,3
ekans,default,intimidate,いかく,"登場 したとき 威嚇して 相手を 萎縮させ 相手の 攻撃を 下げて しまう。",0,1
ekans,default,shed-skin,だっぴ,"体の 皮を 脱ぎ捨てることで 状態異常を 治すことが ある。",0,2
ekans,default,unnerve,きんちょうかん,"相手を 緊張させて きのみを 食べられなく させる。",1,3
arbok,default,intimidate,いかく,"登場 したとき 威嚇して 相手を 萎縮させ 相手の 攻撃を 下げて しまう。",0,1
arbok,default,shed-skin,だっぴ,"体の 皮を 脱ぎ捨てることで 状態異常を 治すことが ある。",0,2
arbok,default,unnerve,きんちょうかん,"相手を 緊張させて きのみを 食べられなく させる。",1,3
pikachu,default,static,せいでんき,"静電気を 体に まとい 触った 相手を まひさせる ことがある。",0,1
pikachu,default,lightning-rod,ひらいしん,"でんきタイプの 技を 自分に 寄せつけ ダメージを 受けずに 特攻が 上がる。",1,3
raichu,default,static,せいでんき,"静電気を 体に まとい 触った 相手を まひさせる ことがある。",0,1
raichu,default,lightning-rod,ひらいしん,"でんきタイプの 技を 自分に 寄せつけ ダメージを 受けずに 特攻が 上がる。",1,3
raichu,alola,surge-surfer,サーフテール,"エレキフィールド のとき 素早さが ２倍に なる。",0,1
sandshrew,default,sand-veil,すながくれ,"砂あらしの とき 回避率が 上がる。",0,1
sandshrew,default,sand-rush,すなかき,"天気が すなあらし のとき 素早さが 上がる。",1,3
sandshrew,alola,snow-cloak,ゆきがくれ,"天気が あられのとき 回避率が 上がる。",0,1
sandshrew,alola,slush-rush,ゆきかき,"天気が あられ のとき 素早さが 上がる。",1,3
sandslash,default,sand-veil,すながくれ,"砂あらしの とき 回避率が 上がる。",0,1
sandslash,default,sand-rush,すなかき,"天気が すなあらし のとき 素早さが 上がる。",1,3
sandslash,alola,snow-cloak,ゆきがくれ,"天気が あられのとき 回避率が 上がる。",0,1
sandslash,alola,slush-rush,ゆきかき,"天気が あられ のとき 素早さが 上がる。",1,3
nidoran-f,default,poison-point,どくのトゲ,"自分に 触った 相手を どく状態に することがある。",0,1
nidoran-f,default,rivalry,とうそうしん,"性別が 同じだと 闘争心を 燃やして 強くなる。 性別が 違うと 弱くなる。",0,2
nidoran-f,default,hustle,はりきり,"自分の 攻撃が 高くなるが 命中率が 下がる。",1,3
nidorina,default,poison-point,どくのトゲ,"自分に 触った 相手を どく状態に することがある。",0,1
nidorina,default,rivalry,とうそうしん,"性別が 同じだと 闘争心を 燃やして 強くなる。 性別が 違うと 弱くなる。",0,2
nidorina,default,hustle,はりきり,"自分の 攻撃が 高くなるが 命中率が 下がる。",1,3
nidoqueen,default,poison-point,どくのトゲ,"自分に 触った 相手を どく状態に することがある。",0,1
nidoqueen,default,rivalry,とうそうしん,"性別が 同じだと 闘争心を 燃やして 強くなる。 性別が 違うと 弱くなる。",0,2
nidoqueen,default,sheer-force,ちからずく,"技の 追加効果は なくなるが そのぶん 高い 威力で 技を 出すことが できる。",1,3
nidoran-m,default,poison-point,どくのトゲ,"自分に 触った 相手を どく状態に することがある。",0,1
nidoran-m,default,rivalry,とうそうしん,"性別が 同じだと 闘争心を 燃やして 強くなる。 性別が 違うと 弱くなる。",0,2
nidoran-m,default,hustle,はりきり,"自分の 攻撃が 高くなるが 命中率が 下がる。",1,3
nidorino,default,poison-point,どくのトゲ,"自分に 触った 相手を どく状態に することがある。",0,1
nidorino,default,rivalry,とうそうしん,"性別が 同じだと 闘争心を 燃やして 強くなる。 性別が 違うと 弱くなる。",0,2
nidorino,default,hustle,はりきり,"自分の 攻撃が 高くなるが 命中率が 下がる。",1,3
nidoking,default,poison-point,どくのトゲ,"自分に 触った 相手を どく状態に することがある。",0,1
nidoking,default,rivalry,とうそうしん,"性別が 同じだと 闘争心を 燃やして 強くなる。 性別が 違うと 弱くなる。",0,2
nidoking,default,sheer-force,ちからずく,"技の 追加効果は なくなるが そのぶん 高い 威力で 技を 出すことが できる。",1,3
clefairy,default,cute-charm,メロメロボディ,"自分に 触った 相手を メロメロに することが ある。",0,1
clefairy,default,magic-guard,マジックガード,"攻撃 以外では ダメージを 受けない。",0,2
clefairy,default,friend-guard,フレンドガード,"味方の ダメージを 減らすことが できる。",1,3
clefable,default,cute-charm,メロメロボディ,"自分に 触った 相手を メロメロに することが ある。",0,1
clefable,default,magic-guard,マジックガード,"攻撃 以外では ダメージを 受けない。",0,2
clefable,default,unaware,てんねん,"相手の 能力の 変化を 無視して 攻撃が できる。",1,3
clefable,mega,magic-bounce,マジックミラー,"相手に だされた 変化技を 受けずに そのまま 返す ことが できる。",0,1
vulpix,default,flash-fire,もらいび,"ほのおタイプの 技を 受けると 炎を もらい 自分が 出す ほのおタイプの 技が 強くなる。",0,1
vulpix,default,drought,ひでり,"登場 したときに 天気を 晴れに する。",1,3
vulpix,alola,snow-cloak,ゆきがくれ,"天気が あられのとき 回避率が 上がる。",0,1
vulpix,alola,snow-warning,ゆきふらし,"登場 したときに 天気を あられに する。",1,3
ninetales,default,flash-fire,もらいび,"ほのおタイプの 技を 受けると 炎を もらい 自分が 出す ほのおタイプの 技が 強くなる。",0,1
ninetales,default,drought,ひでり,"登場 したときに 天気を 晴れに する。",1,3
ninetales,alola,snow-cloak,ゆきがくれ,"天気が あられのとき 回避率が 上がる。",0,1
ninetales,alola,snow-warning,ゆきふらし,"登場 したときに 天気を あられに する。",1,3
jigglypuff,default,cute-charm,メロメロボディ,"自分に 触った 相手を メロメロに することが ある。",0,1
jigglypuff,default,competitive,かちき,"能力を 下げられると 特攻が ぐーんと 上がる。",0,2
jigglypuff,default,friend-guard,フレンドガード,"味方の ダメージを 減らすことが できる。",1,3
wigglytuff,default,cute-charm,メロメロボディ,"自分に 触った 相手を メロメロに することが ある。",0,1
wigglytuff,default,competitive,かちき,"能力を 下げられると 特攻が ぐーんと 上がる。",0,2
wigglytuff,default,frisk,おみとおし,"登場 したとき 相手の 持ち物を 見通すことが できる。",1,3
zubat,default,inner-focus,せいしんりょく,"鍛えられた 精神に よって 相手の 攻撃に ひるまない。",0,1
zubat,default,infiltrator,すりぬけ,"相手の 壁や 身代わりを すりぬけて 攻撃 できる",1,3
golbat,default,inner-focus,せいしんりょく,"鍛えられた 精神に よって 相手の 攻撃に ひるまない。",0,1
golbat,default,infiltrator,すりぬけ,"相手の 壁や 身代わりを すりぬけて 攻撃 できる",1,3
oddish,default,chlorophyll,ようりょくそ,"天気が 晴れのとき 素早さが 上がる。",0,1
oddish,default,run-away,にげあし,"野生の ポケモンから 必ず 逃げられる。",1,3
gloom,default,chlorophyll,ようりょくそ,"天気が 晴れのとき 素早さが 上がる。",0,1
gloom,default,stench,あくしゅう,"臭い においを 放つことによって 攻撃した ときに 相手を ひるませることが ある。",1,3
vileplume,default,chlorophyll,ようりょくそ,"天気が 晴れのとき 素早さが 上がる。",0,1
vileplume,default,effect-spore,ほうし,"攻撃で 自分に 触れた 相手を どくや まひや ねむり状態に する ことがある。",1,3
paras,default,effect-spore,ほうし,"攻撃で 自分に 触れた 相手を どくや まひや ねむり状態に する ことがある。",0,1
paras,default,dry-skin,かんそうはだ,"天気が 雨の時や みずタイプの 技で ＨＰが 回復し はれの時や ほのおタイプの 技で 減ってしまう。",0,2
paras,default,damp,しめりけ,"あたりを 湿らせることに よって じばく などの 爆発する 技を だれも 使えなくなる。",1,3
parasect,default,effect-spore,ほうし,"攻撃で 自分に 触れた 相手を どくや まひや ねむり状態に する ことがある。",0,1
parasect,default,dry-skin,かんそうはだ,"天気が 雨の時や みずタイプの 技で ＨＰが 回復し はれの時や ほのおタイプの 技で 減ってしまう。",0,2
parasect,default,damp,しめりけ,"あたりを 湿らせることに よって じばく などの 爆発する 技を だれも 使えなくなる。",1,3
venonat,default,compound-eyes,ふくがん,"複眼を 持っているため 技の 命中率が 上がる。",0,1
venonat,default,tinted-lens,いろめがね,"効果が いまひとつの 技を 通常の 威力で 出すことが できる。",0,2
venonat,default,run-away,にげあし,"野生の ポケモンから 必ず 逃げられる。",1,3
venomoth,default,shield-dust,りんぷん,"りんぷんに 守られて 技の 追加効果を 受けなくなる。",0,1
venomoth,default,tinted-lens,いろめがね,"効果が いまひとつの 技を 通常の 威力で 出すことが できる。",0,2
venomoth,default,wonder-skin,ミラクルスキン,"変化技を 受けにくい 体に なっている。",1,3
diglett,default,sand-veil,すながくれ,"砂あらしの とき 回避率が 上がる。",0,1
diglett,default,arena-trap,ありじごく,"戦闘で 相手を 逃げられなくする。",0,2
diglett,default,sand-force,すなのちから,"天気が すなあらしの とき いわタイプと じめんタイプと はがねタイプの 威力が 上がる。",1,3
diglett,alola,sand-veil,すながくれ,"砂あらしの とき 回避率が 上がる。",0,1
diglett,alola,tangling-hair,カーリーヘアー,"攻撃で 自分に 触れた 相手の 素早さを 下げる。",0,2
diglett,alola,sand-force,すなのちから,"天気が すなあらしの とき いわタイプと じめんタイプと はがねタイプの 威力が 上がる。",1,3
dugtrio,default,sand-veil,すながくれ,"砂あらしの とき 回避率が 上がる。",0,1
dugtrio,default,arena-trap,ありじごく,"戦闘で 相手を 逃げられなくする。",0,2
dugtrio,default,sand-force,すなのちから,"天気が すなあらしの とき いわタイプと じめんタイプと はがねタイプの 威力が 上がる。",1,3
dugtrio,alola,sand-veil,すながくれ,"砂あらしの とき 回避率が 上がる。",0,1
dugtrio,alola,tangling-hair,カーリーヘアー,"攻撃で 自分に 触れた 相手の 素早さを 下げる。",0,2
dugtrio,alola,sand-force,すなのちから,"天気が すなあらしの とき いわタイプと じめんタイプと はがねタイプの 威力が 上がる。",1,3
meowth,default,pickup,ものひろい,"相手の 使った 道具を 拾ってくることが ある。 冒険中も 拾ってくる。",0,1
meowth,default,technician,テクニシャン,"威力が 低い 技の 威力を 高くして 攻撃できる。",0,2
meowth,default,unnerve,きんちょうかん,"相手を 緊張させて きのみを 食べられなく させる。",1,3
meowth,alola,pickup,ものひろい,"相手の 使った 道具を 拾ってくることが ある。 冒険中も 拾ってくる。",0,1
meowth,alola,technician,テクニシャン,"威力が 低い 技の 威力を 高くして 攻撃できる。",0,2
meowth,alola,rattled,びびり,"あくタイプと ゴーストタイプと むしタイプの 技を 受けると びびって 素早さが 上がる。",1,3
meowth,galar,pickup,ものひろい,"相手の 使った 道具を 拾ってくることが ある。 冒険中も 拾ってくる。",0,1
meowth,galar,tough-claws,かたいツメ,"相手に 接触する 技の 威力が 高くなる。",0,2
meowth,galar,unnerve,きんちょうかん,"相手を 緊張させて きのみを 食べられなく させる。",1,3
persian,default,limber,じゅうなん,"柔軟な 体によって まひ状態に ならない。",0,1
persian,default,technician,テクニシャン,"威力が 低い 技の 威力を 高くして 攻撃できる。",0,2
persian,default,unnerve,きんちょうかん,"相手を 緊張させて きのみを 食べられなく させる。",1,3
persian,alola,fur-coat,ファーコート,"相手から 受ける 物理技の ダメージが 半分に なる。",0,1
persian,alola,technician,テクニシャン,"威力が 低い 技の 威力を 高くして 攻撃できる。",0,2
persian,alola,rattled,びびり,"あくタイプと ゴーストタイプと むしタイプの 技を 受けると びびって 素早さが 上がる。",1,3
psyduck,default,damp,しめりけ,"あたりを 湿らせることに よって じばく などの 爆発する 技を だれも 使えなくなる。",0,1
psyduck,default,cloud-nine,ノーてんき,"あらゆる 天気の 影響が なくなって しまう。",0,2
psyduck,default,swift-swim,すいすい,"天気が 雨のとき 素早さが 上がる。",1,3
golduck,default,damp,しめりけ,"あたりを 湿らせることに よって じばく などの 爆発する 技を だれも 使えなくなる。",0,1
golduck,default,cloud-nine,ノーてんき,"あらゆる 天気の 影響が なくなって しまう。",0,2
golduck,default,swift-swim,すいすい,"天気が 雨のとき 素早さが 上がる。",1,3
mankey,default,vital-spirit,やるき,"やる気を だすことに よって ねむり状態に ならない。",0,1
mankey,default,anger-point,いかりのつぼ,"急所に 攻撃が 当たると 怒りくるって 攻撃力が 最大に なる。",0,2
mankey,default,defiant,まけんき,"能力を 下げられると 攻撃が ぐーんと 上がる。",1,3
primeape,default,vital-spirit,やるき,"やる気を だすことに よって ねむり状態に ならない。",0,1
primeape,default,anger-point,いかりのつぼ,"急所に 攻撃が 当たると 怒りくるって 攻撃力が 最大に なる。",0,2
primeape,default,defiant,まけんき,"能力を 下げられると 攻撃が ぐーんと 上がる。",1,3
growlithe,default,intimidate,いかく,"登場 したとき 威嚇して 相手を 萎縮させ 相手の 攻撃を 下げて しまう。",0,1
growlithe,default,flash-fire,もらいび,"ほのおタイプの 技を 受けると 炎を もらい 自分が 出す ほのおタイプの 技が 強くなる。",0,2
growlithe,default,justified,せいぎのこころ,"あくタイプの 攻撃を 受けると 正義感で 攻撃が 上がる。",1,3
growlithe,hisui,intimidate,いかく,"登場 したとき 威嚇して 相手を 萎縮させ 相手の 攻撃を 下げて しまう。",0,1
growlithe,hisui,flash-fire,もらいび,"ほのおタイプの 技を 受けると 炎を もらい 自分が 出す ほのおタイプの 技が 強くなる。",0,2
growlithe,hisui,rock-head,いしあたま,"反動を 受ける 技を 出しても ＨＰが 減らない。",1,3
arcanine,default,intimidate,いかく,"登場 したとき 威嚇して 相手を 萎縮させ 相手の 攻撃を 下げて しまう。",0,1
arcanine,default,flash-fire,もらいび,"ほのおタイプの 技を 受けると 炎を もらい 自分が 出す ほのおタイプの 技が 強くなる。",0,2
arcanine,default,justified,せいぎのこころ,"あくタイプの 攻撃を 受けると 正義感で 攻撃が 上がる。",1,3
arcanine,hisui,intimidate,いかく,"登場 したとき 威嚇して 相手を 萎縮させ 相手の 攻撃を 下げて しまう。",0,1
arcanine,hisui,flash-fire,もらいび,"ほのおタイプの 技を 受けると 炎を もらい 自分が 出す ほのおタイプの 技が 強くなる。",0,2
arcanine,hisui,rock-head,いしあたま,"反動を 受ける 技を 出しても ＨＰが 減らない。",1,3
poliwag,default,water-absorb,ちょすい,"みずタイプの 技を 受けると ダメージを 受けずに 回復する。",0,1
poliwag,default,damp,しめりけ,"あたりを 湿らせることに よって じばく などの 爆発する 技を だれも 使えなくなる。",0,2
poliwag,default,swift-swim,すいすい,"天気が 雨のとき 素早さが 上がる。",1,3
poliwhirl,default,water-absorb,ちょすい,"みずタイプの 技を 受けると ダメージを 受けずに 回復する。",0,1
poliwhirl,default,damp,しめりけ,"あたりを 湿らせることに よって じばく などの 爆発する 技を だれも 使えなくなる。",0,2
poliwhirl,default,swift-swim,すいすい,"天気が 雨のとき 素早さが 上がる。",1,3
poliwrath,default,water-absorb,ちょすい,"みずタイプの 技を 受けると ダメージを 受けずに 回復する。",0,1
poliwrath,default,damp,しめりけ,"あたりを 湿らせることに よって じばく などの 爆発する 技を だれも 使えなくなる。",0,2
poliwrath,default,swift-swim,すいすい,"天気が 雨のとき 素早さが 上がる。",1,3
abra,default,synchronize,シンクロ,"自分が なってしまった どくや まひや やけどを 相手に うつす。",0,1
abra,default,inner-focus,せいしんりょく,"鍛えられた 精神に よって 相手の 攻撃に ひるまない。",0,2
abra,default,magic-guard,マジックガード,"攻撃 以外では ダメージを 受けない。",1,3
kadabra,default,synchronize,シンクロ,"自分が なってしまった どくや まひや やけどを 相手に うつす。",0,1
kadabra,default,inner-focus,せいしんりょく,"鍛えられた 精神に よって 相手の 攻撃に ひるまない。",0,2
kadabra,default,magic-guard,マジックガード,"攻撃 以外では ダメージを 受けない。",1,3
alakazam,default,synchronize,シンクロ,"自分が なってしまった どくや まひや やけどを 相手に うつす。",0,1
alakazam,default,inner-focus,せいしんりょく,"鍛えられた 精神に よって 相手の 攻撃に ひるまない。",0,2
alakazam,default,magic-guard,マジックガード,"攻撃 以外では ダメージを 受けない。",1,3
alakazam,mega,trace,トレース,"登場 したとき 相手の 特性を トレースして 同じ 特性に なる。",0,1
machop,default,guts,こんじょう,"状態異常に なると 根性を だして 攻撃が 上がる。",0,1
machop,default,no-guard,ノーガード,"ノーガード戦法に よって お互いの 出す 技が かならず 当たる ようになる。",0,2
machop,default,steadfast,ふくつのこころ,"ひるむ たびに 不屈の心を 燃やして 素早さが 上がる。",1,3
machoke,default,guts,こんじょう,"状態異常に なると 根性を だして 攻撃が 上がる。",0,1
machoke,default,no-guard,ノーガード,"ノーガード戦法に よって お互いの 出す 技が かならず 当たる ようになる。",0,2
machoke,default,steadfast,ふくつのこころ,"ひるむ たびに 不屈の心を 燃やして 素早さが 上がる。",1,3
machamp,default,guts,こんじょう,"状態異常に なると 根性を だして 攻撃が 上がる。",0,1
machamp,default,no-guard,ノーガード,"ノーガード戦法に よって お互いの 出す 技が かならず 当たる ようになる。",0,2
machamp,default,steadfast,ふくつのこころ,"ひるむ たびに 不屈の心を 燃やして 素早さが 上がる。",1,3
bellsprout,default,chlorophyll,ようりょくそ,"天気が 晴れのとき 素早さが 上がる。",0,1
bellsprout,default,gluttony,くいしんぼう,"ＨＰが 少なくなったら 食べる きのみを ＨＰ 半分の 時に 食べてしまう。",1,3
weepinbell,default,chlorophyll,ようりょくそ,"天気が 晴れのとき 素早さが 上がる。",0,1
weepinbell,default,gluttony,くいしんぼう,"ＨＰが 少なくなったら 食べる きのみを ＨＰ 半分の 時に 食べてしまう。",1,3
victreebel,default,chlorophyll,ようりょくそ,"天気が 晴れのとき 素早さが 上がる。",0,1
victreebel,default,gluttony,くいしんぼう,"ＨＰが 少なくなったら 食べる きのみを ＨＰ 半分の 時に 食べてしまう。",1,3
victreebel,mega,innards-out,とびだすなかみ,"相手に 倒されたとき ＨＰの 残りの ぶんだけ 相手に ダメージを あたえる。",0,1
tentacool,default,clear-body,クリアボディ,"相手の 技や 特性で 能力を 下げられない。",0,1
tentacool,default,liquid-ooze,ヘドロえき,"ヘドロ液を 吸い取った 相手は 強烈な 悪臭で ダメージを 受けて ＨＰを 減らす。",0,2
tentacool,default,rain-dish,あめうけざら,"天気が 雨のとき 少しずつ ＨＰを 回復する。",1,3
tentacruel,default,clear-body,クリアボディ,"相手の 技や 特性で 能力を 下げられない。",0,1
tentacruel,default,liquid-ooze,ヘドロえき,"ヘドロ液を 吸い取った 相手は 強烈な 悪臭で ダメージを 受けて ＨＰを 減らす。",0,2
tentacruel,default,rain-dish,あめうけざら,"天気が 雨のとき 少しずつ ＨＰを 回復する。",1,3
geodude,default,rock-head,いしあたま,"反動を 受ける 技を 出しても ＨＰが 減らない。",0,1
geodude,default,sturdy,がんじょう,"相手の 技を 受けても 一撃で 倒されることが ない。 一撃必殺技も 効かない。",0,2
geodude,default,sand-veil,すながくれ,"砂あらしの とき 回避率が 上がる。",1,3
geodude,alola,magnet-pull,じりょく,"はがねタイプの ポケモンを 磁力で 引きつけて 逃げられなくする。",0,1
geodude,alola,sturdy,がんじょう,"相手の 技を 受けても 一撃で 倒されることが ない。 一撃必殺技も 効かない。",0,2
geodude,alola,galvanize,エレキスキン,"ノーマルタイプの 技が でんきタイプになる。 威力が 少し 上がる。",1,3
graveler,default,rock-head,いしあたま,"反動を 受ける 技を 出しても ＨＰが 減らない。",0,1
graveler,default,sturdy,がんじょう,"相手の 技を 受けても 一撃で 倒されることが ない。 一撃必殺技も 効かない。",0,2
graveler,default,sand-veil,すながくれ,"砂あらしの とき 回避率が 上がる。",1,3
graveler,alola,magnet-pull,じりょく,"はがねタイプの ポケモンを 磁力で 引きつけて 逃げられなくする。",0,1
graveler,alola,sturdy,がんじょう,"相手の 技を 受けても 一撃で 倒されることが ない。 一撃必殺技も 効かない。",0,2
graveler,alola,galvanize,エレキスキン,"ノーマルタイプの 技が でんきタイプになる。 威力が 少し 上がる。",1,3
golem,default,rock-head,いしあたま,"反動を 受ける 技を 出しても ＨＰが 減らない。",0,1
golem,default,sturdy,がんじょう,"相手の 技を 受けても 一撃で 倒されることが ない。 一撃必殺技も 効かない。",0,2
golem,default,sand-veil,すながくれ,"砂あらしの とき 回避率が 上がる。",1,3
golem,alola,magnet-pull,じりょく,"はがねタイプの ポケモンを 磁力で 引きつけて 逃げられなくする。",0,1
golem,alola,sturdy,がんじょう,"相手の 技を 受けても 一撃で 倒されることが ない。 一撃必殺技も 効かない。",0,2
golem,alola,galvanize,エレキスキン,"ノーマルタイプの 技が でんきタイプになる。 威力が 少し 上がる。",1,3
ponyta,default,run-away,にげあし,"野生の ポケモンから 必ず 逃げられる。",0,1
ponyta,default,flash-fire,もらいび,"ほのおタイプの 技を 受けると 炎を もらい 自分が 出す ほのおタイプの 技が 強くなる。",0,2
ponyta,default,flame-body,ほのおのからだ,"自分に 触った 相手を やけど状態に する ことがある。",1,3
ponyta,galar,run-away,にげあし,"野生の ポケモンから 必ず 逃げられる。",0,1
ponyta,galar,pastel-veil,パステルベール,"自分も 味方も どくの 状態異常を 受けなくなる。",0,2
ponyta,galar,anticipation,きけんよち,"相手の 持つ 危険な 技を 察知する ことができる。",1,3
rapidash,default,run-away,にげあし,"野生の ポケモンから 必ず 逃げられる。",0,1
rapidash,default,flash-fire,もらいび,"ほのおタイプの 技を 受けると 炎を もらい 自分が 出す ほのおタイプの 技が 強くなる。",0,2
rapidash,default,flame-body,ほのおのからだ,"自分に 触った 相手を やけど状態に する ことがある。",1,3
rapidash,galar,run-away,にげあし,"野生の ポケモンから 必ず 逃げられる。",0,1
rapidash,galar,pastel-veil,パステルベール,"自分も 味方も どくの 状態異常を 受けなくなる。",0,2
rapidash,galar,anticipation,きけんよち,"相手の 持つ 危険な 技を 察知する ことができる。",1,3
slowpoke,default,oblivious,どんかん,"鈍感なので メロメロや ちょうはつ状態に ならない。",0,1
slowpoke,default,own-tempo,マイペース,"マイペースなので こんらん状態に ならない。",0,2
slowpoke,default,regenerator,さいせいりょく,"手持ちに 引っ込むと ＨＰが 少し 回復する。",1,3
slowpoke,galar,gluttony,くいしんぼう,"ＨＰが 少なくなったら 食べる きのみを ＨＰ 半分の 時に 食べてしまう。",0,1
slowpoke,galar,own-tempo,マイペース,"マイペースなので こんらん状態に ならない。",0,2
slowpoke,galar,regenerator,さいせいりょく,"手持ちに 引っ込むと ＨＰが 少し 回復する。",1,3
slowbro,default,oblivious,どんかん,"鈍感なので メロメロや ちょうはつ状態に ならない。",0,1
slowbro,default,own-tempo,マイペース,"マイペースなので こんらん状態に ならない。",0,2
slowbro,default,regenerator,さいせいりょく,"手持ちに 引っ込むと ＨＰが 少し 回復する。",1,3
slowbro,mega,shell-armor,シェルアーマー,"硬い 殻に 守られ 相手の 攻撃が 急所に 当たらない。",0,1
slowbro,galar,quick-draw,クイックドロウ,"相手より 先に 行動できることが ある。",0,1
slowbro,galar,own-tempo,マイペース,"マイペースなので こんらん状態に ならない。",0,2
slowbro,galar,regenerator,さいせいりょく,"手持ちに 引っ込むと ＨＰが 少し 回復する。",1,3
magnemite,default,magnet-pull,じりょく,"はがねタイプの ポケモンを 磁力で 引きつけて 逃げられなくする。",0,1
magnemite,default,sturdy,がんじょう,"相手の 技を 受けても 一撃で 倒されることが ない。 一撃必殺技も 効かない。",0,2
magnemite,default,analytic,アナライズ,"いちばん 最後に 技を 出すと 技の 威力が 上がる。",1,3
magneton,default,magnet-pull,じりょく,"はがねタイプの ポケモンを 磁力で 引きつけて 逃げられなくする。",0,1
magneton,default,sturdy,がんじょう,"相手の 技を 受けても 一撃で 倒されることが ない。 一撃必殺技も 効かない。",0,2
magneton,default,analytic,アナライズ,"いちばん 最後に 技を 出すと 技の 威力が 上がる。",1,3
farfetchd,default,keen-eye,するどいめ,"鋭い 目の おかげで 命中率を 下げられない。",0,1
farfetchd,default,inner-focus,せいしんりょく,"鍛えられた 精神に よって 相手の 攻撃に ひるまない。",0,2
farfetchd,default,defiant,まけんき,"能力を 下げられると 攻撃が ぐーんと 上がる。",1,3
farfetchd,galar,steadfast,ふくつのこころ,"ひるむ たびに 不屈の心を 燃やして 素早さが 上がる。",0,1
farfetchd,galar,scrappy,きもったま,"ゴーストタイプの ポケモンに ノーマルタイプと かくとうタイプの 技を 当てることが できる。",1,3
doduo,default,run-away,にげあし,"野生の ポケモンから 必ず 逃げられる。",0,1
doduo,default,early-bird,はやおき,"ねむり状態に なっても ２倍の 早さで 目覚める ことが できる。",0,2
doduo,default,tangled-feet,ちどりあし,"こんらん状態の ときは 回避率が アップする。",1,3
dodrio,default,run-away,にげあし,"野生の ポケモンから 必ず 逃げられる。",0,1
dodrio,default,early-bird,はやおき,"ねむり状態に なっても ２倍の 早さで 目覚める ことが できる。",0,2
dodrio,default,tangled-feet,ちどりあし,"こんらん状態の ときは 回避率が アップする。",1,3
seel,default,thick-fat,あついしぼう,"厚い 脂肪で 守られているので ほのおタイプと こおりタイプの 技の ダメージを 半減させる。",0,1
seel,default,hydration,うるおいボディ,"天気が 雨のとき 状態異常が 治る。",0,2
seel,default,ice-body,アイスボディ,"天気が あられのとき ＨＰを 少しずつ 回復 する。",1,3
dewgong,default,thick-fat,あついしぼう,"厚い 脂肪で 守られているので ほのおタイプと こおりタイプの 技の ダメージを 半減させる。",0,1
dewgong,default,hydration,うるおいボディ,"天気が 雨のとき 状態異常が 治る。",0,2
dewgong,default,ice-body,アイスボディ,"天気が あられのとき ＨＰを 少しずつ 回復 する。",1,3
grimer,default,stench,あくしゅう,"臭い においを 放つことによって 攻撃した ときに 相手を ひるませることが ある。",0,1
grimer,default,sticky-hold,ねんちゃく,"粘着質の 体に 道具が くっついているため 相手に 道具を 奪われない。",0,2
grimer,default,poison-touch,どくしゅ,"触る だけで 相手を どく 状態に することがある。",1,3
grimer,alola,poison-touch,どくしゅ,"触る だけで 相手を どく 状態に することがある。",0,1
grimer,alola,gluttony,くいしんぼう,"ＨＰが 少なくなったら 食べる きのみを ＨＰ 半分の 時に 食べてしまう。",0,2
grimer,alola,power-of-alchemy,かがくのちから,"倒された 味方の 特性を 受け継ぎ 同じ 特性に 変わる。",1,3
muk,default,stench,あくしゅう,"臭い においを 放つことによって 攻撃した ときに 相手を ひるませることが ある。",0,1
muk,default,sticky-hold,ねんちゃく,"粘着質の 体に 道具が くっついているため 相手に 道具を 奪われない。",0,2
muk,default,poison-touch,どくしゅ,"触る だけで 相手を どく 状態に することがある。",1,3
muk,alola,poison-touch,どくしゅ,"触る だけで 相手を どく 状態に することがある。",0,1
muk,alola,gluttony,くいしんぼう,"ＨＰが 少なくなったら 食べる きのみを ＨＰ 半分の 時に 食べてしまう。",0,2
muk,alola,power-of-alchemy,かがくのちから,"倒された 味方の 特性を 受け継ぎ 同じ 特性に 変わる。",1,3
shellder,default,shell-armor,シェルアーマー,"硬い 殻に 守られ 相手の 攻撃が 急所に 当たらない。",0,1
shellder,default,skill-link,スキルリンク,"連続技を 使うと いつも 最高回数 出すことが できる。",0,2
shellder,default,overcoat,ぼうじん,"すなあらしや あられなどの ダメージを 受けない。 粉の 技を 受けない。",1,3
cloyster,default,shell-armor,シェルアーマー,"硬い 殻に 守られ 相手の 攻撃が 急所に 当たらない。",0,1
cloyster,default,skill-link,スキルリンク,"連続技を 使うと いつも 最高回数 出すことが できる。",0,2
cloyster,default,overcoat,ぼうじん,"すなあらしや あられなどの ダメージを 受けない。 粉の 技を 受けない。",1,3
gastly,default,levitate,ふゆう,"地面から 浮くことによって じめんタイプの 技を 受けない。",0,1
haunter,default,levitate,ふゆう,"地面から 浮くことによって じめんタイプの 技を 受けない。",0,1
gengar,default,cursed-body,のろわれボディ,"攻撃を 受けると 相手の 技を かなしばり状態に することが ある。",0,1
gengar,mega,shadow-tag,かげふみ,"相手の 影を 踏み 逃げたり 交代 できなくする。",0,1
onix,default,rock-head,いしあたま,"反動を 受ける 技を 出しても ＨＰが 減らない。",0,1
onix,default,sturdy,がんじょう,"相手の 技を 受けても 一撃で 倒されることが ない。 一撃必殺技も 効かない。",0,2
onix,default,weak-armor,くだけるよろい,"物理技で ダメージを 受けると 防御が 下がり 素早さが ぐーんと 上がる。",1,3
drowzee,default,insomnia,ふみん,"眠れない 体質 なので ねむり状態に ならない。",0,1
drowzee,default,forewarn,よちむ,"登場 したとき 相手の 持つ 技を ひとつだけ 読み取る。",0,2
drowzee,default,inner-focus,せいしんりょく,"鍛えられた 精神に よって 相手の 攻撃に ひるまない。",1,3
hypno,default,insomnia,ふみん,"眠れない 体質 なので ねむり状態に ならない。",0,1
hypno,default,forewarn,よちむ,"登場 したとき 相手の 持つ 技を ひとつだけ 読み取る。",0,2
hypno,default,inner-focus,せいしんりょく,"鍛えられた 精神に よって 相手の 攻撃に ひるまない。",1,3
krabby,default,hyper-cutter,かいりきバサミ,"力自慢の ハサミを 持っているので 相手に 攻撃を 下げられない。",0,1
krabby,default,shell-armor,シェルアーマー,"硬い 殻に 守られ 相手の 攻撃が 急所に 当たらない。",0,2
krabby,default,sheer-force,ちからずく,"技の 追加効果は なくなるが そのぶん 高い 威力で 技を 出すことが できる。",1,3
kingler,default,hyper-cutter,かいりきバサミ,"力自慢の ハサミを 持っているので 相手に 攻撃を 下げられない。",0,1
kingler,default,shell-armor,シェルアーマー,"硬い 殻に 守られ 相手の 攻撃が 急所に 当たらない。",0,2
kingler,default,sheer-force,ちからずく,"技の 追加効果は なくなるが そのぶん 高い 威力で 技を 出すことが できる。",1,3
voltorb,default,soundproof,ぼうおん,"音を 遮断 することに よって 音の 攻撃を 受けない。",0,1
voltorb,default,static,せいでんき,"静電気を 体に まとい 触った 相手を まひさせる ことがある。",0,2
voltorb,default,aftermath,ゆうばく,"ひんしに なったとき 触った 相手に ダメージを あたえる。",1,3
voltorb,hisui,soundproof,ぼうおん,"音を 遮断 することに よって 音の 攻撃を 受けない。",0,1
voltorb,hisui,static,せいでんき,"静電気を 体に まとい 触った 相手を まひさせる ことがある。",0,2
voltorb,hisui,aftermath,ゆうばく,"ひんしに なったとき 触った 相手に ダメージを あたえる。",1,3
electrode,default,soundproof,ぼうおん,"音を 遮断 することに よって 音の 攻撃を 受けない。",0,1
electrode,default,static,せいでんき,"静電気を 体に まとい 触った 相手を まひさせる ことがある。",0,2
electrode,default,aftermath,ゆうばく,"ひんしに なったとき 触った 相手に ダメージを あたえる。",1,3
electrode,hisui,soundproof,ぼうおん,"音を 遮断 することに よって 音の 攻撃を 受けない。",0,1
electrode,hisui,static,せいでんき,"静電気を 体に まとい 触った 相手を まひさせる ことがある。",0,2
electrode,hisui,aftermath,ゆうばく,"ひんしに なったとき 触った 相手に ダメージを あたえる。",1,3
exeggcute,default,chlorophyll,ようりょくそ,"天気が 晴れのとき 素早さが 上がる。",0,1
exeggcute,default,harvest,しゅうかく,"使った きのみを 何回も 作りだす。",1,3
exeggutor,default,chlorophyll,ようりょくそ,"天気が 晴れのとき 素早さが 上がる。",0,1
exeggutor,default,harvest,しゅうかく,"使った きのみを 何回も 作りだす。",1,3
exeggutor,alola,frisk,おみとおし,"登場 したとき 相手の 持ち物を 見通すことが できる。",0,1
exeggutor,alola,harvest,しゅうかく,"使った きのみを 何回も 作りだす。",1,3
cubone,default,rock-head,いしあたま,"反動を 受ける 技を 出しても ＨＰが 減らない。",0,1
cubone,default,lightning-rod,ひらいしん,"でんきタイプの 技を 自分に 寄せつけ ダメージを 受けずに 特攻が 上がる。",0,2
cubone,default,battle-armor,カブトアーマー,"硬い 甲羅に 守られて 相手の 攻撃が 急所に 当たらない。",1,3
marowak,default,rock-head,いしあたま,"反動を 受ける 技を 出しても ＨＰが 減らない。",0,1
marowak,default,lightning-rod,ひらいしん,"でんきタイプの 技を 自分に 寄せつけ ダメージを 受けずに 特攻が 上がる。",0,2
marowak,default,battle-armor,カブトアーマー,"硬い 甲羅に 守られて 相手の 攻撃が 急所に 当たらない。",1,3
marowak,alola,cursed-body,のろわれボディ,"攻撃を 受けると 相手の 技を かなしばり状態に することが ある。",0,1
marowak,alola,lightning-rod,ひらいしん,"でんきタイプの 技を 自分に 寄せつけ ダメージを 受けずに 特攻が 上がる。",0,2
marowak,alola,rock-head,いしあたま,"反動を 受ける 技を 出しても ＨＰが 減らない。",1,3
hitmonlee,default,limber,じゅうなん,"柔軟な 体によって まひ状態に ならない。",0,1
hitmonlee,default,reckless,すてみ,"反動で ダメージを 受ける 技の 威力が 上がる。",0,2
hitmonlee,default,unburden,かるわざ,"持っていた 道具が なくなると 素早さが 上がる。",1,3
hitmonchan,default,keen-eye,するどいめ,"鋭い 目の おかげで 命中率を 下げられない。",0,1
hitmonchan,default,iron-fist,てつのこぶし,"パンチを 使う 技の 威力が 上がる。",0,2
hitmonchan,default,inner-focus,せいしんりょく,"鍛えられた 精神に よって 相手の 攻撃に ひるまない。",1,3
lickitung,default,own-tempo,マイペース,"マイペースなので こんらん状態に ならない。",0,1
lickitung,default,oblivious,どんかん,"鈍感なので メロメロや ちょうはつ状態に ならない。",0,2
lickitung,default,cloud-nine,ノーてんき,"あらゆる 天気の 影響が なくなって しまう。",1,3
koffing,default,levitate,ふゆう,"地面から 浮くことによって じめんタイプの 技を 受けない。",0,1
koffing,default,neutralizing-gas,かがくへんかガス,"かがくへんかガスの ポケモンが 場にいると すべての ポケモンの 特性の 効果が 消えたり 発動 しなくなる。",0,2
koffing,default,stench,あくしゅう,"臭い においを 放つことによって 攻撃した ときに 相手を ひるませることが ある。",1,3
weezing,default,levitate,ふゆう,"地面から 浮くことによって じめんタイプの 技を 受けない。",0,1
weezing,default,neutralizing-gas,かがくへんかガス,"かがくへんかガスの ポケモンが 場にいると すべての ポケモンの 特性の 効果が 消えたり 発動 しなくなる。",0,2
weezing,default,stench,あくしゅう,"臭い においを 放つことによって 攻撃した ときに 相手を ひるませることが ある。",1,3
weezing,galar,levitate,ふゆう,"地面から 浮くことによって じめんタイプの 技を 受けない。",0,1
weezing,galar,neutralizing-gas,かがくへんかガス,"かがくへんかガスの ポケモンが 場にいると すべての ポケモンの 特性の 効果が 消えたり 発動 しなくなる。",0,2
weezing,galar,misty-surge,ミストメイカー,"登場 したときに ミストフィールドを はりめぐらせる。",1,3
rhyhorn,default,lightning-rod,ひらいしん,"でんきタイプの 技を 自分に 寄せつけ ダメージを 受けずに 特攻が 上がる。",0,1
rhyhorn,default,rock-head,いしあたま,"反動を 受ける 技を 出しても ＨＰが 減らない。",0,2
rhyhorn,default,reckless,すてみ,"反動で ダメージを 受ける 技の 威力が 上がる。",1,3
rhydon,default,lightning-rod,ひらいしん,"でんきタイプの 技を 自分に 寄せつけ ダメージを 受けずに 特攻が 上がる。",0,1
rhydon,default,rock-head,いしあたま,"反動を 受ける 技を 出しても ＨＰが 減らない。",0,2
rhydon,default,reckless,すてみ,"反動で ダメージを 受ける 技の 威力が 上がる。",1,3
chansey,default,natural-cure,しぜんかいふく,"手持ちに ひっこむと 状態異常が 治る。",0,1
chansey,default,serene-grace,てんのめぐみ,"天の恵みの おかげで 技の 追加効果が でやすい。",0,2
chansey,default,healer,いやしのこころ,"状態異常の 味方を たまに 治してあげる。",1,3
tangela,default,chlorophyll,ようりょくそ,"天気が 晴れのとき 素早さが 上がる。",0,1
tangela,default,leaf-guard,リーフガード,"天気が 晴れのときは 状態異常に ならない。",0,2
tangela,default,regenerator,さいせいりょく,"手持ちに 引っ込むと ＨＰが 少し 回復する。",1,3
kangaskhan,default,early-bird,はやおき,"ねむり状態に なっても ２倍の 早さで 目覚める ことが できる。",0,1
kangaskhan,default,scrappy,きもったま,"ゴーストタイプの ポケモンに ノーマルタイプと かくとうタイプの 技を 当てることが できる。",0,2
kangaskhan,default,inner-focus,せいしんりょく,"鍛えられた 精神に よって 相手の 攻撃に ひるまない。",1,3
kangaskhan,mega,parental-bond,おやこあい,"親子 ２匹で ２回 攻撃することが できる。",0,1
horsea,default,swift-swim,すいすい,"天気が 雨のとき 素早さが 上がる。",0,1
horsea,default,sniper,スナイパー,"攻撃を 急所に 当てると 威力が さらに 上がる。",0,2
horsea,default,damp,しめりけ,"あたりを 湿らせることに よって じばく などの 爆発する 技を だれも 使えなくなる。",1,3
seadra,default,poison-point,どくのトゲ,"自分に 触った 相手を どく状態に することがある。",0,1
seadra,default,sniper,スナイパー,"攻撃を 急所に 当てると 威力が さらに 上がる。",0,2
seadra,default,damp,しめりけ,"あたりを 湿らせることに よって じばく などの 爆発する 技を だれも 使えなくなる。",1,3
goldeen,default,swift-swim,すいすい,"天気が 雨のとき 素早さが 上がる。",0,1
goldeen,default,water-veil,みずのベール,"水のベールを 身にまとい やけど状態に ならない。",0,2
goldeen,default,lightning-rod,ひらいしん,"でんきタイプの 技を 自分に 寄せつけ ダメージを 受けずに 特攻が 上がる。",1,3
seaking,default,swift-swim,すいすい,"天気が 雨のとき 素早さが 上がる。",0,1
seaking,default,water-veil,みずのベール,"水のベールを 身にまとい やけど状態に ならない。",0,2
seaking,default,lightning-rod,ひらいしん,"でんきタイプの 技を 自分に 寄せつけ ダメージを 受けずに 特攻が 上がる。",1,3
staryu,default,illuminate,はっこう,"あたりを 明るくする ことで 野生の ポケモンに 遭遇 しやすくなる。",0,1
staryu,default,natural-cure,しぜんかいふく,"手持ちに ひっこむと 状態異常が 治る。",0,2
staryu,default,analytic,アナライズ,"いちばん 最後に 技を 出すと 技の 威力が 上がる。",1,3
starmie,default,illuminate,はっこう,"あたりを 明るくする ことで 野生の ポケモンに 遭遇 しやすくなる。",0,1
starmie,default,natural-cure,しぜんかいふく,"手持ちに ひっこむと 状態異常が 治る。",0,2
starmie,default,analytic,アナライズ,"いちばん 最後に 技を 出すと 技の 威力が 上がる。",1,3
starmie,mega,huge-power,ちからもち,"物理攻撃の 威力が ２倍になる。",0,1
mr-mime,default,soundproof,ぼうおん,"音を 遮断 することに よって 音の 攻撃を 受けない。",0,1
mr-mime,default,filter,フィルター,"効果バツグンに なってしまう 攻撃の 威力を 弱める ことが できる。",0,2
mr-mime,default,technician,テクニシャン,"威力が 低い 技の 威力を 高くして 攻撃できる。",1,3
mr-mime,galar,vital-spirit,やるき,"やる気を だすことに よって ねむり状態に ならない。",0,1
mr-mime,galar,screen-cleaner,バリアフリー,"登場 したときに 敵と 味方の ひかりのかべ リフレクター オーロラベールの 効果が 消える。",0,2
mr-mime,galar,ice-body,アイスボディ,"天気が あられのとき ＨＰを 少しずつ 回復 する。",1,3
scyther,default,swarm,むしのしらせ,"ＨＰが 減ったとき むしタイプの 技の 威力が 上がる。",0,1
scyther,default,technician,テクニシャン,"威力が 低い 技の 威力を 高くして 攻撃できる。",0,2
scyther,default,steadfast,ふくつのこころ,"ひるむ たびに 不屈の心を 燃やして 素早さが 上がる。",1,3
jynx,default,oblivious,どんかん,"鈍感なので メロメロや ちょうはつ状態に ならない。",0,1
jynx,default,forewarn,よちむ,"登場 したとき 相手の 持つ 技を ひとつだけ 読み取る。",0,2
jynx,default,dry-skin,かんそうはだ,"天気が 雨の時や みずタイプの 技で ＨＰが 回復し はれの時や ほのおタイプの 技で 減ってしまう。",1,3
electabuzz,default,static,せいでんき,"静電気を 体に まとい 触った 相手を まひさせる ことがある。",0,1
electabuzz,default,vital-spirit,やるき,"やる気を だすことに よって ねむり状態に ならない。",1,3
magmar,default,flame-body,ほのおのからだ,"自分に 触った 相手を やけど状態に する ことがある。",0,1
magmar,default,vital-spirit,やるき,"やる気を だすことに よって ねむり状態に ならない。",1,3
pinsir,default,hyper-cutter,かいりきバサミ,"力自慢の ハサミを 持っているので 相手に 攻撃を 下げられない。",0,1
pinsir,default,mold-breaker,かたやぶり,"相手の 特性に ジャマされる ことなく 相手に 技を 出すことが できる。",0,2
pinsir,default,moxie,じしんかじょう,"相手を 倒すと 自信が ついて 攻撃が 上がる。",1,3
pinsir,mega,aerilate,スカイスキン,"ノーマルタイプの 技が ひこうタイプになる。 威力が 少し 上がる。",0,1
tauros,default,intimidate,いかく,"登場 したとき 威嚇して 相手を 萎縮させ 相手の 攻撃を 下げて しまう。",0,1
tauros,default,anger-point,いかりのつぼ,"急所に 攻撃が 当たると 怒りくるって 攻撃力が 最大に なる。",0,2
tauros,default,sheer-force,ちからずく,"技の 追加効果は なくなるが そのぶん 高い 威力で 技を 出すことが できる。",1,3
tauros,paldea-combat-breed,intimidate,いかく,"登場 したとき 威嚇して 相手を 萎縮させ 相手の 攻撃を 下げて しまう。",0,1
tauros,paldea-combat-breed,anger-point,いかりのつぼ,"急所に 攻撃が 当たると 怒りくるって 攻撃力が 最大に なる。",0,2
tauros,paldea-combat-breed,cud-chew,はんすう,"きのみを 食べると 次のターンの 終わりに 胃から 出して もう1回だけ 食べる。",1,3
tauros,paldea-blaze-breed,intimidate,いかく,"登場 したとき 威嚇して 相手を 萎縮させ 相手の 攻撃を 下げて しまう。",0,1
tauros,paldea-blaze-breed,anger-point,いかりのつぼ,"急所に 攻撃が 当たると 怒りくるって 攻撃力が 最大に なる。",0,2
tauros,paldea-blaze-breed,cud-chew,はんすう,"きのみを 食べると 次のターンの 終わりに 胃から 出して もう1回だけ 食べる。",1,3
tauros,paldea-aqua-breed,intimidate,いかく,"登場 したとき 威嚇して 相手を 萎縮させ 相手の 攻撃を 下げて しまう。",0,1
tauros,paldea-aqua-breed,anger-point,いかりのつぼ,"急所に 攻撃が 当たると 怒りくるって 攻撃力が 最大に なる。",0,2
tauros,paldea-aqua-breed,cud-chew,はんすう,"きのみを 食べると 次のターンの 終わりに 胃から 出して もう1回だけ 食べる。",1,3
magikarp,default,swift-swim,すいすい,"天気が 雨のとき 素早さが 上がる。",0,1
magikarp,default,rattled,びびり,"あくタイプと ゴーストタイプと むしタイプの 技を 受けると びびって 素早さが 上がる。",1,3
gyarados,default,intimidate,いかく,"登場 したとき 威嚇して 相手を 萎縮させ 相手の 攻撃を 下げて しまう。",0,1
gyarados,default,moxie,じしんかじょう,"相手を 倒すと 自信が ついて 攻撃が 上がる。",1,3
gyarados,mega,mold-breaker,かたやぶり,"相手の 特性に ジャマされる ことなく 相手に 技を 出すことが できる。",0,1
lapras,default,water-absorb,ちょすい,"みずタイプの 技を 受けると ダメージを 受けずに 回復する。",0,1
lapras,default,shell-armor,シェルアーマー,"硬い 殻に 守られ 相手の 攻撃が 急所に 当たらない。",0,2
lapras,default,hydration,うるおいボディ,"天気が 雨のとき 状態異常が 治る。",1,3
ditto,default,limber,じゅうなん,"柔軟な 体によって まひ状態に ならない。",0,1
ditto,default,imposter,かわりもの,"目の前の ポケモンに 変身 してしまう。",1,3
eevee,default,run-away,にげあし,"野生の ポケモンから 必ず 逃げられる。",0,1
eevee,default,adaptability,てきおうりょく,"自分と おなじ タイプの 技の 威力が 上がる。",0,2
eevee,default,anticipation,きけんよち,"相手の 持つ 危険な 技を 察知する ことができる。",1,3
vaporeon,default,water-absorb,ちょすい,"みずタイプの 技を 受けると ダメージを 受けずに 回復する。",0,1
vaporeon,default,hydration,うるおいボディ,"天気が 雨のとき 状態異常が 治る。",1,3
jolteon,default,volt-absorb,ちくでん,"でんきタイプの 技を 受けると ダメージを 受けずに 回復する。",0,1
jolteon,default,quick-feet,はやあし,"状態異常に なると 素早さが 上がる。",1,3
flareon,default,flash-fire,もらいび,"ほのおタイプの 技を 受けると 炎を もらい 自分が 出す ほのおタイプの 技が 強くなる。",0,1
flareon,default,guts,こんじょう,"状態異常に なると 根性を だして 攻撃が 上がる。",1,3
porygon,default,trace,トレース,"登場 したとき 相手の 特性を トレースして 同じ 特性に なる。",0,1
porygon,default,download,ダウンロード,"相手の 防御と 特防を くらべて 低い ほうの 能力に あわせて 自分の 攻撃か 特攻を 上げる。",0,2
porygon,default,analytic,アナライズ,"いちばん 最後に 技を 出すと 技の 威力が 上がる。",1,3
omanyte,default,swift-swim,すいすい,"天気が 雨のとき 素早さが 上がる。",0,1
omanyte,default,shell-armor,シェルアーマー,"硬い 殻に 守られ 相手の 攻撃が 急所に 当たらない。",0,2
omanyte,default,weak-armor,くだけるよろい,"物理技で ダメージを 受けると 防御が 下がり 素早さが ぐーんと 上がる。",1,3
omastar,default,swift-swim,すいすい,"天気が 雨のとき 素早さが 上がる。",0,1
omastar,default,shell-armor,シェルアーマー,"硬い 殻に 守られ 相手の 攻撃が 急所に 当たらない。",0,2
omastar,default,weak-armor,くだけるよろい,"物理技で ダメージを 受けると 防御が 下がり 素早さが ぐーんと 上がる。",1,3
kabuto,default,swift-swim,すいすい,"天気が 雨のとき 素早さが 上がる。",0,1
kabuto,default,battle-armor,カブトアーマー,"硬い 甲羅に 守られて 相手の 攻撃が 急所に 当たらない。",0,2
kabuto,default,weak-armor,くだけるよろい,"物理技で ダメージを 受けると 防御が 下がり 素早さが ぐーんと 上がる。",1,3
kabutops,default,swift-swim,すいすい,"天気が 雨のとき 素早さが 上がる。",0,1
kabutops,default,battle-armor,カブトアーマー,"硬い 甲羅に 守られて 相手の 攻撃が 急所に 当たらない。",0,2
kabutops,default,weak-armor,くだけるよろい,"物理技で ダメージを 受けると 防御が 下がり 素早さが ぐーんと 上がる。",1,3
aerodactyl,default,rock-head,いしあたま,"反動を 受ける 技を 出しても ＨＰが 減らない。",0,1
aerodactyl,default,pressure,プレッシャー,"プレッシャーを あたえて 相手の 使う 技の ＰＰを 多く 減らす。",0,2
aerodactyl,default,unnerve,きんちょうかん,"相手を 緊張させて きのみを 食べられなく させる。",1,3
aerodactyl,mega,tough-claws,かたいツメ,"相手に 接触する 技の 威力が 高くなる。",0,1
snorlax,default,immunity,めんえき,"体内に 免疫を 持っているため どく状態に ならない。",0,1
snorlax,default,thick-fat,あついしぼう,"厚い 脂肪で 守られているので ほのおタイプと こおりタイプの 技の ダメージを 半減させる。",0,2
snorlax,default,gluttony,くいしんぼう,"ＨＰが 少なくなったら 食べる きのみを ＨＰ 半分の 時に 食べてしまう。",1,3
articuno,default,pressure,プレッシャー,"プレッシャーを あたえて 相手の 使う 技の ＰＰを 多く 減らす。",0,1
articuno,default,snow-cloak,ゆきがくれ,"天気が あられのとき 回避率が 上がる。",1,3
articuno,galar,competitive,かちき,"能力を 下げられると 特攻が ぐーんと 上がる。",0,1
zapdos,default,pressure,プレッシャー,"プレッシャーを あたえて 相手の 使う 技の ＰＰを 多く 減らす。",0,1
zapdos,default,static,せいでんき,"静電気を 体に まとい 触った 相手を まひさせる ことがある。",1,3
zapdos,galar,defiant,まけんき,"能力を 下げられると 攻撃が ぐーんと 上がる。",0,1
moltres,default,pressure,プレッシャー,"プレッシャーを あたえて 相手の 使う 技の ＰＰを 多く 減らす。",0,1
moltres,default,flame-body,ほのおのからだ,"自分に 触った 相手を やけど状態に する ことがある。",1,3
moltres,galar,berserk,ぎゃくじょう,"相手の 攻撃で ＨＰが 半分に なると 特攻が 上がる。",0,1
dratini,default,shed-skin,だっぴ,"体の 皮を 脱ぎ捨てることで 状態異常を 治すことが ある。",0,1
dratini,default,marvel-scale,ふしぎなうろこ,"状態異常に なると 不思議なウロコが 反応して 防御が 上がる。",1,3
dragonair,default,shed-skin,だっぴ,"体の 皮を 脱ぎ捨てることで 状態異常を 治すことが ある。",0,1
dragonair,default,marvel-scale,ふしぎなうろこ,"状態異常に なると 不思議なウロコが 反応して 防御が 上がる。",1,3
dragonite,default,inner-focus,せいしんりょく,"鍛えられた 精神に よって 相手の 攻撃に ひるまない。",0,1
dragonite,default,multiscale,マルチスケイル,"ＨＰが 満タンの ときに 受ける ダメージが 少なくなる。",1,3
dragonite,mega,multiscale,マルチスケイル,"ＨＰが 満タンの ときに 受ける ダメージが 少なくなる。",0,1
mewtwo,default,pressure,プレッシャー,"プレッシャーを あたえて 相手の 使う 技の ＰＰを 多く 減らす。",0,1
mewtwo,default,unnerve,きんちょうかん,"相手を 緊張させて きのみを 食べられなく させる。",1,3
mewtwo,mega-x,steadfast,ふくつのこころ,"ひるむ たびに 不屈の心を 燃やして 素早さが 上がる。",0,1
mewtwo,mega-y,insomnia,ふみん,"眠れない 体質 なので ねむり状態に ならない。",0,1
mew,default,synchronize,シンクロ,"自分が なってしまった どくや まひや やけどを 相手に うつす。",0,1
chikorita,default,overgrow,しんりょく,"ＨＰが 減ったとき くさタイプの 技の 威力が 上がる。",0,1
chikorita,default,leaf-guard,リーフガード,"天気が 晴れのときは 状態異常に ならない。",1,3
bayleef,default,overgrow,しんりょく,"ＨＰが 減ったとき くさタイプの 技の 威力が 上がる。",0,1
bayleef,default,leaf-guard,リーフガード,"天気が 晴れのときは 状態異常に ならない。",1,3
meganium,default,overgrow,しんりょく,"ＨＰが 減ったとき くさタイプの 技の 威力が 上がる。",0,1
meganium,default,leaf-guard,リーフガード,"天気が 晴れのときは 状態異常に ならない。",1,3
meganium,mega,mega-sol,メガソーラー,"天気が にほんばれ状態でなくても にほんばれ状態として 技を使うことができる。",0,1
cyndaquil,default,blaze,もうか,"ＨＰが 減ったとき ほのおタイプの 技の 威力が 上がる。",0,1
cyndaquil,default,flash-fire,もらいび,"ほのおタイプの 技を 受けると 炎を もらい 自分が 出す ほのおタイプの 技が 強くなる。",1,3
quilava,default,blaze,もうか,"ＨＰが 減ったとき ほのおタイプの 技の 威力が 上がる。",0,1
quilava,default,flash-fire,もらいび,"ほのおタイプの 技を 受けると 炎を もらい 自分が 出す ほのおタイプの 技が 強くなる。",1,3
typhlosion,default,blaze,もうか,"ＨＰが 減ったとき ほのおタイプの 技の 威力が 上がる。",0,1
typhlosion,default,flash-fire,もらいび,"ほのおタイプの 技を 受けると 炎を もらい 自分が 出す ほのおタイプの 技が 強くなる。",1,3
typhlosion,hisui,blaze,もうか,"ＨＰが 減ったとき ほのおタイプの 技の 威力が 上がる。",0,1
typhlosion,hisui,frisk,おみとおし,"登場 したとき 相手の 持ち物を 見通すことが できる。",1,3
totodile,default,torrent,げきりゅう,"ＨＰが 減ったとき みずタイプの 技の 威力が 上がる。",0,1
totodile,default,sheer-force,ちからずく,"技の 追加効果は なくなるが そのぶん 高い 威力で 技を 出すことが できる。",1,3
croconaw,default,torrent,げきりゅう,"ＨＰが 減ったとき みずタイプの 技の 威力が 上がる。",0,1
croconaw,default,sheer-force,ちからずく,"技の 追加効果は なくなるが そのぶん 高い 威力で 技を 出すことが できる。",1,3
feraligatr,default,torrent,げきりゅう,"ＨＰが 減ったとき みずタイプの 技の 威力が 上がる。",0,1
feraligatr,default,sheer-force,ちからずく,"技の 追加効果は なくなるが そのぶん 高い 威力で 技を 出すことが できる。",1,3
feraligatr,mega,dragonize,ドラゴンスキン,"ノーマルタイプの技がドラゴンタイプになり 威力が1.2倍になる。",0,1
sentret,default,run-away,にげあし,"野生の ポケモンから 必ず 逃げられる。",0,1
sentret,default,keen-eye,するどいめ,"鋭い 目の おかげで 命中率を 下げられない。",0,2
sentret,default,frisk,おみとおし,"登場 したとき 相手の 持ち物を 見通すことが できる。",1,3
furret,default,run-away,にげあし,"野生の ポケモンから 必ず 逃げられる。",0,1
furret,default,keen-eye,するどいめ,"鋭い 目の おかげで 命中率を 下げられない。",0,2
furret,default,frisk,おみとおし,"登場 したとき 相手の 持ち物を 見通すことが できる。",1,3
hoothoot,default,insomnia,ふみん,"眠れない 体質 なので ねむり状態に ならない。",0,1
hoothoot,default,keen-eye,するどいめ,"鋭い 目の おかげで 命中率を 下げられない。",0,2
hoothoot,default,tinted-lens,いろめがね,"効果が いまひとつの 技を 通常の 威力で 出すことが できる。",1,3
noctowl,default,insomnia,ふみん,"眠れない 体質 なので ねむり状態に ならない。",0,1
noctowl,default,keen-eye,するどいめ,"鋭い 目の おかげで 命中率を 下げられない。",0,2
noctowl,default,tinted-lens,いろめがね,"効果が いまひとつの 技を 通常の 威力で 出すことが できる。",1,3
ledyba,default,swarm,むしのしらせ,"ＨＰが 減ったとき むしタイプの 技の 威力が 上がる。",0,1
ledyba,default,early-bird,はやおき,"ねむり状態に なっても ２倍の 早さで 目覚める ことが できる。",0,2
ledyba,default,rattled,びびり,"あくタイプと ゴーストタイプと むしタイプの 技を 受けると びびって 素早さが 上がる。",1,3
ledian,default,swarm,むしのしらせ,"ＨＰが 減ったとき むしタイプの 技の 威力が 上がる。",0,1
ledian,default,early-bird,はやおき,"ねむり状態に なっても ２倍の 早さで 目覚める ことが できる。",0,2
ledian,default,iron-fist,てつのこぶし,"パンチを 使う 技の 威力が 上がる。",1,3
spinarak,default,swarm,むしのしらせ,"ＨＰが 減ったとき むしタイプの 技の 威力が 上がる。",0,1
spinarak,default,insomnia,ふみん,"眠れない 体質 なので ねむり状態に ならない。",0,2
spinarak,default,sniper,スナイパー,"攻撃を 急所に 当てると 威力が さらに 上がる。",1,3
ariados,default,swarm,むしのしらせ,"ＨＰが 減ったとき むしタイプの 技の 威力が 上がる。",0,1
ariados,default,insomnia,ふみん,"眠れない 体質 なので ねむり状態に ならない。",0,2
ariados,default,sniper,スナイパー,"攻撃を 急所に 当てると 威力が さらに 上がる。",1,3
crobat,default,inner-focus,せいしんりょく,"鍛えられた 精神に よって 相手の 攻撃に ひるまない。",0,1
crobat,default,infiltrator,すりぬけ,"相手の 壁や 身代わりを すりぬけて 攻撃 できる",1,3
chinchou,default,volt-absorb,ちくでん,"でんきタイプの 技を 受けると ダメージを 受けずに 回復する。",0,1
chinchou,default,illuminate,はっこう,"あたりを 明るくする ことで 野生の ポケモンに 遭遇 しやすくなる。",0,2
chinchou,default,water-absorb,ちょすい,"みずタイプの 技を 受けると ダメージを 受けずに 回復する。",1,3
lanturn,default,volt-absorb,ちくでん,"でんきタイプの 技を 受けると ダメージを 受けずに 回復する。",0,1
lanturn,default,illuminate,はっこう,"あたりを 明るくする ことで 野生の ポケモンに 遭遇 しやすくなる。",0,2
lanturn,default,water-absorb,ちょすい,"みずタイプの 技を 受けると ダメージを 受けずに 回復する。",1,3
pichu,default,static,せいでんき,"静電気を 体に まとい 触った 相手を まひさせる ことがある。",0,1
pichu,default,lightning-rod,ひらいしん,"でんきタイプの 技を 自分に 寄せつけ ダメージを 受けずに 特攻が 上がる。",1,3
cleffa,default,cute-charm,メロメロボディ,"自分に 触った 相手を メロメロに することが ある。",0,1
cleffa,default,magic-guard,マジックガード,"攻撃 以外では ダメージを 受けない。",0,2
cleffa,default,friend-guard,フレンドガード,"味方の ダメージを 減らすことが できる。",1,3
igglybuff,default,cute-charm,メロメロボディ,"自分に 触った 相手を メロメロに することが ある。",0,1
igglybuff,default,competitive,かちき,"能力を 下げられると 特攻が ぐーんと 上がる。",0,2
igglybuff,default,friend-guard,フレンドガード,"味方の ダメージを 減らすことが できる。",1,3
togepi,default,hustle,はりきり,"自分の 攻撃が 高くなるが 命中率が 下がる。",0,1
togepi,default,serene-grace,てんのめぐみ,"天の恵みの おかげで 技の 追加効果が でやすい。",0,2
togepi,default,super-luck,きょううん,"強運を 持っているため 相手の 急所に 攻撃が 当たりやすい。",1,3
togetic,default,hustle,はりきり,"自分の 攻撃が 高くなるが 命中率が 下がる。",0,1
togetic,default,serene-grace,てんのめぐみ,"天の恵みの おかげで 技の 追加効果が でやすい。",0,2
togetic,default,super-luck,きょううん,"強運を 持っているため 相手の 急所に 攻撃が 当たりやすい。",1,3
natu,default,synchronize,シンクロ,"自分が なってしまった どくや まひや やけどを 相手に うつす。",0,1
natu,default,early-bird,はやおき,"ねむり状態に なっても ２倍の 早さで 目覚める ことが できる。",0,2
natu,default,magic-bounce,マジックミラー,"相手に だされた 変化技を 受けずに そのまま 返す ことが できる。",1,3
xatu,default,synchronize,シンクロ,"自分が なってしまった どくや まひや やけどを 相手に うつす。",0,1
xatu,default,early-bird,はやおき,"ねむり状態に なっても ２倍の 早さで 目覚める ことが できる。",0,2
xatu,default,magic-bounce,マジックミラー,"相手に だされた 変化技を 受けずに そのまま 返す ことが できる。",1,3
mareep,default,static,せいでんき,"静電気を 体に まとい 触った 相手を まひさせる ことがある。",0,1
mareep,default,plus,プラス,"プラスか マイナスの 特性を 持つ ポケモンが 仲間に いると 自分の 特攻が 上がる。",1,3
flaaffy,default,static,せいでんき,"静電気を 体に まとい 触った 相手を まひさせる ことがある。",0,1
flaaffy,default,plus,プラス,"プラスか マイナスの 特性を 持つ ポケモンが 仲間に いると 自分の 特攻が 上がる。",1,3
ampharos,default,static,せいでんき,"静電気を 体に まとい 触った 相手を まひさせる ことがある。",0,1
ampharos,default,plus,プラス,"プラスか マイナスの 特性を 持つ ポケモンが 仲間に いると 自分の 特攻が 上がる。",1,3
ampharos,mega,mold-breaker,かたやぶり,"相手の 特性に ジャマされる ことなく 相手に 技を 出すことが できる。",0,1
bellossom,default,chlorophyll,ようりょくそ,"天気が 晴れのとき 素早さが 上がる。",0,1
bellossom,default,healer,いやしのこころ,"状態異常の 味方を たまに 治してあげる。",1,3
marill,default,thick-fat,あついしぼう,"厚い 脂肪で 守られているので ほのおタイプと こおりタイプの 技の ダメージを 半減させる。",0,1
marill,default,huge-power,ちからもち,"物理攻撃の 威力が ２倍になる。",0,2
marill,default,sap-sipper,そうしょく,"くさタイプの 技を 受けると ダメージを 受けずに 攻撃が 上がる。",1,3
azumarill,default,thick-fat,あついしぼう,"厚い 脂肪で 守られているので ほのおタイプと こおりタイプの 技の ダメージを 半減させる。",0,1
azumarill,default,huge-power,ちからもち,"物理攻撃の 威力が ２倍になる。",0,2
azumarill,default,sap-sipper,そうしょく,"くさタイプの 技を 受けると ダメージを 受けずに 攻撃が 上がる。",1,3
sudowoodo,default,sturdy,がんじょう,"相手の 技を 受けても 一撃で 倒されることが ない。 一撃必殺技も 効かない。",0,1
sudowoodo,default,rock-head,いしあたま,"反動を 受ける 技を 出しても ＨＰが 減らない。",0,2
sudowoodo,default,rattled,びびり,"あくタイプと ゴーストタイプと むしタイプの 技を 受けると びびって 素早さが 上がる。",1,3
politoed,default,water-absorb,ちょすい,"みずタイプの 技を 受けると ダメージを 受けずに 回復する。",0,1
politoed,default,damp,しめりけ,"あたりを 湿らせることに よって じばく などの 爆発する 技を だれも 使えなくなる。",0,2
politoed,default,drizzle,あめふらし,"登場 したときに 天気を 雨に する。",1,3
hoppip,default,chlorophyll,ようりょくそ,"天気が 晴れのとき 素早さが 上がる。",0,1
hoppip,default,leaf-guard,リーフガード,"天気が 晴れのときは 状態異常に ならない。",0,2
hoppip,default,infiltrator,すりぬけ,"相手の 壁や 身代わりを すりぬけて 攻撃 できる",1,3
skiploom,default,chlorophyll,ようりょくそ,"天気が 晴れのとき 素早さが 上がる。",0,1
skiploom,default,leaf-guard,リーフガード,"天気が 晴れのときは 状態異常に ならない。",0,2
skiploom,default,infiltrator,すりぬけ,"相手の 壁や 身代わりを すりぬけて 攻撃 できる",1,3
jumpluff,default,chlorophyll,ようりょくそ,"天気が 晴れのとき 素早さが 上がる。",0,1
jumpluff,default,leaf-guard,リーフガード,"天気が 晴れのときは 状態異常に ならない。",0,2
jumpluff,default,infiltrator,すりぬけ,"相手の 壁や 身代わりを すりぬけて 攻撃 できる",1,3
aipom,default,run-away,にげあし,"野生の ポケモンから 必ず 逃げられる。",0,1
aipom,default,pickup,ものひろい,"相手の 使った 道具を 拾ってくることが ある。 冒険中も 拾ってくる。",0,2
aipom,default,skill-link,スキルリンク,"連続技を 使うと いつも 最高回数 出すことが できる。",1,3
sunkern,default,chlorophyll,ようりょくそ,"天気が 晴れのとき 素早さが 上がる。",0,1
sunkern,default,solar-power,サンパワー,"天気が 晴れると 特攻が 上がるが 毎ターン ＨＰが 減る。",0,2
sunkern,default,early-bird,はやおき,"ねむり状態に なっても ２倍の 早さで 目覚める ことが できる。",1,3
sunflora,default,chlorophyll,ようりょくそ,"天気が 晴れのとき 素早さが 上がる。",0,1
sunflora,default,solar-power,サンパワー,"天気が 晴れると 特攻が 上がるが 毎ターン ＨＰが 減る。",0,2
sunflora,default,early-bird,はやおき,"ねむり状態に なっても ２倍の 早さで 目覚める ことが できる。",1,3
yanma,default,speed-boost,かそく,"毎ターン 素早さが 上がる。",0,1
yanma,default,compound-eyes,ふくがん,"複眼を 持っているため 技の 命中率が 上がる。",0,2
yanma,default,frisk,おみとおし,"登場 したとき 相手の 持ち物を 見通すことが できる。",1,3
wooper,default,damp,しめりけ,"あたりを 湿らせることに よって じばく などの 爆発する 技を だれも 使えなくなる。",0,1
wooper,default,water-absorb,ちょすい,"みずタイプの 技を 受けると ダメージを 受けずに 回復する。",0,2
wooper,default,unaware,てんねん,"相手の 能力の 変化を 無視して 攻撃が できる。",1,3
wooper,paldea,poison-point,どくのトゲ,"自分に 触った 相手を どく状態に することがある。",0,1
wooper,paldea,water-absorb,ちょすい,"みずタイプの 技を 受けると ダメージを 受けずに 回復する。",0,2
wooper,paldea,unaware,てんねん,"相手の 能力の 変化を 無視して 攻撃が できる。",1,3
quagsire,default,damp,しめりけ,"あたりを 湿らせることに よって じばく などの 爆発する 技を だれも 使えなくなる。",0,1
quagsire,default,water-absorb,ちょすい,"みずタイプの 技を 受けると ダメージを 受けずに 回復する。",0,2
quagsire,default,unaware,てんねん,"相手の 能力の 変化を 無視して 攻撃が できる。",1,3
espeon,default,synchronize,シンクロ,"自分が なってしまった どくや まひや やけどを 相手に うつす。",0,1
espeon,default,magic-bounce,マジックミラー,"相手に だされた 変化技を 受けずに そのまま 返す ことが できる。",1,3
umbreon,default,synchronize,シンクロ,"自分が なってしまった どくや まひや やけどを 相手に うつす。",0,1
umbreon,default,inner-focus,せいしんりょく,"鍛えられた 精神に よって 相手の 攻撃に ひるまない。",1,3
murkrow,default,insomnia,ふみん,"眠れない 体質 なので ねむり状態に ならない。",0,1
murkrow,default,super-luck,きょううん,"強運を 持っているため 相手の 急所に 攻撃が 当たりやすい。",0,2
murkrow,default,prankster,いたずらごころ,"変化技を 先制で 出すことが できる。",1,3
slowking,default,oblivious,どんかん,"鈍感なので メロメロや ちょうはつ状態に ならない。",0,1
slowking,default,own-tempo,マイペース,"マイペースなので こんらん状態に ならない。",0,2
slowking,default,regenerator,さいせいりょく,"手持ちに 引っ込むと ＨＰが 少し 回復する。",1,3
slowking,galar,curious-medicine,きみょうなくすり,"登場 したときに 貝がらから 薬を 振りまいて 味方の 能力変化を 元に戻す。",0,1
slowking,galar,own-tempo,マイペース,"マイペースなので こんらん状態に ならない。",0,2
slowking,galar,regenerator,さいせいりょく,"手持ちに 引っ込むと ＨＰが 少し 回復する。",1,3
misdreavus,default,levitate,ふゆう,"地面から 浮くことによって じめんタイプの 技を 受けない。",0,1
unown,default,levitate,ふゆう,"地面から 浮くことによって じめんタイプの 技を 受けない。",0,1
wobbuffet,default,shadow-tag,かげふみ,"相手の 影を 踏み 逃げたり 交代 できなくする。",0,1
wobbuffet,default,telepathy,テレパシー,"味方の 攻撃を 読み取って 技を 回避する。",1,3
girafarig,default,inner-focus,せいしんりょく,"鍛えられた 精神に よって 相手の 攻撃に ひるまない。",0,1
girafarig,default,early-bird,はやおき,"ねむり状態に なっても ２倍の 早さで 目覚める ことが できる。",0,2
girafarig,default,sap-sipper,そうしょく,"くさタイプの 技を 受けると ダメージを 受けずに 攻撃が 上がる。",1,3
pineco,default,sturdy,がんじょう,"相手の 技を 受けても 一撃で 倒されることが ない。 一撃必殺技も 効かない。",0,1
pineco,default,overcoat,ぼうじん,"すなあらしや あられなどの ダメージを 受けない。 粉の 技を 受けない。",1,3
forretress,default,sturdy,がんじょう,"相手の 技を 受けても 一撃で 倒されることが ない。 一撃必殺技も 効かない。",0,1
forretress,default,overcoat,ぼうじん,"すなあらしや あられなどの ダメージを 受けない。 粉の 技を 受けない。",1,3
dunsparce,default,serene-grace,てんのめぐみ,"天の恵みの おかげで 技の 追加効果が でやすい。",0,1
dunsparce,default,run-away,にげあし,"野生の ポケモンから 必ず 逃げられる。",0,2
dunsparce,default,rattled,びびり,"あくタイプと ゴーストタイプと むしタイプの 技を 受けると びびって 素早さが 上がる。",1,3
gligar,default,hyper-cutter,かいりきバサミ,"力自慢の ハサミを 持っているので 相手に 攻撃を 下げられない。",0,1
gligar,default,sand-veil,すながくれ,"砂あらしの とき 回避率が 上がる。",0,2
gligar,default,immunity,めんえき,"体内に 免疫を 持っているため どく状態に ならない。",1,3
steelix,default,rock-head,いしあたま,"反動を 受ける 技を 出しても ＨＰが 減らない。",0,1
steelix,default,sturdy,がんじょう,"相手の 技を 受けても 一撃で 倒されることが ない。 一撃必殺技も 効かない。",0,2
steelix,default,sheer-force,ちからずく,"技の 追加効果は なくなるが そのぶん 高い 威力で 技を 出すことが できる。",1,3
steelix,mega,sand-force,すなのちから,"天気が すなあらしの とき いわタイプと じめんタイプと はがねタイプの 威力が 上がる。",0,1
snubbull,default,intimidate,いかく,"登場 したとき 威嚇して 相手を 萎縮させ 相手の 攻撃を 下げて しまう。",0,1
snubbull,default,run-away,にげあし,"野生の ポケモンから 必ず 逃げられる。",0,2
snubbull,default,rattled,びびり,"あくタイプと ゴーストタイプと むしタイプの 技を 受けると びびって 素早さが 上がる。",1,3
granbull,default,intimidate,いかく,"登場 したとき 威嚇して 相手を 萎縮させ 相手の 攻撃を 下げて しまう。",0,1
granbull,default,quick-feet,はやあし,"状態異常に なると 素早さが 上がる。",0,2
granbull,default,rattled,びびり,"あくタイプと ゴーストタイプと むしタイプの 技を 受けると びびって 素早さが 上がる。",1,3
qwilfish,default,poison-point,どくのトゲ,"自分に 触った 相手を どく状態に することがある。",0,1
qwilfish,default,swift-swim,すいすい,"天気が 雨のとき 素早さが 上がる。",0,2
qwilfish,default,intimidate,いかく,"登場 したとき 威嚇して 相手を 萎縮させ 相手の 攻撃を 下げて しまう。",1,3
qwilfish,hisui,poison-point,どくのトゲ,"自分に 触った 相手を どく状態に することがある。",0,1
qwilfish,hisui,swift-swim,すいすい,"天気が 雨のとき 素早さが 上がる。",0,2
qwilfish,hisui,intimidate,いかく,"登場 したとき 威嚇して 相手を 萎縮させ 相手の 攻撃を 下げて しまう。",1,3
scizor,default,swarm,むしのしらせ,"ＨＰが 減ったとき むしタイプの 技の 威力が 上がる。",0,1
scizor,default,technician,テクニシャン,"威力が 低い 技の 威力を 高くして 攻撃できる。",0,2
scizor,default,light-metal,ライトメタル,"自分の 重さが 半分に なる。",1,3
scizor,mega,technician,テクニシャン,"威力が 低い 技の 威力を 高くして 攻撃できる。",0,1
shuckle,default,sturdy,がんじょう,"相手の 技を 受けても 一撃で 倒されることが ない。 一撃必殺技も 効かない。",0,1
shuckle,default,gluttony,くいしんぼう,"ＨＰが 少なくなったら 食べる きのみを ＨＰ 半分の 時に 食べてしまう。",0,2
shuckle,default,contrary,あまのじゃく,"能力の 変化が 逆転して 上がるときに 下がり 下がるときに 上がる。",1,3
heracross,default,swarm,むしのしらせ,"ＨＰが 減ったとき むしタイプの 技の 威力が 上がる。",0,1
heracross,default,guts,こんじょう,"状態異常に なると 根性を だして 攻撃が 上がる。",0,2
heracross,default,moxie,じしんかじょう,"相手を 倒すと 自信が ついて 攻撃が 上がる。",1,3
heracross,mega,skill-link,スキルリンク,"連続技を 使うと いつも 最高回数 出すことが できる。",0,1
sneasel,default,inner-focus,せいしんりょく,"鍛えられた 精神に よって 相手の 攻撃に ひるまない。",0,1
sneasel,default,keen-eye,するどいめ,"鋭い 目の おかげで 命中率を 下げられない。",0,2
sneasel,default,pickpocket,わるいてぐせ,"触られた 相手の 道具を 盗んで しまう。",1,3
sneasel,hisui,inner-focus,せいしんりょく,"鍛えられた 精神に よって 相手の 攻撃に ひるまない。",0,1
sneasel,hisui,keen-eye,するどいめ,"鋭い 目の おかげで 命中率を 下げられない。",0,2
sneasel,hisui,pickpocket,わるいてぐせ,"触られた 相手の 道具を 盗んで しまう。",1,3
teddiursa,default,pickup,ものひろい,"相手の 使った 道具を 拾ってくることが ある。 冒険中も 拾ってくる。",0,1
teddiursa,default,quick-feet,はやあし,"状態異常に なると 素早さが 上がる。",0,2
teddiursa,default,honey-gather,みつあつめ,"戦闘が 終わったとき あまいミツを 拾うことが ある。",1,3
ursaring,default,guts,こんじょう,"状態異常に なると 根性を だして 攻撃が 上がる。",0,1
ursaring,default,quick-feet,はやあし,"状態異常に なると 素早さが 上がる。",0,2
ursaring,default,unnerve,きんちょうかん,"相手を 緊張させて きのみを 食べられなく させる。",1,3
slugma,default,magma-armor,マグマのよろい,"熱い マグマを 身にまとい こおり状態に ならない。",0,1
slugma,default,flame-body,ほのおのからだ,"自分に 触った 相手を やけど状態に する ことがある。",0,2
slugma,default,weak-armor,くだけるよろい,"物理技で ダメージを 受けると 防御が 下がり 素早さが ぐーんと 上がる。",1,3
magcargo,default,magma-armor,マグマのよろい,"熱い マグマを 身にまとい こおり状態に ならない。",0,1
magcargo,default,flame-body,ほのおのからだ,"自分に 触った 相手を やけど状態に する ことがある。",0,2
magcargo,default,weak-armor,くだけるよろい,"物理技で ダメージを 受けると 防御が 下がり 素早さが ぐーんと 上がる。",1,3
swinub,default,oblivious,どんかん,"鈍感なので メロメロや ちょうはつ状態に ならない。",0,1
swinub,default,snow-cloak,ゆきがくれ,"天気が あられのとき 回避率が 上がる。",0,2
swinub,default,thick-fat,あついしぼう,"厚い 脂肪で 守られているので ほのおタイプと こおりタイプの 技の ダメージを 半減させる。",1,3
piloswine,default,oblivious,どんかん,"鈍感なので メロメロや ちょうはつ状態に ならない。",0,1
piloswine,default,snow-cloak,ゆきがくれ,"天気が あられのとき 回避率が 上がる。",0,2
piloswine,default,thick-fat,あついしぼう,"厚い 脂肪で 守られているので ほのおタイプと こおりタイプの 技の ダメージを 半減させる。",1,3
corsola,default,hustle,はりきり,"自分の 攻撃が 高くなるが 命中率が 下がる。",0,1
corsola,default,natural-cure,しぜんかいふく,"手持ちに ひっこむと 状態異常が 治る。",0,2
corsola,default,regenerator,さいせいりょく,"手持ちに 引っ込むと ＨＰが 少し 回復する。",1,3
corsola,galar,weak-armor,くだけるよろい,"物理技で ダメージを 受けると 防御が 下がり 素早さが ぐーんと 上がる。",0,1
corsola,galar,cursed-body,のろわれボディ,"攻撃を 受けると 相手の 技を かなしばり状態に することが ある。",1,3
remoraid,default,hustle,はりきり,"自分の 攻撃が 高くなるが 命中率が 下がる。",0,1
remoraid,default,sniper,スナイパー,"攻撃を 急所に 当てると 威力が さらに 上がる。",0,2
remoraid,default,moody,ムラっけ,"毎ターン 能力の どれかが ぐーんと 上がって どれかが 下がる。",1,3
octillery,default,suction-cups,きゅうばん,"吸盤で 地面に 張り付き ポケモンを 入れ替えさせる 技や 道具が 効かなくなる。",0,1
octillery,default,sniper,スナイパー,"攻撃を 急所に 当てると 威力が さらに 上がる。",0,2
octillery,default,moody,ムラっけ,"毎ターン 能力の どれかが ぐーんと 上がって どれかが 下がる。",1,3
delibird,default,vital-spirit,やるき,"やる気を だすことに よって ねむり状態に ならない。",0,1
delibird,default,hustle,はりきり,"自分の 攻撃が 高くなるが 命中率が 下がる。",0,2
delibird,default,insomnia,ふみん,"眠れない 体質 なので ねむり状態に ならない。",1,3
mantine,default,swift-swim,すいすい,"天気が 雨のとき 素早さが 上がる。",0,1
mantine,default,water-absorb,ちょすい,"みずタイプの 技を 受けると ダメージを 受けずに 回復する。",0,2
mantine,default,water-veil,みずのベール,"水のベールを 身にまとい やけど状態に ならない。",1,3
skarmory,default,keen-eye,するどいめ,"鋭い 目の おかげで 命中率を 下げられない。",0,1
skarmory,default,sturdy,がんじょう,"相手の 技を 受けても 一撃で 倒されることが ない。 一撃必殺技も 効かない。",0,2
skarmory,default,weak-armor,くだけるよろい,"物理技で ダメージを 受けると 防御が 下がり 素早さが ぐーんと 上がる。",1,3
skarmory,mega,stalwart,すじがねいり,"相手の 技を 引き受ける 特性や 技の 影響を 無視 できる。",0,1
houndour,default,early-bird,はやおき,"ねむり状態に なっても ２倍の 早さで 目覚める ことが できる。",0,1
houndour,default,flash-fire,もらいび,"ほのおタイプの 技を 受けると 炎を もらい 自分が 出す ほのおタイプの 技が 強くなる。",0,2
houndour,default,unnerve,きんちょうかん,"相手を 緊張させて きのみを 食べられなく させる。",1,3
houndoom,default,early-bird,はやおき,"ねむり状態に なっても ２倍の 早さで 目覚める ことが できる。",0,1
houndoom,default,flash-fire,もらいび,"ほのおタイプの 技を 受けると 炎を もらい 自分が 出す ほのおタイプの 技が 強くなる。",0,2
houndoom,default,unnerve,きんちょうかん,"相手を 緊張させて きのみを 食べられなく させる。",1,3
houndoom,mega,solar-power,サンパワー,"天気が 晴れると 特攻が 上がるが 毎ターン ＨＰが 減る。",0,1
kingdra,default,swift-swim,すいすい,"天気が 雨のとき 素早さが 上がる。",0,1
kingdra,default,sniper,スナイパー,"攻撃を 急所に 当てると 威力が さらに 上がる。",0,2
kingdra,default,damp,しめりけ,"あたりを 湿らせることに よって じばく などの 爆発する 技を だれも 使えなくなる。",1,3
phanpy,default,pickup,ものひろい,"相手の 使った 道具を 拾ってくることが ある。 冒険中も 拾ってくる。",0,1
phanpy,default,sand-veil,すながくれ,"砂あらしの とき 回避率が 上がる。",1,3
donphan,default,sturdy,がんじょう,"相手の 技を 受けても 一撃で 倒されることが ない。 一撃必殺技も 効かない。",0,1
donphan,default,sand-veil,すながくれ,"砂あらしの とき 回避率が 上がる。",1,3
porygon2,default,trace,トレース,"登場 したとき 相手の 特性を トレースして 同じ 特性に なる。",0,1
porygon2,default,download,ダウンロード,"相手の 防御と 特防を くらべて 低い ほうの 能力に あわせて 自分の 攻撃か 特攻を 上げる。",0,2
porygon2,default,analytic,アナライズ,"いちばん 最後に 技を 出すと 技の 威力が 上がる。",1,3
stantler,default,intimidate,いかく,"登場 したとき 威嚇して 相手を 萎縮させ 相手の 攻撃を 下げて しまう。",0,1
stantler,default,frisk,おみとおし,"登場 したとき 相手の 持ち物を 見通すことが できる。",0,2
stantler,default,sap-sipper,そうしょく,"くさタイプの 技を 受けると ダメージを 受けずに 攻撃が 上がる。",1,3
smeargle,default,own-tempo,マイペース,"マイペースなので こんらん状態に ならない。",0,1
smeargle,default,technician,テクニシャン,"威力が 低い 技の 威力を 高くして 攻撃できる。",0,2
smeargle,default,moody,ムラっけ,"毎ターン 能力の どれかが ぐーんと 上がって どれかが 下がる。",1,3
tyrogue,default,guts,こんじょう,"状態異常に なると 根性を だして 攻撃が 上がる。",0,1
tyrogue,default,steadfast,ふくつのこころ,"ひるむ たびに 不屈の心を 燃やして 素早さが 上がる。",0,2
tyrogue,default,vital-spirit,やるき,"やる気を だすことに よって ねむり状態に ならない。",1,3
hitmontop,default,intimidate,いかく,"登場 したとき 威嚇して 相手を 萎縮させ 相手の 攻撃を 下げて しまう。",0,1
hitmontop,default,technician,テクニシャン,"威力が 低い 技の 威力を 高くして 攻撃できる。",0,2
hitmontop,default,steadfast,ふくつのこころ,"ひるむ たびに 不屈の心を 燃やして 素早さが 上がる。",1,3
smoochum,default,oblivious,どんかん,"鈍感なので メロメロや ちょうはつ状態に ならない。",0,1
smoochum,default,forewarn,よちむ,"登場 したとき 相手の 持つ 技を ひとつだけ 読み取る。",0,2
smoochum,default,hydration,うるおいボディ,"天気が 雨のとき 状態異常が 治る。",1,3
elekid,default,static,せいでんき,"静電気を 体に まとい 触った 相手を まひさせる ことがある。",0,1
elekid,default,vital-spirit,やるき,"やる気を だすことに よって ねむり状態に ならない。",1,3
magby,default,flame-body,ほのおのからだ,"自分に 触った 相手を やけど状態に する ことがある。",0,1
magby,default,vital-spirit,やるき,"やる気を だすことに よって ねむり状態に ならない。",1,3
miltank,default,thick-fat,あついしぼう,"厚い 脂肪で 守られているので ほのおタイプと こおりタイプの 技の ダメージを 半減させる。",0,1
miltank,default,scrappy,きもったま,"ゴーストタイプの ポケモンに ノーマルタイプと かくとうタイプの 技を 当てることが できる。",0,2
miltank,default,sap-sipper,そうしょく,"くさタイプの 技を 受けると ダメージを 受けずに 攻撃が 上がる。",1,3
blissey,default,natural-cure,しぜんかいふく,"手持ちに ひっこむと 状態異常が 治る。",0,1
blissey,default,serene-grace,てんのめぐみ,"天の恵みの おかげで 技の 追加効果が でやすい。",0,2
blissey,default,healer,いやしのこころ,"状態異常の 味方を たまに 治してあげる。",1,3
raikou,default,pressure,プレッシャー,"プレッシャーを あたえて 相手の 使う 技の ＰＰを 多く 減らす。",0,1
raikou,default,inner-focus,せいしんりょく,"鍛えられた 精神に よって 相手の 攻撃に ひるまない。",1,3
entei,default,pressure,プレッシャー,"プレッシャーを あたえて 相手の 使う 技の ＰＰを 多く 減らす。",0,1
entei,default,inner-focus,せいしんりょく,"鍛えられた 精神に よって 相手の 攻撃に ひるまない。",1,3
suicune,default,pressure,プレッシャー,"プレッシャーを あたえて 相手の 使う 技の ＰＰを 多く 減らす。",0,1
suicune,default,inner-focus,せいしんりょく,"鍛えられた 精神に よって 相手の 攻撃に ひるまない。",1,3
larvitar,default,guts,こんじょう,"状態異常に なると 根性を だして 攻撃が 上がる。",0,1
larvitar,default,sand-veil,すながくれ,"砂あらしの とき 回避率が 上がる。",1,3
pupitar,default,shed-skin,だっぴ,"体の 皮を 脱ぎ捨てることで 状態異常を 治すことが ある。",0,1
tyranitar,default,sand-stream,すなおこし,"登場 したとき 天気を 砂あらしにする。",0,1
tyranitar,default,unnerve,きんちょうかん,"相手を 緊張させて きのみを 食べられなく させる。",1,3
tyranitar,mega,sand-stream,すなおこし,"登場 したとき 天気を 砂あらしにする。",0,1
lugia,default,pressure,プレッシャー,"プレッシャーを あたえて 相手の 使う 技の ＰＰを 多く 減らす。",0,1
lugia,default,multiscale,マルチスケイル,"ＨＰが 満タンの ときに 受ける ダメージが 少なくなる。",1,3
ho-oh,default,pressure,プレッシャー,"プレッシャーを あたえて 相手の 使う 技の ＰＰを 多く 減らす。",0,1
ho-oh,default,regenerator,さいせいりょく,"手持ちに 引っ込むと ＨＰが 少し 回復する。",1,3
celebi,default,natural-cure,しぜんかいふく,"手持ちに ひっこむと 状態異常が 治る。",0,1
treecko,default,overgrow,しんりょく,"ＨＰが 減ったとき くさタイプの 技の 威力が 上がる。",0,1
treecko,default,unburden,かるわざ,"持っていた 道具が なくなると 素早さが 上がる。",1,3
grovyle,default,overgrow,しんりょく,"ＨＰが 減ったとき くさタイプの 技の 威力が 上がる。",0,1
grovyle,default,unburden,かるわざ,"持っていた 道具が なくなると 素早さが 上がる。",1,3
sceptile,default,overgrow,しんりょく,"ＨＰが 減ったとき くさタイプの 技の 威力が 上がる。",0,1
sceptile,default,unburden,かるわざ,"持っていた 道具が なくなると 素早さが 上がる。",1,3
sceptile,mega,lightning-rod,ひらいしん,"でんきタイプの 技を 自分に 寄せつけ ダメージを 受けずに 特攻が 上がる。",0,1
torchic,default,blaze,もうか,"ＨＰが 減ったとき ほのおタイプの 技の 威力が 上がる。",0,1
torchic,default,speed-boost,かそく,"毎ターン 素早さが 上がる。",1,3
combusken,default,blaze,もうか,"ＨＰが 減ったとき ほのおタイプの 技の 威力が 上がる。",0,1
combusken,default,speed-boost,かそく,"毎ターン 素早さが 上がる。",1,3
blaziken,default,blaze,もうか,"ＨＰが 減ったとき ほのおタイプの 技の 威力が 上がる。",0,1
blaziken,default,speed-boost,かそく,"毎ターン 素早さが 上がる。",1,3
blaziken,mega,speed-boost,かそく,"毎ターン 素早さが 上がる。",0,1
mudkip,default,torrent,げきりゅう,"ＨＰが 減ったとき みずタイプの 技の 威力が 上がる。",0,1
mudkip,default,damp,しめりけ,"あたりを 湿らせることに よって じばく などの 爆発する 技を だれも 使えなくなる。",1,3
marshtomp,default,torrent,げきりゅう,"ＨＰが 減ったとき みずタイプの 技の 威力が 上がる。",0,1
marshtomp,default,damp,しめりけ,"あたりを 湿らせることに よって じばく などの 爆発する 技を だれも 使えなくなる。",1,3
swampert,default,torrent,げきりゅう,"ＨＰが 減ったとき みずタイプの 技の 威力が 上がる。",0,1
swampert,default,damp,しめりけ,"あたりを 湿らせることに よって じばく などの 爆発する 技を だれも 使えなくなる。",1,3
swampert,mega,swift-swim,すいすい,"天気が 雨のとき 素早さが 上がる。",0,1
poochyena,default,run-away,にげあし,"野生の ポケモンから 必ず 逃げられる。",0,1
poochyena,default,quick-feet,はやあし,"状態異常に なると 素早さが 上がる。",0,2
poochyena,default,rattled,びびり,"あくタイプと ゴーストタイプと むしタイプの 技を 受けると びびって 素早さが 上がる。",1,3
mightyena,default,intimidate,いかく,"登場 したとき 威嚇して 相手を 萎縮させ 相手の 攻撃を 下げて しまう。",0,1
mightyena,default,quick-feet,はやあし,"状態異常に なると 素早さが 上がる。",0,2
mightyena,default,moxie,じしんかじょう,"相手を 倒すと 自信が ついて 攻撃が 上がる。",1,3
zigzagoon,default,pickup,ものひろい,"相手の 使った 道具を 拾ってくることが ある。 冒険中も 拾ってくる。",0,1
zigzagoon,default,gluttony,くいしんぼう,"ＨＰが 少なくなったら 食べる きのみを ＨＰ 半分の 時に 食べてしまう。",0,2
zigzagoon,default,quick-feet,はやあし,"状態異常に なると 素早さが 上がる。",1,3
zigzagoon,galar,pickup,ものひろい,"相手の 使った 道具を 拾ってくることが ある。 冒険中も 拾ってくる。",0,1
zigzagoon,galar,gluttony,くいしんぼう,"ＨＰが 少なくなったら 食べる きのみを ＨＰ 半分の 時に 食べてしまう。",0,2
zigzagoon,galar,quick-feet,はやあし,"状態異常に なると 素早さが 上がる。",1,3
linoone,default,pickup,ものひろい,"相手の 使った 道具を 拾ってくることが ある。 冒険中も 拾ってくる。",0,1
linoone,default,gluttony,くいしんぼう,"ＨＰが 少なくなったら 食べる きのみを ＨＰ 半分の 時に 食べてしまう。",0,2
linoone,default,quick-feet,はやあし,"状態異常に なると 素早さが 上がる。",1,3
linoone,galar,pickup,ものひろい,"相手の 使った 道具を 拾ってくることが ある。 冒険中も 拾ってくる。",0,1
linoone,galar,gluttony,くいしんぼう,"ＨＰが 少なくなったら 食べる きのみを ＨＰ 半分の 時に 食べてしまう。",0,2
linoone,galar,quick-feet,はやあし,"状態異常に なると 素早さが 上がる。",1,3
wurmple,default,shield-dust,りんぷん,"りんぷんに 守られて 技の 追加効果を 受けなくなる。",0,1
wurmple,default,run-away,にげあし,"野生の ポケモンから 必ず 逃げられる。",1,3
silcoon,default,shed-skin,だっぴ,"体の 皮を 脱ぎ捨てることで 状態異常を 治すことが ある。",0,1
beautifly,default,swarm,むしのしらせ,"ＨＰが 減ったとき むしタイプの 技の 威力が 上がる。",0,1
beautifly,default,rivalry,とうそうしん,"性別が 同じだと 闘争心を 燃やして 強くなる。 性別が 違うと 弱くなる。",1,3
cascoon,default,shed-skin,だっぴ,"体の 皮を 脱ぎ捨てることで 状態異常を 治すことが ある。",0,1
dustox,default,shield-dust,りんぷん,"りんぷんに 守られて 技の 追加効果を 受けなくなる。",0,1
dustox,default,compound-eyes,ふくがん,"複眼を 持っているため 技の 命中率が 上がる。",1,3
lotad,default,swift-swim,すいすい,"天気が 雨のとき 素早さが 上がる。",0,1
lotad,default,rain-dish,あめうけざら,"天気が 雨のとき 少しずつ ＨＰを 回復する。",0,2
lotad,default,own-tempo,マイペース,"マイペースなので こんらん状態に ならない。",1,3
lombre,default,swift-swim,すいすい,"天気が 雨のとき 素早さが 上がる。",0,1
lombre,default,rain-dish,あめうけざら,"天気が 雨のとき 少しずつ ＨＰを 回復する。",0,2
lombre,default,own-tempo,マイペース,"マイペースなので こんらん状態に ならない。",1,3
ludicolo,default,swift-swim,すいすい,"天気が 雨のとき 素早さが 上がる。",0,1
ludicolo,default,rain-dish,あめうけざら,"天気が 雨のとき 少しずつ ＨＰを 回復する。",0,2
ludicolo,default,own-tempo,マイペース,"マイペースなので こんらん状態に ならない。",1,3
seedot,default,chlorophyll,ようりょくそ,"天気が 晴れのとき 素早さが 上がる。",0,1
seedot,default,early-bird,はやおき,"ねむり状態に なっても ２倍の 早さで 目覚める ことが できる。",0,2
seedot,default,pickpocket,わるいてぐせ,"触られた 相手の 道具を 盗んで しまう。",1,3
nuzleaf,default,chlorophyll,ようりょくそ,"天気が 晴れのとき 素早さが 上がる。",0,1
nuzleaf,default,early-bird,はやおき,"ねむり状態に なっても ２倍の 早さで 目覚める ことが できる。",0,2
nuzleaf,default,pickpocket,わるいてぐせ,"触られた 相手の 道具を 盗んで しまう。",1,3
shiftry,default,chlorophyll,ようりょくそ,"天気が 晴れのとき 素早さが 上がる。",0,1
shiftry,default,wind-rider,かぜのり,"おいかぜが 吹いたり 風技を 受けると ダメージを 受けずに 攻撃が 上がる。",0,2
shiftry,default,pickpocket,わるいてぐせ,"触られた 相手の 道具を 盗んで しまう。",1,3
taillow,default,guts,こんじょう,"状態異常に なると 根性を だして 攻撃が 上がる。",0,1
taillow,default,scrappy,きもったま,"ゴーストタイプの ポケモンに ノーマルタイプと かくとうタイプの 技を 当てることが できる。",1,3
swellow,default,guts,こんじょう,"状態異常に なると 根性を だして 攻撃が 上がる。",0,1
swellow,default,scrappy,きもったま,"ゴーストタイプの ポケモンに ノーマルタイプと かくとうタイプの 技を 当てることが できる。",1,3
wingull,default,keen-eye,するどいめ,"鋭い 目の おかげで 命中率を 下げられない。",0,1
wingull,default,hydration,うるおいボディ,"天気が 雨のとき 状態異常が 治る。",0,2
wingull,default,rain-dish,あめうけざら,"天気が 雨のとき 少しずつ ＨＰを 回復する。",1,3
pelipper,default,keen-eye,するどいめ,"鋭い 目の おかげで 命中率を 下げられない。",0,1
pelipper,default,drizzle,あめふらし,"登場 したときに 天気を 雨に する。",0,2
pelipper,default,rain-dish,あめうけざら,"天気が 雨のとき 少しずつ ＨＰを 回復する。",1,3
ralts,default,synchronize,シンクロ,"自分が なってしまった どくや まひや やけどを 相手に うつす。",0,1
ralts,default,trace,トレース,"登場 したとき 相手の 特性を トレースして 同じ 特性に なる。",0,2
ralts,default,telepathy,テレパシー,"味方の 攻撃を 読み取って 技を 回避する。",1,3
kirlia,default,synchronize,シンクロ,"自分が なってしまった どくや まひや やけどを 相手に うつす。",0,1
kirlia,default,trace,トレース,"登場 したとき 相手の 特性を トレースして 同じ 特性に なる。",0,2
kirlia,default,telepathy,テレパシー,"味方の 攻撃を 読み取って 技を 回避する。",1,3
gardevoir,default,synchronize,シンクロ,"自分が なってしまった どくや まひや やけどを 相手に うつす。",0,1
gardevoir,default,trace,トレース,"登場 したとき 相手の 特性を トレースして 同じ 特性に なる。",0,2
gardevoir,default,telepathy,テレパシー,"味方の 攻撃を 読み取って 技を 回避する。",1,3
gardevoir,mega,pixilate,フェアリースキン,"ノーマルタイプの 技が フェアリータイプになる。 威力が 少し 上がる。",0,1
surskit,default,swift-swim,すいすい,"天気が 雨のとき 素早さが 上がる。",0,1
surskit,default,rain-dish,あめうけざら,"天気が 雨のとき 少しずつ ＨＰを 回復する。",1,3
masquerain,default,intimidate,いかく,"登場 したとき 威嚇して 相手を 萎縮させ 相手の 攻撃を 下げて しまう。",0,1
masquerain,default,unnerve,きんちょうかん,"相手を 緊張させて きのみを 食べられなく させる。",1,3
shroomish,default,effect-spore,ほうし,"攻撃で 自分に 触れた 相手を どくや まひや ねむり状態に する ことがある。",0,1
shroomish,default,poison-heal,ポイズンヒール,"どく状態に なると ＨＰが 減らずに 増えていく。",0,2
shroomish,default,quick-feet,はやあし,"状態異常に なると 素早さが 上がる。",1,3
breloom,default,effect-spore,ほうし,"攻撃で 自分に 触れた 相手を どくや まひや ねむり状態に する ことがある。",0,1
breloom,default,poison-heal,ポイズンヒール,"どく状態に なると ＨＰが 減らずに 増えていく。",0,2
breloom,default,technician,テクニシャン,"威力が 低い 技の 威力を 高くして 攻撃できる。",1,3
slakoth,default,truant,なまけ,"技を 出すと 次の ターンは 休んでしまう。",0,1
vigoroth,default,vital-spirit,やるき,"やる気を だすことに よって ねむり状態に ならない。",0,1
slaking,default,truant,なまけ,"技を 出すと 次の ターンは 休んでしまう。",0,1
nincada,default,compound-eyes,ふくがん,"複眼を 持っているため 技の 命中率が 上がる。",0,1
nincada,default,run-away,にげあし,"野生の ポケモンから 必ず 逃げられる。",1,3
ninjask,default,speed-boost,かそく,"毎ターン 素早さが 上がる。",0,1
ninjask,default,infiltrator,すりぬけ,"相手の 壁や 身代わりを すりぬけて 攻撃 できる",1,3
shedinja,default,wonder-guard,ふしぎなまもり,"効果バツグンの 技しか 当たらない 不思議な 力。",0,1
whismur,default,soundproof,ぼうおん,"音を 遮断 することに よって 音の 攻撃を 受けない。",0,1
whismur,default,rattled,びびり,"あくタイプと ゴーストタイプと むしタイプの 技を 受けると びびって 素早さが 上がる。",1,3
loudred,default,soundproof,ぼうおん,"音を 遮断 することに よって 音の 攻撃を 受けない。",0,1
loudred,default,scrappy,きもったま,"ゴーストタイプの ポケモンに ノーマルタイプと かくとうタイプの 技を 当てることが できる。",1,3
exploud,default,soundproof,ぼうおん,"音を 遮断 することに よって 音の 攻撃を 受けない。",0,1
exploud,default,scrappy,きもったま,"ゴーストタイプの ポケモンに ノーマルタイプと かくとうタイプの 技を 当てることが できる。",1,3
makuhita,default,thick-fat,あついしぼう,"厚い 脂肪で 守られているので ほのおタイプと こおりタイプの 技の ダメージを 半減させる。",0,1
makuhita,default,guts,こんじょう,"状態異常に なると 根性を だして 攻撃が 上がる。",0,2
makuhita,default,sheer-force,ちからずく,"技の 追加効果は なくなるが そのぶん 高い 威力で 技を 出すことが できる。",1,3
hariyama,default,thick-fat,あついしぼう,"厚い 脂肪で 守られているので ほのおタイプと こおりタイプの 技の ダメージを 半減させる。",0,1
hariyama,default,guts,こんじょう,"状態異常に なると 根性を だして 攻撃が 上がる。",0,2
hariyama,default,sheer-force,ちからずく,"技の 追加効果は なくなるが そのぶん 高い 威力で 技を 出すことが できる。",1,3
azurill,default,thick-fat,あついしぼう,"厚い 脂肪で 守られているので ほのおタイプと こおりタイプの 技の ダメージを 半減させる。",0,1
azurill,default,huge-power,ちからもち,"物理攻撃の 威力が ２倍になる。",0,2
azurill,default,sap-sipper,そうしょく,"くさタイプの 技を 受けると ダメージを 受けずに 攻撃が 上がる。",1,3
nosepass,default,sturdy,がんじょう,"相手の 技を 受けても 一撃で 倒されることが ない。 一撃必殺技も 効かない。",0,1
nosepass,default,magnet-pull,じりょく,"はがねタイプの ポケモンを 磁力で 引きつけて 逃げられなくする。",0,2
nosepass,default,sand-force,すなのちから,"天気が すなあらしの とき いわタイプと じめんタイプと はがねタイプの 威力が 上がる。",1,3
skitty,default,cute-charm,メロメロボディ,"自分に 触った 相手を メロメロに することが ある。",0,1
skitty,default,normalize,ノーマルスキン,"どんな タイプの 技でも すべて ノーマルタイプに なる。 威力が 少し 上がる。",0,2
skitty,default,wonder-skin,ミラクルスキン,"変化技を 受けにくい 体に なっている。",1,3
delcatty,default,cute-charm,メロメロボディ,"自分に 触った 相手を メロメロに することが ある。",0,1
delcatty,default,normalize,ノーマルスキン,"どんな タイプの 技でも すべて ノーマルタイプに なる。 威力が 少し 上がる。",0,2
delcatty,default,wonder-skin,ミラクルスキン,"変化技を 受けにくい 体に なっている。",1,3
sableye,default,keen-eye,するどいめ,"鋭い 目の おかげで 命中率を 下げられない。",0,1
sableye,default,stall,あとだし,"技を 出す 順番が かならず 最後に なる。",0,2
sableye,default,prankster,いたずらごころ,"変化技を 先制で 出すことが できる。",1,3
sableye,mega,magic-bounce,マジックミラー,"相手に だされた 変化技を 受けずに そのまま 返す ことが できる。",0,1
mawile,default,hyper-cutter,かいりきバサミ,"力自慢の ハサミを 持っているので 相手に 攻撃を 下げられない。",0,1
mawile,default,intimidate,いかく,"登場 したとき 威嚇して 相手を 萎縮させ 相手の 攻撃を 下げて しまう。",0,2
mawile,default,sheer-force,ちからずく,"技の 追加効果は なくなるが そのぶん 高い 威力で 技を 出すことが できる。",1,3
mawile,mega,huge-power,ちからもち,"物理攻撃の 威力が ２倍になる。",0,1
aron,default,sturdy,がんじょう,"相手の 技を 受けても 一撃で 倒されることが ない。 一撃必殺技も 効かない。",0,1
aron,default,rock-head,いしあたま,"反動を 受ける 技を 出しても ＨＰが 減らない。",0,2
aron,default,heavy-metal,ヘヴィメタル,"自分の 重さが ２倍に なる。",1,3
lairon,default,sturdy,がんじょう,"相手の 技を 受けても 一撃で 倒されることが ない。 一撃必殺技も 効かない。",0,1
lairon,default,rock-head,いしあたま,"反動を 受ける 技を 出しても ＨＰが 減らない。",0,2
lairon,default,heavy-metal,ヘヴィメタル,"自分の 重さが ２倍に なる。",1,3
aggron,default,sturdy,がんじょう,"相手の 技を 受けても 一撃で 倒されることが ない。 一撃必殺技も 効かない。",0,1
aggron,default,rock-head,いしあたま,"反動を 受ける 技を 出しても ＨＰが 減らない。",0,2
aggron,default,heavy-metal,ヘヴィメタル,"自分の 重さが ２倍に なる。",1,3
aggron,mega,filter,フィルター,"効果バツグンに なってしまう 攻撃の 威力を 弱める ことが できる。",0,1
meditite,default,pure-power,ヨガパワー,"ヨガの 力で 物理攻撃の 威力が ２倍に なる。",0,1
meditite,default,telepathy,テレパシー,"味方の 攻撃を 読み取って 技を 回避する。",1,3
medicham,default,pure-power,ヨガパワー,"ヨガの 力で 物理攻撃の 威力が ２倍に なる。",0,1
medicham,default,telepathy,テレパシー,"味方の 攻撃を 読み取って 技を 回避する。",1,3
medicham,mega,pure-power,ヨガパワー,"ヨガの 力で 物理攻撃の 威力が ２倍に なる。",0,1
electrike,default,static,せいでんき,"静電気を 体に まとい 触った 相手を まひさせる ことがある。",0,1
electrike,default,lightning-rod,ひらいしん,"でんきタイプの 技を 自分に 寄せつけ ダメージを 受けずに 特攻が 上がる。",0,2
electrike,default,minus,マイナス,"プラスか マイナスの 特性を 持つ ポケモンが 仲間に いると 自分の 特攻が 上がる。",1,3
manectric,default,static,せいでんき,"静電気を 体に まとい 触った 相手を まひさせる ことがある。",0,1
manectric,default,lightning-rod,ひらいしん,"でんきタイプの 技を 自分に 寄せつけ ダメージを 受けずに 特攻が 上がる。",0,2
manectric,default,minus,マイナス,"プラスか マイナスの 特性を 持つ ポケモンが 仲間に いると 自分の 特攻が 上がる。",1,3
manectric,mega,intimidate,いかく,"登場 したとき 威嚇して 相手を 萎縮させ 相手の 攻撃を 下げて しまう。",0,1
plusle,default,plus,プラス,"プラスか マイナスの 特性を 持つ ポケモンが 仲間に いると 自分の 特攻が 上がる。",0,1
plusle,default,lightning-rod,ひらいしん,"でんきタイプの 技を 自分に 寄せつけ ダメージを 受けずに 特攻が 上がる。",1,3
minun,default,minus,マイナス,"プラスか マイナスの 特性を 持つ ポケモンが 仲間に いると 自分の 特攻が 上がる。",0,1
minun,default,volt-absorb,ちくでん,"でんきタイプの 技を 受けると ダメージを 受けずに 回復する。",1,3
volbeat,default,illuminate,はっこう,"あたりを 明るくする ことで 野生の ポケモンに 遭遇 しやすくなる。",0,1
volbeat,default,swarm,むしのしらせ,"ＨＰが 減ったとき むしタイプの 技の 威力が 上がる。",0,2
volbeat,default,prankster,いたずらごころ,"変化技を 先制で 出すことが できる。",1,3
illumise,default,oblivious,どんかん,"鈍感なので メロメロや ちょうはつ状態に ならない。",0,1
illumise,default,tinted-lens,いろめがね,"効果が いまひとつの 技を 通常の 威力で 出すことが できる。",0,2
illumise,default,prankster,いたずらごころ,"変化技を 先制で 出すことが できる。",1,3
roselia,default,natural-cure,しぜんかいふく,"手持ちに ひっこむと 状態異常が 治る。",0,1
roselia,default,poison-point,どくのトゲ,"自分に 触った 相手を どく状態に することがある。",0,2
roselia,default,leaf-guard,リーフガード,"天気が 晴れのときは 状態異常に ならない。",1,3
gulpin,default,liquid-ooze,ヘドロえき,"ヘドロ液を 吸い取った 相手は 強烈な 悪臭で ダメージを 受けて ＨＰを 減らす。",0,1
gulpin,default,sticky-hold,ねんちゃく,"粘着質の 体に 道具が くっついているため 相手に 道具を 奪われない。",0,2
gulpin,default,gluttony,くいしんぼう,"ＨＰが 少なくなったら 食べる きのみを ＨＰ 半分の 時に 食べてしまう。",1,3
swalot,default,liquid-ooze,ヘドロえき,"ヘドロ液を 吸い取った 相手は 強烈な 悪臭で ダメージを 受けて ＨＰを 減らす。",0,1
swalot,default,sticky-hold,ねんちゃく,"粘着質の 体に 道具が くっついているため 相手に 道具を 奪われない。",0,2
swalot,default,gluttony,くいしんぼう,"ＨＰが 少なくなったら 食べる きのみを ＨＰ 半分の 時に 食べてしまう。",1,3
carvanha,default,rough-skin,さめはだ,"攻撃を 受けたとき 自分に 触れた 相手を ざらざらの 肌で キズつける。",0,1
carvanha,default,speed-boost,かそく,"毎ターン 素早さが 上がる。",1,3
sharpedo,default,rough-skin,さめはだ,"攻撃を 受けたとき 自分に 触れた 相手を ざらざらの 肌で キズつける。",0,1
sharpedo,default,speed-boost,かそく,"毎ターン 素早さが 上がる。",1,3
sharpedo,mega,strong-jaw,がんじょうあご,"あごが 頑丈で 噛む 技の 威力が 高くなる。",0,1
wailmer,default,water-veil,みずのベール,"水のベールを 身にまとい やけど状態に ならない。",0,1
wailmer,default,oblivious,どんかん,"鈍感なので メロメロや ちょうはつ状態に ならない。",0,2
wailmer,default,pressure,プレッシャー,"プレッシャーを あたえて 相手の 使う 技の ＰＰを 多く 減らす。",1,3
wailord,default,water-veil,みずのベール,"水のベールを 身にまとい やけど状態に ならない。",0,1
wailord,default,oblivious,どんかん,"鈍感なので メロメロや ちょうはつ状態に ならない。",0,2
wailord,default,pressure,プレッシャー,"プレッシャーを あたえて 相手の 使う 技の ＰＰを 多く 減らす。",1,3
numel,default,oblivious,どんかん,"鈍感なので メロメロや ちょうはつ状態に ならない。",0,1
numel,default,simple,たんじゅん,"能力 変化が いつもの ２倍に なる。",0,2
numel,default,own-tempo,マイペース,"マイペースなので こんらん状態に ならない。",1,3
camerupt,default,magma-armor,マグマのよろい,"熱い マグマを 身にまとい こおり状態に ならない。",0,1
camerupt,default,solid-rock,ハードロック,"効果バツグンに なってしまう 攻撃の 威力を 弱める ことが できる。",0,2
camerupt,default,anger-point,いかりのつぼ,"急所に 攻撃が 当たると 怒りくるって 攻撃力が 最大に なる。",1,3
camerupt,mega,sheer-force,ちからずく,"技の 追加効果は なくなるが そのぶん 高い 威力で 技を 出すことが できる。",0,1
torkoal,default,white-smoke,しろいけむり,"白い煙に 守られて 相手に 能力を 下げられない。",0,1
torkoal,default,drought,ひでり,"登場 したときに 天気を 晴れに する。",0,2
torkoal,default,shell-armor,シェルアーマー,"硬い 殻に 守られ 相手の 攻撃が 急所に 当たらない。",1,3
spoink,default,thick-fat,あついしぼう,"厚い 脂肪で 守られているので ほのおタイプと こおりタイプの 技の ダメージを 半減させる。",0,1
spoink,default,own-tempo,マイペース,"マイペースなので こんらん状態に ならない。",0,2
spoink,default,gluttony,くいしんぼう,"ＨＰが 少なくなったら 食べる きのみを ＨＰ 半分の 時に 食べてしまう。",1,3
grumpig,default,thick-fat,あついしぼう,"厚い 脂肪で 守られているので ほのおタイプと こおりタイプの 技の ダメージを 半減させる。",0,1
grumpig,default,own-tempo,マイペース,"マイペースなので こんらん状態に ならない。",0,2
grumpig,default,gluttony,くいしんぼう,"ＨＰが 少なくなったら 食べる きのみを ＨＰ 半分の 時に 食べてしまう。",1,3
spinda,default,own-tempo,マイペース,"マイペースなので こんらん状態に ならない。",0,1
spinda,default,tangled-feet,ちどりあし,"こんらん状態の ときは 回避率が アップする。",0,2
spinda,default,contrary,あまのじゃく,"能力の 変化が 逆転して 上がるときに 下がり 下がるときに 上がる。",1,3
trapinch,default,hyper-cutter,かいりきバサミ,"力自慢の ハサミを 持っているので 相手に 攻撃を 下げられない。",0,1
trapinch,default,arena-trap,ありじごく,"戦闘で 相手を 逃げられなくする。",0,2
trapinch,default,sheer-force,ちからずく,"技の 追加効果は なくなるが そのぶん 高い 威力で 技を 出すことが できる。",1,3
vibrava,default,levitate,ふゆう,"地面から 浮くことによって じめんタイプの 技を 受けない。",0,1
flygon,default,levitate,ふゆう,"地面から 浮くことによって じめんタイプの 技を 受けない。",0,1
cacnea,default,sand-veil,すながくれ,"砂あらしの とき 回避率が 上がる。",0,1
cacnea,default,water-absorb,ちょすい,"みずタイプの 技を 受けると ダメージを 受けずに 回復する。",1,3
cacturne,default,sand-veil,すながくれ,"砂あらしの とき 回避率が 上がる。",0,1
cacturne,default,water-absorb,ちょすい,"みずタイプの 技を 受けると ダメージを 受けずに 回復する。",1,3
swablu,default,natural-cure,しぜんかいふく,"手持ちに ひっこむと 状態異常が 治る。",0,1
swablu,default,cloud-nine,ノーてんき,"あらゆる 天気の 影響が なくなって しまう。",1,3
altaria,default,natural-cure,しぜんかいふく,"手持ちに ひっこむと 状態異常が 治る。",0,1
altaria,default,cloud-nine,ノーてんき,"あらゆる 天気の 影響が なくなって しまう。",1,3
altaria,mega,pixilate,フェアリースキン,"ノーマルタイプの 技が フェアリータイプになる。 威力が 少し 上がる。",0,1
zangoose,default,immunity,めんえき,"体内に 免疫を 持っているため どく状態に ならない。",0,1
zangoose,default,toxic-boost,どくぼうそう,"どく状態に なったとき 物理技の 威力が 上がる。",1,3
seviper,default,shed-skin,だっぴ,"体の 皮を 脱ぎ捨てることで 状態異常を 治すことが ある。",0,1
seviper,default,infiltrator,すりぬけ,"相手の 壁や 身代わりを すりぬけて 攻撃 できる",1,3
lunatone,default,levitate,ふゆう,"地面から 浮くことによって じめんタイプの 技を 受けない。",0,1
solrock,default,levitate,ふゆう,"地面から 浮くことによって じめんタイプの 技を 受けない。",0,1
barboach,default,oblivious,どんかん,"鈍感なので メロメロや ちょうはつ状態に ならない。",0,1
barboach,default,anticipation,きけんよち,"相手の 持つ 危険な 技を 察知する ことができる。",0,2
barboach,default,hydration,うるおいボディ,"天気が 雨のとき 状態異常が 治る。",1,3
whiscash,default,oblivious,どんかん,"鈍感なので メロメロや ちょうはつ状態に ならない。",0,1
whiscash,default,anticipation,きけんよち,"相手の 持つ 危険な 技を 察知する ことができる。",0,2
whiscash,default,hydration,うるおいボディ,"天気が 雨のとき 状態異常が 治る。",1,3
corphish,default,hyper-cutter,かいりきバサミ,"力自慢の ハサミを 持っているので 相手に 攻撃を 下げられない。",0,1
corphish,default,shell-armor,シェルアーマー,"硬い 殻に 守られ 相手の 攻撃が 急所に 当たらない。",0,2
corphish,default,adaptability,てきおうりょく,"自分と おなじ タイプの 技の 威力が 上がる。",1,3
crawdaunt,default,hyper-cutter,かいりきバサミ,"力自慢の ハサミを 持っているので 相手に 攻撃を 下げられない。",0,1
crawdaunt,default,shell-armor,シェルアーマー,"硬い 殻に 守られ 相手の 攻撃が 急所に 当たらない。",0,2
crawdaunt,default,adaptability,てきおうりょく,"自分と おなじ タイプの 技の 威力が 上がる。",1,3
baltoy,default,levitate,ふゆう,"地面から 浮くことによって じめんタイプの 技を 受けない。",0,1
claydol,default,levitate,ふゆう,"地面から 浮くことによって じめんタイプの 技を 受けない。",0,1
lileep,default,suction-cups,きゅうばん,"吸盤で 地面に 張り付き ポケモンを 入れ替えさせる 技や 道具が 効かなくなる。",0,1
lileep,default,storm-drain,よびみず,"みずタイプの 技を 自分に よせつけ ダメージは 受けずに 特攻が 上がる。",1,3
cradily,default,suction-cups,きゅうばん,"吸盤で 地面に 張り付き ポケモンを 入れ替えさせる 技や 道具が 効かなくなる。",0,1
cradily,default,storm-drain,よびみず,"みずタイプの 技を 自分に よせつけ ダメージは 受けずに 特攻が 上がる。",1,3
anorith,default,battle-armor,カブトアーマー,"硬い 甲羅に 守られて 相手の 攻撃が 急所に 当たらない。",0,1
anorith,default,swift-swim,すいすい,"天気が 雨のとき 素早さが 上がる。",1,3
armaldo,default,battle-armor,カブトアーマー,"硬い 甲羅に 守られて 相手の 攻撃が 急所に 当たらない。",0,1
armaldo,default,swift-swim,すいすい,"天気が 雨のとき 素早さが 上がる。",1,3
feebas,default,swift-swim,すいすい,"天気が 雨のとき 素早さが 上がる。",0,1
feebas,default,oblivious,どんかん,"鈍感なので メロメロや ちょうはつ状態に ならない。",0,2
feebas,default,adaptability,てきおうりょく,"自分と おなじ タイプの 技の 威力が 上がる。",1,3
milotic,default,marvel-scale,ふしぎなうろこ,"状態異常に なると 不思議なウロコが 反応して 防御が 上がる。",0,1
milotic,default,competitive,かちき,"能力を 下げられると 特攻が ぐーんと 上がる。",0,2
milotic,default,cute-charm,メロメロボディ,"自分に 触った 相手を メロメロに することが ある。",1,3
castform,default,forecast,てんきや,"天気の 影響を 受けて みずタイプ ほのおタイプ こおりタイプの どれかに 変化する。",0,1
castform,sunny,forecast,てんきや,"天気の 影響を 受けて みずタイプ ほのおタイプ こおりタイプの どれかに 変化する。",0,1
castform,rainy,forecast,てんきや,"天気の 影響を 受けて みずタイプ ほのおタイプ こおりタイプの どれかに 変化する。",0,1
castform,snowy,forecast,てんきや,"天気の 影響を 受けて みずタイプ ほのおタイプ こおりタイプの どれかに 変化する。",0,1
kecleon,default,color-change,へんしょく,"相手から 受けた 技の タイプに 自分の タイプが 変化 する。",0,1
kecleon,default,protean,へんげんじざい,"自分が 出す 技と 同じ タイプに 変化する。",1,3
shuppet,default,insomnia,ふみん,"眠れない 体質 なので ねむり状態に ならない。",0,1
shuppet,default,frisk,おみとおし,"登場 したとき 相手の 持ち物を 見通すことが できる。",0,2
shuppet,default,cursed-body,のろわれボディ,"攻撃を 受けると 相手の 技を かなしばり状態に することが ある。",1,3
banette,default,insomnia,ふみん,"眠れない 体質 なので ねむり状態に ならない。",0,1
banette,default,frisk,おみとおし,"登場 したとき 相手の 持ち物を 見通すことが できる。",0,2
banette,default,cursed-body,のろわれボディ,"攻撃を 受けると 相手の 技を かなしばり状態に することが ある。",1,3
banette,mega,prankster,いたずらごころ,"変化技を 先制で 出すことが できる。",0,1
duskull,default,levitate,ふゆう,"地面から 浮くことによって じめんタイプの 技を 受けない。",0,1
duskull,default,frisk,おみとおし,"登場 したとき 相手の 持ち物を 見通すことが できる。",1,3
dusclops,default,pressure,プレッシャー,"プレッシャーを あたえて 相手の 使う 技の ＰＰを 多く 減らす。",0,1
dusclops,default,frisk,おみとおし,"登場 したとき 相手の 持ち物を 見通すことが できる。",1,3
tropius,default,chlorophyll,ようりょくそ,"天気が 晴れのとき 素早さが 上がる。",0,1
tropius,default,solar-power,サンパワー,"天気が 晴れると 特攻が 上がるが 毎ターン ＨＰが 減る。",0,2
tropius,default,harvest,しゅうかく,"使った きのみを 何回も 作りだす。",1,3
chimecho,default,levitate,ふゆう,"地面から 浮くことによって じめんタイプの 技を 受けない。",0,1
chimecho,mega,levitate,ふゆう,"地面から 浮くことによって じめんタイプの 技を 受けない。",0,1
absol,default,pressure,プレッシャー,"プレッシャーを あたえて 相手の 使う 技の ＰＰを 多く 減らす。",0,1
absol,default,super-luck,きょううん,"強運を 持っているため 相手の 急所に 攻撃が 当たりやすい。",0,2
absol,default,justified,せいぎのこころ,"あくタイプの 攻撃を 受けると 正義感で 攻撃が 上がる。",1,3
absol,mega,magic-bounce,マジックミラー,"相手に だされた 変化技を 受けずに そのまま 返す ことが できる。",0,1
wynaut,default,shadow-tag,かげふみ,"相手の 影を 踏み 逃げたり 交代 できなくする。",0,1
wynaut,default,telepathy,テレパシー,"味方の 攻撃を 読み取って 技を 回避する。",1,3
snorunt,default,inner-focus,せいしんりょく,"鍛えられた 精神に よって 相手の 攻撃に ひるまない。",0,1
snorunt,default,ice-body,アイスボディ,"天気が あられのとき ＨＰを 少しずつ 回復 する。",0,2
snorunt,default,moody,ムラっけ,"毎ターン 能力の どれかが ぐーんと 上がって どれかが 下がる。",1,3
glalie,default,inner-focus,せいしんりょく,"鍛えられた 精神に よって 相手の 攻撃に ひるまない。",0,1
glalie,default,ice-body,アイスボディ,"天気が あられのとき ＨＰを 少しずつ 回復 する。",0,2
glalie,default,moody,ムラっけ,"毎ターン 能力の どれかが ぐーんと 上がって どれかが 下がる。",1,3
glalie,mega,refrigerate,フリーズスキン,"ノーマルタイプの 技が こおりタイプに なる。 威力が 少し 上がる。",0,1
spheal,default,thick-fat,あついしぼう,"厚い 脂肪で 守られているので ほのおタイプと こおりタイプの 技の ダメージを 半減させる。",0,1
spheal,default,ice-body,アイスボディ,"天気が あられのとき ＨＰを 少しずつ 回復 する。",0,2
spheal,default,oblivious,どんかん,"鈍感なので メロメロや ちょうはつ状態に ならない。",1,3
sealeo,default,thick-fat,あついしぼう,"厚い 脂肪で 守られているので ほのおタイプと こおりタイプの 技の ダメージを 半減させる。",0,1
sealeo,default,ice-body,アイスボディ,"天気が あられのとき ＨＰを 少しずつ 回復 する。",0,2
sealeo,default,oblivious,どんかん,"鈍感なので メロメロや ちょうはつ状態に ならない。",1,3
walrein,default,thick-fat,あついしぼう,"厚い 脂肪で 守られているので ほのおタイプと こおりタイプの 技の ダメージを 半減させる。",0,1
walrein,default,ice-body,アイスボディ,"天気が あられのとき ＨＰを 少しずつ 回復 する。",0,2
walrein,default,oblivious,どんかん,"鈍感なので メロメロや ちょうはつ状態に ならない。",1,3
clamperl,default,shell-armor,シェルアーマー,"硬い 殻に 守られ 相手の 攻撃が 急所に 当たらない。",0,1
clamperl,default,rattled,びびり,"あくタイプと ゴーストタイプと むしタイプの 技を 受けると びびって 素早さが 上がる。",1,3
huntail,default,swift-swim,すいすい,"天気が 雨のとき 素早さが 上がる。",0,1
huntail,default,water-veil,みずのベール,"水のベールを 身にまとい やけど状態に ならない。",1,3
gorebyss,default,swift-swim,すいすい,"天気が 雨のとき 素早さが 上がる。",0,1
gorebyss,default,hydration,うるおいボディ,"天気が 雨のとき 状態異常が 治る。",1,3
relicanth,default,swift-swim,すいすい,"天気が 雨のとき 素早さが 上がる。",0,1
relicanth,default,rock-head,いしあたま,"反動を 受ける 技を 出しても ＨＰが 減らない。",0,2
relicanth,default,sturdy,がんじょう,"相手の 技を 受けても 一撃で 倒されることが ない。 一撃必殺技も 効かない。",1,3
luvdisc,default,swift-swim,すいすい,"天気が 雨のとき 素早さが 上がる。",0,1
luvdisc,default,hydration,うるおいボディ,"天気が 雨のとき 状態異常が 治る。",1,3
bagon,default,rock-head,いしあたま,"反動を 受ける 技を 出しても ＨＰが 減らない。",0,1
bagon,default,sheer-force,ちからずく,"技の 追加効果は なくなるが そのぶん 高い 威力で 技を 出すことが できる。",1,3
shelgon,default,rock-head,いしあたま,"反動を 受ける 技を 出しても ＨＰが 減らない。",0,1
shelgon,default,overcoat,ぼうじん,"すなあらしや あられなどの ダメージを 受けない。 粉の 技を 受けない。",1,3
salamence,default,intimidate,いかく,"登場 したとき 威嚇して 相手を 萎縮させ 相手の 攻撃を 下げて しまう。",0,1
salamence,default,moxie,じしんかじょう,"相手を 倒すと 自信が ついて 攻撃が 上がる。",1,3
salamence,mega,aerilate,スカイスキン,"ノーマルタイプの 技が ひこうタイプになる。 威力が 少し 上がる。",0,1
beldum,default,clear-body,クリアボディ,"相手の 技や 特性で 能力を 下げられない。",0,1
beldum,default,light-metal,ライトメタル,"自分の 重さが 半分に なる。",1,3
metang,default,clear-body,クリアボディ,"相手の 技や 特性で 能力を 下げられない。",0,1
metang,default,light-metal,ライトメタル,"自分の 重さが 半分に なる。",1,3
metagross,default,clear-body,クリアボディ,"相手の 技や 特性で 能力を 下げられない。",0,1
metagross,default,light-metal,ライトメタル,"自分の 重さが 半分に なる。",1,3
metagross,mega,tough-claws,かたいツメ,"相手に 接触する 技の 威力が 高くなる。",0,1
regirock,default,clear-body,クリアボディ,"相手の 技や 特性で 能力を 下げられない。",0,1
regirock,default,sturdy,がんじょう,"相手の 技を 受けても 一撃で 倒されることが ない。 一撃必殺技も 効かない。",1,3
regice,default,clear-body,クリアボディ,"相手の 技や 特性で 能力を 下げられない。",0,1
regice,default,ice-body,アイスボディ,"天気が あられのとき ＨＰを 少しずつ 回復 する。",1,3
registeel,default,clear-body,クリアボディ,"相手の 技や 特性で 能力を 下げられない。",0,1
registeel,default,light-metal,ライトメタル,"自分の 重さが 半分に なる。",1,3
latias,default,levitate,ふゆう,"地面から 浮くことによって じめんタイプの 技を 受けない。",0,1
latias,mega,levitate,ふゆう,"地面から 浮くことによって じめんタイプの 技を 受けない。",0,1
latios,default,levitate,ふゆう,"地面から 浮くことによって じめんタイプの 技を 受けない。",0,1
latios,mega,levitate,ふゆう,"地面から 浮くことによって じめんタイプの 技を 受けない。",0,1
kyogre,default,drizzle,あめふらし,"登場 したときに 天気を 雨に する。",0,1
kyogre,primal,primordial-sea,はじまりのうみ,"ほのおタイプの 攻撃を 受けない 天気にする。",0,1
groudon,default,drought,ひでり,"登場 したときに 天気を 晴れに する。",0,1
groudon,primal,desolate-land,おわりのだいち,"みずタイプの 攻撃を 受けない 天気にする。",0,1
rayquaza,default,air-lock,エアロック,"あらゆる 天気の 影響が 消えて しまう。",0,1
rayquaza,mega,delta-stream,デルタストリーム,"ひこうタイプの 弱点が なくなる 天気にする。",0,1
jirachi,default,serene-grace,てんのめぐみ,"天の恵みの おかげで 技の 追加効果が でやすい。",0,1
deoxys,default,pressure,プレッシャー,"プレッシャーを あたえて 相手の 使う 技の ＰＰを 多く 減らす。",0,1
deoxys,attack,pressure,プレッシャー,"プレッシャーを あたえて 相手の 使う 技の ＰＰを 多く 減らす。",0,1
deoxys,defense,pressure,プレッシャー,"プレッシャーを あたえて 相手の 使う 技の ＰＰを 多く 減らす。",0,1
deoxys,speed,pressure,プレッシャー,"プレッシャーを あたえて 相手の 使う 技の ＰＰを 多く 減らす。",0,1
turtwig,default,overgrow,しんりょく,"ＨＰが 減ったとき くさタイプの 技の 威力が 上がる。",0,1
turtwig,default,shell-armor,シェルアーマー,"硬い 殻に 守られ 相手の 攻撃が 急所に 当たらない。",1,3
grotle,default,overgrow,しんりょく,"ＨＰが 減ったとき くさタイプの 技の 威力が 上がる。",0,1
grotle,default,shell-armor,シェルアーマー,"硬い 殻に 守られ 相手の 攻撃が 急所に 当たらない。",1,3
torterra,default,overgrow,しんりょく,"ＨＰが 減ったとき くさタイプの 技の 威力が 上がる。",0,1
torterra,default,shell-armor,シェルアーマー,"硬い 殻に 守られ 相手の 攻撃が 急所に 当たらない。",1,3
chimchar,default,blaze,もうか,"ＨＰが 減ったとき ほのおタイプの 技の 威力が 上がる。",0,1
chimchar,default,iron-fist,てつのこぶし,"パンチを 使う 技の 威力が 上がる。",1,3
monferno,default,blaze,もうか,"ＨＰが 減ったとき ほのおタイプの 技の 威力が 上がる。",0,1
monferno,default,iron-fist,てつのこぶし,"パンチを 使う 技の 威力が 上がる。",1,3
infernape,default,blaze,もうか,"ＨＰが 減ったとき ほのおタイプの 技の 威力が 上がる。",0,1
infernape,default,iron-fist,てつのこぶし,"パンチを 使う 技の 威力が 上がる。",1,3
piplup,default,torrent,げきりゅう,"ＨＰが 減ったとき みずタイプの 技の 威力が 上がる。",0,1
piplup,default,competitive,かちき,"能力を 下げられると 特攻が ぐーんと 上がる。",1,3
prinplup,default,torrent,げきりゅう,"ＨＰが 減ったとき みずタイプの 技の 威力が 上がる。",0,1
prinplup,default,competitive,かちき,"能力を 下げられると 特攻が ぐーんと 上がる。",1,3
empoleon,default,torrent,げきりゅう,"ＨＰが 減ったとき みずタイプの 技の 威力が 上がる。",0,1
empoleon,default,competitive,かちき,"能力を 下げられると 特攻が ぐーんと 上がる。",1,3
starly,default,keen-eye,するどいめ,"鋭い 目の おかげで 命中率を 下げられない。",0,1
starly,default,reckless,すてみ,"反動で ダメージを 受ける 技の 威力が 上がる。",1,3
staravia,default,intimidate,いかく,"登場 したとき 威嚇して 相手を 萎縮させ 相手の 攻撃を 下げて しまう。",0,1
staravia,default,reckless,すてみ,"反動で ダメージを 受ける 技の 威力が 上がる。",1,3
staraptor,default,intimidate,いかく,"登場 したとき 威嚇して 相手を 萎縮させ 相手の 攻撃を 下げて しまう。",0,1
staraptor,default,reckless,すてみ,"反動で ダメージを 受ける 技の 威力が 上がる。",1,3
bidoof,default,simple,たんじゅん,"能力 変化が いつもの ２倍に なる。",0,1
bidoof,default,unaware,てんねん,"相手の 能力の 変化を 無視して 攻撃が できる。",0,2
bidoof,default,moody,ムラっけ,"毎ターン 能力の どれかが ぐーんと 上がって どれかが 下がる。",1,3
bibarel,default,simple,たんじゅん,"能力 変化が いつもの ２倍に なる。",0,1
bibarel,default,unaware,てんねん,"相手の 能力の 変化を 無視して 攻撃が できる。",0,2
bibarel,default,moody,ムラっけ,"毎ターン 能力の どれかが ぐーんと 上がって どれかが 下がる。",1,3
kricketot,default,shed-skin,だっぴ,"体の 皮を 脱ぎ捨てることで 状態異常を 治すことが ある。",0,1
kricketot,default,run-away,にげあし,"野生の ポケモンから 必ず 逃げられる。",1,3
kricketune,default,swarm,むしのしらせ,"ＨＰが 減ったとき むしタイプの 技の 威力が 上がる。",0,1
kricketune,default,technician,テクニシャン,"威力が 低い 技の 威力を 高くして 攻撃できる。",1,3
shinx,default,rivalry,とうそうしん,"性別が 同じだと 闘争心を 燃やして 強くなる。 性別が 違うと 弱くなる。",0,1
shinx,default,intimidate,いかく,"登場 したとき 威嚇して 相手を 萎縮させ 相手の 攻撃を 下げて しまう。",0,2
shinx,default,guts,こんじょう,"状態異常に なると 根性を だして 攻撃が 上がる。",1,3
luxio,default,rivalry,とうそうしん,"性別が 同じだと 闘争心を 燃やして 強くなる。 性別が 違うと 弱くなる。",0,1
luxio,default,intimidate,いかく,"登場 したとき 威嚇して 相手を 萎縮させ 相手の 攻撃を 下げて しまう。",0,2
luxio,default,guts,こんじょう,"状態異常に なると 根性を だして 攻撃が 上がる。",1,3
luxray,default,rivalry,とうそうしん,"性別が 同じだと 闘争心を 燃やして 強くなる。 性別が 違うと 弱くなる。",0,1
luxray,default,intimidate,いかく,"登場 したとき 威嚇して 相手を 萎縮させ 相手の 攻撃を 下げて しまう。",0,2
luxray,default,guts,こんじょう,"状態異常に なると 根性を だして 攻撃が 上がる。",1,3
budew,default,natural-cure,しぜんかいふく,"手持ちに ひっこむと 状態異常が 治る。",0,1
budew,default,poison-point,どくのトゲ,"自分に 触った 相手を どく状態に することがある。",0,2
budew,default,leaf-guard,リーフガード,"天気が 晴れのときは 状態異常に ならない。",1,3
roserade,default,natural-cure,しぜんかいふく,"手持ちに ひっこむと 状態異常が 治る。",0,1
roserade,default,poison-point,どくのトゲ,"自分に 触った 相手を どく状態に することがある。",0,2
roserade,default,technician,テクニシャン,"威力が 低い 技の 威力を 高くして 攻撃できる。",1,3
cranidos,default,mold-breaker,かたやぶり,"相手の 特性に ジャマされる ことなく 相手に 技を 出すことが できる。",0,1
cranidos,default,sheer-force,ちからずく,"技の 追加効果は なくなるが そのぶん 高い 威力で 技を 出すことが できる。",1,3
rampardos,default,mold-breaker,かたやぶり,"相手の 特性に ジャマされる ことなく 相手に 技を 出すことが できる。",0,1
rampardos,default,sheer-force,ちからずく,"技の 追加効果は なくなるが そのぶん 高い 威力で 技を 出すことが できる。",1,3
shieldon,default,sturdy,がんじょう,"相手の 技を 受けても 一撃で 倒されることが ない。 一撃必殺技も 効かない。",0,1
shieldon,default,soundproof,ぼうおん,"音を 遮断 することに よって 音の 攻撃を 受けない。",1,3
bastiodon,default,sturdy,がんじょう,"相手の 技を 受けても 一撃で 倒されることが ない。 一撃必殺技も 効かない。",0,1
bastiodon,default,soundproof,ぼうおん,"音を 遮断 することに よって 音の 攻撃を 受けない。",1,3
burmy,default,shed-skin,だっぴ,"体の 皮を 脱ぎ捨てることで 状態異常を 治すことが ある。",0,1
burmy,default,overcoat,ぼうじん,"すなあらしや あられなどの ダメージを 受けない。 粉の 技を 受けない。",1,3
wormadam,default,anticipation,きけんよち,"相手の 持つ 危険な 技を 察知する ことができる。",0,1
wormadam,default,overcoat,ぼうじん,"すなあらしや あられなどの ダメージを 受けない。 粉の 技を 受けない。",1,3
wormadam,sandy,anticipation,きけんよち,"相手の 持つ 危険な 技を 察知する ことができる。",0,1
wormadam,sandy,overcoat,ぼうじん,"すなあらしや あられなどの ダメージを 受けない。 粉の 技を 受けない。",1,3
wormadam,trash,anticipation,きけんよち,"相手の 持つ 危険な 技を 察知する ことができる。",0,1
wormadam,trash,overcoat,ぼうじん,"すなあらしや あられなどの ダメージを 受けない。 粉の 技を 受けない。",1,3
mothim,default,swarm,むしのしらせ,"ＨＰが 減ったとき むしタイプの 技の 威力が 上がる。",0,1
mothim,default,tinted-lens,いろめがね,"効果が いまひとつの 技を 通常の 威力で 出すことが できる。",1,3
combee,default,honey-gather,みつあつめ,"戦闘が 終わったとき あまいミツを 拾うことが ある。",0,1
combee,default,hustle,はりきり,"自分の 攻撃が 高くなるが 命中率が 下がる。",1,3
vespiquen,default,pressure,プレッシャー,"プレッシャーを あたえて 相手の 使う 技の ＰＰを 多く 減らす。",0,1
vespiquen,default,unnerve,きんちょうかん,"相手を 緊張させて きのみを 食べられなく させる。",1,3
pachirisu,default,run-away,にげあし,"野生の ポケモンから 必ず 逃げられる。",0,1
pachirisu,default,pickup,ものひろい,"相手の 使った 道具を 拾ってくることが ある。 冒険中も 拾ってくる。",0,2
pachirisu,default,volt-absorb,ちくでん,"でんきタイプの 技を 受けると ダメージを 受けずに 回復する。",1,3
buizel,default,swift-swim,すいすい,"天気が 雨のとき 素早さが 上がる。",0,1
buizel,default,water-veil,みずのベール,"水のベールを 身にまとい やけど状態に ならない。",1,3
floatzel,default,swift-swim,すいすい,"天気が 雨のとき 素早さが 上がる。",0,1
floatzel,default,water-veil,みずのベール,"水のベールを 身にまとい やけど状態に ならない。",1,3
cherubi,default,chlorophyll,ようりょくそ,"天気が 晴れのとき 素早さが 上がる。",0,1
cherrim,default,flower-gift,フラワーギフト,"天気が 晴れのとき 自分と 味方の 攻撃と 特防の 能力が 上がる。",0,1
shellos,default,sticky-hold,ねんちゃく,"粘着質の 体に 道具が くっついているため 相手に 道具を 奪われない。",0,1
shellos,default,storm-drain,よびみず,"みずタイプの 技を 自分に よせつけ ダメージは 受けずに 特攻が 上がる。",0,2
shellos,default,sand-force,すなのちから,"天気が すなあらしの とき いわタイプと じめんタイプと はがねタイプの 威力が 上がる。",1,3
gastrodon,default,sticky-hold,ねんちゃく,"粘着質の 体に 道具が くっついているため 相手に 道具を 奪われない。",0,1
gastrodon,default,storm-drain,よびみず,"みずタイプの 技を 自分に よせつけ ダメージは 受けずに 特攻が 上がる。",0,2
gastrodon,default,sand-force,すなのちから,"天気が すなあらしの とき いわタイプと じめんタイプと はがねタイプの 威力が 上がる。",1,3
ambipom,default,technician,テクニシャン,"威力が 低い 技の 威力を 高くして 攻撃できる。",0,1
ambipom,default,pickup,ものひろい,"相手の 使った 道具を 拾ってくることが ある。 冒険中も 拾ってくる。",0,2
ambipom,default,skill-link,スキルリンク,"連続技を 使うと いつも 最高回数 出すことが できる。",1,3
drifloon,default,aftermath,ゆうばく,"ひんしに なったとき 触った 相手に ダメージを あたえる。",0,1
drifloon,default,unburden,かるわざ,"持っていた 道具が なくなると 素早さが 上がる。",0,2
drifloon,default,flare-boost,ねつぼうそう,"やけど状態に なったとき 特殊技の 威力が 上がる。",1,3
drifblim,default,aftermath,ゆうばく,"ひんしに なったとき 触った 相手に ダメージを あたえる。",0,1
drifblim,default,unburden,かるわざ,"持っていた 道具が なくなると 素早さが 上がる。",0,2
drifblim,default,flare-boost,ねつぼうそう,"やけど状態に なったとき 特殊技の 威力が 上がる。",1,3
buneary,default,run-away,にげあし,"野生の ポケモンから 必ず 逃げられる。",0,1
buneary,default,klutz,ぶきよう,"持っている 道具を 使うことが できない。",0,2
buneary,default,limber,じゅうなん,"柔軟な 体によって まひ状態に ならない。",1,3
lopunny,default,cute-charm,メロメロボディ,"自分に 触った 相手を メロメロに することが ある。",0,1
lopunny,default,klutz,ぶきよう,"持っている 道具を 使うことが できない。",0,2
lopunny,default,limber,じゅうなん,"柔軟な 体によって まひ状態に ならない。",1,3
lopunny,mega,scrappy,きもったま,"ゴーストタイプの ポケモンに ノーマルタイプと かくとうタイプの 技を 当てることが できる。",0,1
mismagius,default,levitate,ふゆう,"地面から 浮くことによって じめんタイプの 技を 受けない。",0,1
honchkrow,default,insomnia,ふみん,"眠れない 体質 なので ねむり状態に ならない。",0,1
honchkrow,default,super-luck,きょううん,"強運を 持っているため 相手の 急所に 攻撃が 当たりやすい。",0,2
honchkrow,default,moxie,じしんかじょう,"相手を 倒すと 自信が ついて 攻撃が 上がる。",1,3
glameow,default,limber,じゅうなん,"柔軟な 体によって まひ状態に ならない。",0,1
glameow,default,own-tempo,マイペース,"マイペースなので こんらん状態に ならない。",0,2
glameow,default,keen-eye,するどいめ,"鋭い 目の おかげで 命中率を 下げられない。",1,3
purugly,default,thick-fat,あついしぼう,"厚い 脂肪で 守られているので ほのおタイプと こおりタイプの 技の ダメージを 半減させる。",0,1
purugly,default,own-tempo,マイペース,"マイペースなので こんらん状態に ならない。",0,2
purugly,default,defiant,まけんき,"能力を 下げられると 攻撃が ぐーんと 上がる。",1,3
chingling,default,levitate,ふゆう,"地面から 浮くことによって じめんタイプの 技を 受けない。",0,1
stunky,default,stench,あくしゅう,"臭い においを 放つことによって 攻撃した ときに 相手を ひるませることが ある。",0,1
stunky,default,aftermath,ゆうばく,"ひんしに なったとき 触った 相手に ダメージを あたえる。",0,2
stunky,default,keen-eye,するどいめ,"鋭い 目の おかげで 命中率を 下げられない。",1,3
skuntank,default,stench,あくしゅう,"臭い においを 放つことによって 攻撃した ときに 相手を ひるませることが ある。",0,1
skuntank,default,aftermath,ゆうばく,"ひんしに なったとき 触った 相手に ダメージを あたえる。",0,2
skuntank,default,keen-eye,するどいめ,"鋭い 目の おかげで 命中率を 下げられない。",1,3
bronzor,default,levitate,ふゆう,"地面から 浮くことによって じめんタイプの 技を 受けない。",0,1
bronzor,default,heatproof,たいねつ,"耐熱の 体に よって ほのおタイプの 技の 威力を 半減させる。",0,2
bronzor,default,heavy-metal,ヘヴィメタル,"自分の 重さが ２倍に なる。",1,3
bronzong,default,levitate,ふゆう,"地面から 浮くことによって じめんタイプの 技を 受けない。",0,1
bronzong,default,heatproof,たいねつ,"耐熱の 体に よって ほのおタイプの 技の 威力を 半減させる。",0,2
bronzong,default,heavy-metal,ヘヴィメタル,"自分の 重さが ２倍に なる。",1,3
bonsly,default,sturdy,がんじょう,"相手の 技を 受けても 一撃で 倒されることが ない。 一撃必殺技も 効かない。",0,1
bonsly,default,rock-head,いしあたま,"反動を 受ける 技を 出しても ＨＰが 減らない。",0,2
bonsly,default,rattled,びびり,"あくタイプと ゴーストタイプと むしタイプの 技を 受けると びびって 素早さが 上がる。",1,3
mime-jr,default,soundproof,ぼうおん,"音を 遮断 することに よって 音の 攻撃を 受けない。",0,1
mime-jr,default,filter,フィルター,"効果バツグンに なってしまう 攻撃の 威力を 弱める ことが できる。",0,2
mime-jr,default,technician,テクニシャン,"威力が 低い 技の 威力を 高くして 攻撃できる。",1,3
happiny,default,natural-cure,しぜんかいふく,"手持ちに ひっこむと 状態異常が 治る。",0,1
happiny,default,serene-grace,てんのめぐみ,"天の恵みの おかげで 技の 追加効果が でやすい。",0,2
happiny,default,friend-guard,フレンドガード,"味方の ダメージを 減らすことが できる。",1,3
chatot,default,keen-eye,するどいめ,"鋭い 目の おかげで 命中率を 下げられない。",0,1
chatot,default,tangled-feet,ちどりあし,"こんらん状態の ときは 回避率が アップする。",0,2
chatot,default,big-pecks,はとむね,"防御を 下げる 効果を 受けない。",1,3
spiritomb,default,pressure,プレッシャー,"プレッシャーを あたえて 相手の 使う 技の ＰＰを 多く 減らす。",0,1
spiritomb,default,infiltrator,すりぬけ,"相手の 壁や 身代わりを すりぬけて 攻撃 できる",1,3
gible,default,sand-veil,すながくれ,"砂あらしの とき 回避率が 上がる。",0,1
gible,default,rough-skin,さめはだ,"攻撃を 受けたとき 自分に 触れた 相手を ざらざらの 肌で キズつける。",1,3
gabite,default,sand-veil,すながくれ,"砂あらしの とき 回避率が 上がる。",0,1
gabite,default,rough-skin,さめはだ,"攻撃を 受けたとき 自分に 触れた 相手を ざらざらの 肌で キズつける。",1,3
garchomp,default,sand-veil,すながくれ,"砂あらしの とき 回避率が 上がる。",0,1
garchomp,default,rough-skin,さめはだ,"攻撃を 受けたとき 自分に 触れた 相手を ざらざらの 肌で キズつける。",1,3
garchomp,mega,sand-force,すなのちから,"天気が すなあらしの とき いわタイプと じめんタイプと はがねタイプの 威力が 上がる。",0,1
munchlax,default,pickup,ものひろい,"相手の 使った 道具を 拾ってくることが ある。 冒険中も 拾ってくる。",0,1
munchlax,default,thick-fat,あついしぼう,"厚い 脂肪で 守られているので ほのおタイプと こおりタイプの 技の ダメージを 半減させる。",0,2
munchlax,default,gluttony,くいしんぼう,"ＨＰが 少なくなったら 食べる きのみを ＨＰ 半分の 時に 食べてしまう。",1,3
riolu,default,steadfast,ふくつのこころ,"ひるむ たびに 不屈の心を 燃やして 素早さが 上がる。",0,1
riolu,default,inner-focus,せいしんりょく,"鍛えられた 精神に よって 相手の 攻撃に ひるまない。",0,2
riolu,default,prankster,いたずらごころ,"変化技を 先制で 出すことが できる。",1,3
lucario,default,steadfast,ふくつのこころ,"ひるむ たびに 不屈の心を 燃やして 素早さが 上がる。",0,1
lucario,default,inner-focus,せいしんりょく,"鍛えられた 精神に よって 相手の 攻撃に ひるまない。",0,2
lucario,default,justified,せいぎのこころ,"あくタイプの 攻撃を 受けると 正義感で 攻撃が 上がる。",1,3
lucario,mega,adaptability,てきおうりょく,"自分と おなじ タイプの 技の 威力が 上がる。",0,1
hippopotas,default,sand-stream,すなおこし,"登場 したとき 天気を 砂あらしにする。",0,1
hippopotas,default,sand-force,すなのちから,"天気が すなあらしの とき いわタイプと じめんタイプと はがねタイプの 威力が 上がる。",1,3
hippowdon,default,sand-stream,すなおこし,"登場 したとき 天気を 砂あらしにする。",0,1
hippowdon,default,sand-force,すなのちから,"天気が すなあらしの とき いわタイプと じめんタイプと はがねタイプの 威力が 上がる。",1,3
skorupi,default,battle-armor,カブトアーマー,"硬い 甲羅に 守られて 相手の 攻撃が 急所に 当たらない。",0,1
skorupi,default,sniper,スナイパー,"攻撃を 急所に 当てると 威力が さらに 上がる。",0,2
skorupi,default,keen-eye,するどいめ,"鋭い 目の おかげで 命中率を 下げられない。",1,3
drapion,default,battle-armor,カブトアーマー,"硬い 甲羅に 守られて 相手の 攻撃が 急所に 当たらない。",0,1
drapion,default,sniper,スナイパー,"攻撃を 急所に 当てると 威力が さらに 上がる。",0,2
drapion,default,keen-eye,するどいめ,"鋭い 目の おかげで 命中率を 下げられない。",1,3
croagunk,default,anticipation,きけんよち,"相手の 持つ 危険な 技を 察知する ことができる。",0,1
croagunk,default,dry-skin,かんそうはだ,"天気が 雨の時や みずタイプの 技で ＨＰが 回復し はれの時や ほのおタイプの 技で 減ってしまう。",0,2
croagunk,default,poison-touch,どくしゅ,"触る だけで 相手を どく 状態に することがある。",1,3
toxicroak,default,anticipation,きけんよち,"相手の 持つ 危険な 技を 察知する ことができる。",0,1
toxicroak,default,dry-skin,かんそうはだ,"天気が 雨の時や みずタイプの 技で ＨＰが 回復し はれの時や ほのおタイプの 技で 減ってしまう。",0,2
toxicroak,default,poison-touch,どくしゅ,"触る だけで 相手を どく 状態に することがある。",1,3
carnivine,default,levitate,ふゆう,"地面から 浮くことによって じめんタイプの 技を 受けない。",0,1
finneon,default,swift-swim,すいすい,"天気が 雨のとき 素早さが 上がる。",0,1
finneon,default,storm-drain,よびみず,"みずタイプの 技を 自分に よせつけ ダメージは 受けずに 特攻が 上がる。",0,2
finneon,default,water-veil,みずのベール,"水のベールを 身にまとい やけど状態に ならない。",1,3
lumineon,default,swift-swim,すいすい,"天気が 雨のとき 素早さが 上がる。",0,1
lumineon,default,storm-drain,よびみず,"みずタイプの 技を 自分に よせつけ ダメージは 受けずに 特攻が 上がる。",0,2
lumineon,default,water-veil,みずのベール,"水のベールを 身にまとい やけど状態に ならない。",1,3
mantyke,default,swift-swim,すいすい,"天気が 雨のとき 素早さが 上がる。",0,1
mantyke,default,water-absorb,ちょすい,"みずタイプの 技を 受けると ダメージを 受けずに 回復する。",0,2
mantyke,default,water-veil,みずのベール,"水のベールを 身にまとい やけど状態に ならない。",1,3
snover,default,snow-warning,ゆきふらし,"登場 したときに 天気を あられに する。",0,1
snover,default,soundproof,ぼうおん,"音を 遮断 することに よって 音の 攻撃を 受けない。",1,3
abomasnow,default,snow-warning,ゆきふらし,"登場 したときに 天気を あられに する。",0,1
abomasnow,default,soundproof,ぼうおん,"音を 遮断 することに よって 音の 攻撃を 受けない。",1,3
abomasnow,mega,snow-warning,ゆきふらし,"登場 したときに 天気を あられに する。",0,1
weavile,default,pressure,プレッシャー,"プレッシャーを あたえて 相手の 使う 技の ＰＰを 多く 減らす。",0,1
weavile,default,pickpocket,わるいてぐせ,"触られた 相手の 道具を 盗んで しまう。",1,3
magnezone,default,magnet-pull,じりょく,"はがねタイプの ポケモンを 磁力で 引きつけて 逃げられなくする。",0,1
magnezone,default,sturdy,がんじょう,"相手の 技を 受けても 一撃で 倒されることが ない。 一撃必殺技も 効かない。",0,2
magnezone,default,analytic,アナライズ,"いちばん 最後に 技を 出すと 技の 威力が 上がる。",1,3
lickilicky,default,own-tempo,マイペース,"マイペースなので こんらん状態に ならない。",0,1
lickilicky,default,oblivious,どんかん,"鈍感なので メロメロや ちょうはつ状態に ならない。",0,2
lickilicky,default,cloud-nine,ノーてんき,"あらゆる 天気の 影響が なくなって しまう。",1,3
rhyperior,default,lightning-rod,ひらいしん,"でんきタイプの 技を 自分に 寄せつけ ダメージを 受けずに 特攻が 上がる。",0,1
rhyperior,default,solid-rock,ハードロック,"効果バツグンに なってしまう 攻撃の 威力を 弱める ことが できる。",0,2
rhyperior,default,reckless,すてみ,"反動で ダメージを 受ける 技の 威力が 上がる。",1,3
tangrowth,default,chlorophyll,ようりょくそ,"天気が 晴れのとき 素早さが 上がる。",0,1
tangrowth,default,leaf-guard,リーフガード,"天気が 晴れのときは 状態異常に ならない。",0,2
tangrowth,default,regenerator,さいせいりょく,"手持ちに 引っ込むと ＨＰが 少し 回復する。",1,3
electivire,default,motor-drive,でんきエンジン,"でんきタイプの 技を 受けると ダメージを 受けずに 素早さが 上がる。",0,1
electivire,default,vital-spirit,やるき,"やる気を だすことに よって ねむり状態に ならない。",1,3
magmortar,default,flame-body,ほのおのからだ,"自分に 触った 相手を やけど状態に する ことがある。",0,1
magmortar,default,vital-spirit,やるき,"やる気を だすことに よって ねむり状態に ならない。",1,3
togekiss,default,hustle,はりきり,"自分の 攻撃が 高くなるが 命中率が 下がる。",0,1
togekiss,default,serene-grace,てんのめぐみ,"天の恵みの おかげで 技の 追加効果が でやすい。",0,2
togekiss,default,super-luck,きょううん,"強運を 持っているため 相手の 急所に 攻撃が 当たりやすい。",1,3
yanmega,default,speed-boost,かそく,"毎ターン 素早さが 上がる。",0,1
yanmega,default,tinted-lens,いろめがね,"効果が いまひとつの 技を 通常の 威力で 出すことが できる。",0,2
yanmega,default,frisk,おみとおし,"登場 したとき 相手の 持ち物を 見通すことが できる。",1,3
leafeon,default,leaf-guard,リーフガード,"天気が 晴れのときは 状態異常に ならない。",0,1
leafeon,default,chlorophyll,ようりょくそ,"天気が 晴れのとき 素早さが 上がる。",1,3
glaceon,default,snow-cloak,ゆきがくれ,"天気が あられのとき 回避率が 上がる。",0,1
glaceon,default,ice-body,アイスボディ,"天気が あられのとき ＨＰを 少しずつ 回復 する。",1,3
gliscor,default,hyper-cutter,かいりきバサミ,"力自慢の ハサミを 持っているので 相手に 攻撃を 下げられない。",0,1
gliscor,default,sand-veil,すながくれ,"砂あらしの とき 回避率が 上がる。",0,2
gliscor,default,poison-heal,ポイズンヒール,"どく状態に なると ＨＰが 減らずに 増えていく。",1,3
mamoswine,default,oblivious,どんかん,"鈍感なので メロメロや ちょうはつ状態に ならない。",0,1
mamoswine,default,snow-cloak,ゆきがくれ,"天気が あられのとき 回避率が 上がる。",0,2
mamoswine,default,thick-fat,あついしぼう,"厚い 脂肪で 守られているので ほのおタイプと こおりタイプの 技の ダメージを 半減させる。",1,3
porygon-z,default,adaptability,てきおうりょく,"自分と おなじ タイプの 技の 威力が 上がる。",0,1
porygon-z,default,download,ダウンロード,"相手の 防御と 特防を くらべて 低い ほうの 能力に あわせて 自分の 攻撃か 特攻を 上げる。",0,2
porygon-z,default,analytic,アナライズ,"いちばん 最後に 技を 出すと 技の 威力が 上がる。",1,3
gallade,default,steadfast,ふくつのこころ,"ひるむ たびに 不屈の心を 燃やして 素早さが 上がる。",0,1
gallade,default,sharpness,きれあじ,"相手を 切る技の 威力が 上がる。",0,2
gallade,default,justified,せいぎのこころ,"あくタイプの 攻撃を 受けると 正義感で 攻撃が 上がる。",1,3
gallade,mega,inner-focus,せいしんりょく,"鍛えられた 精神に よって 相手の 攻撃に ひるまない。",0,1
probopass,default,sturdy,がんじょう,"相手の 技を 受けても 一撃で 倒されることが ない。 一撃必殺技も 効かない。",0,1
probopass,default,magnet-pull,じりょく,"はがねタイプの ポケモンを 磁力で 引きつけて 逃げられなくする。",0,2
probopass,default,sand-force,すなのちから,"天気が すなあらしの とき いわタイプと じめんタイプと はがねタイプの 威力が 上がる。",1,3
dusknoir,default,pressure,プレッシャー,"プレッシャーを あたえて 相手の 使う 技の ＰＰを 多く 減らす。",0,1
dusknoir,default,frisk,おみとおし,"登場 したとき 相手の 持ち物を 見通すことが できる。",1,3
froslass,default,snow-cloak,ゆきがくれ,"天気が あられのとき 回避率が 上がる。",0,1
froslass,default,cursed-body,のろわれボディ,"攻撃を 受けると 相手の 技を かなしばり状態に することが ある。",1,3
froslass,mega,snow-warning,ゆきふらし,"登場 したときに 天気を あられに する。",0,1
rotom,default,levitate,ふゆう,"地面から 浮くことによって じめんタイプの 技を 受けない。",0,1
rotom,heat,levitate,ふゆう,"地面から 浮くことによって じめんタイプの 技を 受けない。",0,1
rotom,wash,levitate,ふゆう,"地面から 浮くことによって じめんタイプの 技を 受けない。",0,1
rotom,frost,levitate,ふゆう,"地面から 浮くことによって じめんタイプの 技を 受けない。",0,1
rotom,fan,levitate,ふゆう,"地面から 浮くことによって じめんタイプの 技を 受けない。",0,1
rotom,mow,levitate,ふゆう,"地面から 浮くことによって じめんタイプの 技を 受けない。",0,1
uxie,default,levitate,ふゆう,"地面から 浮くことによって じめんタイプの 技を 受けない。",0,1
mesprit,default,levitate,ふゆう,"地面から 浮くことによって じめんタイプの 技を 受けない。",0,1
azelf,default,levitate,ふゆう,"地面から 浮くことによって じめんタイプの 技を 受けない。",0,1
dialga,default,pressure,プレッシャー,"プレッシャーを あたえて 相手の 使う 技の ＰＰを 多く 減らす。",0,1
dialga,default,telepathy,テレパシー,"味方の 攻撃を 読み取って 技を 回避する。",1,3
dialga,origin,pressure,プレッシャー,"プレッシャーを あたえて 相手の 使う 技の ＰＰを 多く 減らす。",0,1
dialga,origin,telepathy,テレパシー,"味方の 攻撃を 読み取って 技を 回避する。",1,3
palkia,default,pressure,プレッシャー,"プレッシャーを あたえて 相手の 使う 技の ＰＰを 多く 減らす。",0,1
palkia,default,telepathy,テレパシー,"味方の 攻撃を 読み取って 技を 回避する。",1,3
palkia,origin,pressure,プレッシャー,"プレッシャーを あたえて 相手の 使う 技の ＰＰを 多く 減らす。",0,1
palkia,origin,telepathy,テレパシー,"味方の 攻撃を 読み取って 技を 回避する。",1,3
heatran,default,flash-fire,もらいび,"ほのおタイプの 技を 受けると 炎を もらい 自分が 出す ほのおタイプの 技が 強くなる。",0,1
heatran,default,flame-body,ほのおのからだ,"自分に 触った 相手を やけど状態に する ことがある。",1,3
regigigas,default,slow-start,スロースタート,"５ターンの あいだ 攻撃と 素早さが 半分に なる。",0,1
giratina,default,pressure,プレッシャー,"プレッシャーを あたえて 相手の 使う 技の ＰＰを 多く 減らす。",0,1
giratina,default,telepathy,テレパシー,"味方の 攻撃を 読み取って 技を 回避する。",1,3
giratina,origin,levitate,ふゆう,"地面から 浮くことによって じめんタイプの 技を 受けない。",0,1
cresselia,default,levitate,ふゆう,"地面から 浮くことによって じめんタイプの 技を 受けない。",0,1
phione,default,hydration,うるおいボディ,"天気が 雨のとき 状態異常が 治る。",0,1
manaphy,default,hydration,うるおいボディ,"天気が 雨のとき 状態異常が 治る。",0,1
darkrai,default,bad-dreams,ナイトメア,"ねむり状態の 相手に ダメージを あたえる。",0,1
shaymin,default,natural-cure,しぜんかいふく,"手持ちに ひっこむと 状態異常が 治る。",0,1
shaymin,sky,serene-grace,てんのめぐみ,"天の恵みの おかげで 技の 追加効果が でやすい。",0,1
arceus,default,multitype,マルチタイプ,"持っている プレートや Ｚクリスタルの タイプによって 自分の タイプが 変わる。",0,1
victini,default,victory-star,しょうりのほし,"自分や 味方の 命中率が 上がる。",0,1
snivy,default,overgrow,しんりょく,"ＨＰが 減ったとき くさタイプの 技の 威力が 上がる。",0,1
snivy,default,contrary,あまのじゃく,"能力の 変化が 逆転して 上がるときに 下がり 下がるときに 上がる。",1,3
servine,default,overgrow,しんりょく,"ＨＰが 減ったとき くさタイプの 技の 威力が 上がる。",0,1
servine,default,contrary,あまのじゃく,"能力の 変化が 逆転して 上がるときに 下がり 下がるときに 上がる。",1,3
serperior,default,overgrow,しんりょく,"ＨＰが 減ったとき くさタイプの 技の 威力が 上がる。",0,1
serperior,default,contrary,あまのじゃく,"能力の 変化が 逆転して 上がるときに 下がり 下がるときに 上がる。",1,3
tepig,default,blaze,もうか,"ＨＰが 減ったとき ほのおタイプの 技の 威力が 上がる。",0,1
tepig,default,thick-fat,あついしぼう,"厚い 脂肪で 守られているので ほのおタイプと こおりタイプの 技の ダメージを 半減させる。",1,3
pignite,default,blaze,もうか,"ＨＰが 減ったとき ほのおタイプの 技の 威力が 上がる。",0,1
pignite,default,thick-fat,あついしぼう,"厚い 脂肪で 守られているので ほのおタイプと こおりタイプの 技の ダメージを 半減させる。",1,3
emboar,default,blaze,もうか,"ＨＰが 減ったとき ほのおタイプの 技の 威力が 上がる。",0,1
emboar,default,reckless,すてみ,"反動で ダメージを 受ける 技の 威力が 上がる。",1,3
emboar,mega,mold-breaker,かたやぶり,"相手の 特性に ジャマされる ことなく 相手に 技を 出すことが できる。",0,1
oshawott,default,torrent,げきりゅう,"ＨＰが 減ったとき みずタイプの 技の 威力が 上がる。",0,1
oshawott,default,shell-armor,シェルアーマー,"硬い 殻に 守られ 相手の 攻撃が 急所に 当たらない。",1,3
dewott,default,torrent,げきりゅう,"ＨＰが 減ったとき みずタイプの 技の 威力が 上がる。",0,1
dewott,default,shell-armor,シェルアーマー,"硬い 殻に 守られ 相手の 攻撃が 急所に 当たらない。",1,3
samurott,default,torrent,げきりゅう,"ＨＰが 減ったとき みずタイプの 技の 威力が 上がる。",0,1
samurott,default,shell-armor,シェルアーマー,"硬い 殻に 守られ 相手の 攻撃が 急所に 当たらない。",1,3
samurott,hisui,torrent,げきりゅう,"ＨＰが 減ったとき みずタイプの 技の 威力が 上がる。",0,1
samurott,hisui,sharpness,きれあじ,"相手を 切る技の 威力が 上がる。",1,3
patrat,default,run-away,にげあし,"野生の ポケモンから 必ず 逃げられる。",0,1
patrat,default,keen-eye,するどいめ,"鋭い 目の おかげで 命中率を 下げられない。",0,2
patrat,default,analytic,アナライズ,"いちばん 最後に 技を 出すと 技の 威力が 上がる。",1,3
watchog,default,illuminate,はっこう,"あたりを 明るくする ことで 野生の ポケモンに 遭遇 しやすくなる。",0,1
watchog,default,keen-eye,するどいめ,"鋭い 目の おかげで 命中率を 下げられない。",0,2
watchog,default,analytic,アナライズ,"いちばん 最後に 技を 出すと 技の 威力が 上がる。",1,3
lillipup,default,vital-spirit,やるき,"やる気を だすことに よって ねむり状態に ならない。",0,1
lillipup,default,pickup,ものひろい,"相手の 使った 道具を 拾ってくることが ある。 冒険中も 拾ってくる。",0,2
lillipup,default,run-away,にげあし,"野生の ポケモンから 必ず 逃げられる。",1,3
herdier,default,intimidate,いかく,"登場 したとき 威嚇して 相手を 萎縮させ 相手の 攻撃を 下げて しまう。",0,1
herdier,default,sand-rush,すなかき,"天気が すなあらし のとき 素早さが 上がる。",0,2
herdier,default,scrappy,きもったま,"ゴーストタイプの ポケモンに ノーマルタイプと かくとうタイプの 技を 当てることが できる。",1,3
stoutland,default,intimidate,いかく,"登場 したとき 威嚇して 相手を 萎縮させ 相手の 攻撃を 下げて しまう。",0,1
stoutland,default,sand-rush,すなかき,"天気が すなあらし のとき 素早さが 上がる。",0,2
stoutland,default,scrappy,きもったま,"ゴーストタイプの ポケモンに ノーマルタイプと かくとうタイプの 技を 当てることが できる。",1,3
purrloin,default,limber,じゅうなん,"柔軟な 体によって まひ状態に ならない。",0,1
purrloin,default,unburden,かるわざ,"持っていた 道具が なくなると 素早さが 上がる。",0,2
purrloin,default,prankster,いたずらごころ,"変化技を 先制で 出すことが できる。",1,3
liepard,default,limber,じゅうなん,"柔軟な 体によって まひ状態に ならない。",0,1
liepard,default,unburden,かるわざ,"持っていた 道具が なくなると 素早さが 上がる。",0,2
liepard,default,prankster,いたずらごころ,"変化技を 先制で 出すことが できる。",1,3
pansage,default,gluttony,くいしんぼう,"ＨＰが 少なくなったら 食べる きのみを ＨＰ 半分の 時に 食べてしまう。",0,1
pansage,default,overgrow,しんりょく,"ＨＰが 減ったとき くさタイプの 技の 威力が 上がる。",1,3
simisage,default,gluttony,くいしんぼう,"ＨＰが 少なくなったら 食べる きのみを ＨＰ 半分の 時に 食べてしまう。",0,1
simisage,default,overgrow,しんりょく,"ＨＰが 減ったとき くさタイプの 技の 威力が 上がる。",1,3
pansear,default,gluttony,くいしんぼう,"ＨＰが 少なくなったら 食べる きのみを ＨＰ 半分の 時に 食べてしまう。",0,1
pansear,default,blaze,もうか,"ＨＰが 減ったとき ほのおタイプの 技の 威力が 上がる。",1,3
simisear,default,gluttony,くいしんぼう,"ＨＰが 少なくなったら 食べる きのみを ＨＰ 半分の 時に 食べてしまう。",0,1
simisear,default,blaze,もうか,"ＨＰが 減ったとき ほのおタイプの 技の 威力が 上がる。",1,3
panpour,default,gluttony,くいしんぼう,"ＨＰが 少なくなったら 食べる きのみを ＨＰ 半分の 時に 食べてしまう。",0,1
panpour,default,torrent,げきりゅう,"ＨＰが 減ったとき みずタイプの 技の 威力が 上がる。",1,3
simipour,default,gluttony,くいしんぼう,"ＨＰが 少なくなったら 食べる きのみを ＨＰ 半分の 時に 食べてしまう。",0,1
simipour,default,torrent,げきりゅう,"ＨＰが 減ったとき みずタイプの 技の 威力が 上がる。",1,3
munna,default,forewarn,よちむ,"登場 したとき 相手の 持つ 技を ひとつだけ 読み取る。",0,1
munna,default,synchronize,シンクロ,"自分が なってしまった どくや まひや やけどを 相手に うつす。",0,2
munna,default,telepathy,テレパシー,"味方の 攻撃を 読み取って 技を 回避する。",1,3
musharna,default,forewarn,よちむ,"登場 したとき 相手の 持つ 技を ひとつだけ 読み取る。",0,1
musharna,default,synchronize,シンクロ,"自分が なってしまった どくや まひや やけどを 相手に うつす。",0,2
musharna,default,telepathy,テレパシー,"味方の 攻撃を 読み取って 技を 回避する。",1,3
pidove,default,big-pecks,はとむね,"防御を 下げる 効果を 受けない。",0,1
pidove,default,super-luck,きょううん,"強運を 持っているため 相手の 急所に 攻撃が 当たりやすい。",0,2
pidove,default,rivalry,とうそうしん,"性別が 同じだと 闘争心を 燃やして 強くなる。 性別が 違うと 弱くなる。",1,3
tranquill,default,big-pecks,はとむね,"防御を 下げる 効果を 受けない。",0,1
tranquill,default,super-luck,きょううん,"強運を 持っているため 相手の 急所に 攻撃が 当たりやすい。",0,2
tranquill,default,rivalry,とうそうしん,"性別が 同じだと 闘争心を 燃やして 強くなる。 性別が 違うと 弱くなる。",1,3
unfezant,default,big-pecks,はとむね,"防御を 下げる 効果を 受けない。",0,1
unfezant,default,super-luck,きょううん,"強運を 持っているため 相手の 急所に 攻撃が 当たりやすい。",0,2
unfezant,default,rivalry,とうそうしん,"性別が 同じだと 闘争心を 燃やして 強くなる。 性別が 違うと 弱くなる。",1,3
blitzle,default,lightning-rod,ひらいしん,"でんきタイプの 技を 自分に 寄せつけ ダメージを 受けずに 特攻が 上がる。",0,1
blitzle,default,motor-drive,でんきエンジン,"でんきタイプの 技を 受けると ダメージを 受けずに 素早さが 上がる。",0,2
blitzle,default,sap-sipper,そうしょく,"くさタイプの 技を 受けると ダメージを 受けずに 攻撃が 上がる。",1,3
zebstrika,default,lightning-rod,ひらいしん,"でんきタイプの 技を 自分に 寄せつけ ダメージを 受けずに 特攻が 上がる。",0,1
zebstrika,default,motor-drive,でんきエンジン,"でんきタイプの 技を 受けると ダメージを 受けずに 素早さが 上がる。",0,2
zebstrika,default,sap-sipper,そうしょく,"くさタイプの 技を 受けると ダメージを 受けずに 攻撃が 上がる。",1,3
roggenrola,default,sturdy,がんじょう,"相手の 技を 受けても 一撃で 倒されることが ない。 一撃必殺技も 効かない。",0,1
roggenrola,default,weak-armor,くだけるよろい,"物理技で ダメージを 受けると 防御が 下がり 素早さが ぐーんと 上がる。",0,2
roggenrola,default,sand-force,すなのちから,"天気が すなあらしの とき いわタイプと じめんタイプと はがねタイプの 威力が 上がる。",1,3
boldore,default,sturdy,がんじょう,"相手の 技を 受けても 一撃で 倒されることが ない。 一撃必殺技も 効かない。",0,1
boldore,default,weak-armor,くだけるよろい,"物理技で ダメージを 受けると 防御が 下がり 素早さが ぐーんと 上がる。",0,2
boldore,default,sand-force,すなのちから,"天気が すなあらしの とき いわタイプと じめんタイプと はがねタイプの 威力が 上がる。",1,3
gigalith,default,sturdy,がんじょう,"相手の 技を 受けても 一撃で 倒されることが ない。 一撃必殺技も 効かない。",0,1
gigalith,default,sand-stream,すなおこし,"登場 したとき 天気を 砂あらしにする。",0,2
gigalith,default,sand-force,すなのちから,"天気が すなあらしの とき いわタイプと じめんタイプと はがねタイプの 威力が 上がる。",1,3
woobat,default,unaware,てんねん,"相手の 能力の 変化を 無視して 攻撃が できる。",0,1
woobat,default,klutz,ぶきよう,"持っている 道具を 使うことが できない。",0,2
woobat,default,simple,たんじゅん,"能力 変化が いつもの ２倍に なる。",1,3
swoobat,default,unaware,てんねん,"相手の 能力の 変化を 無視して 攻撃が できる。",0,1
swoobat,default,klutz,ぶきよう,"持っている 道具を 使うことが できない。",0,2
swoobat,default,simple,たんじゅん,"能力 変化が いつもの ２倍に なる。",1,3
drilbur,default,sand-rush,すなかき,"天気が すなあらし のとき 素早さが 上がる。",0,1
drilbur,default,sand-force,すなのちから,"天気が すなあらしの とき いわタイプと じめんタイプと はがねタイプの 威力が 上がる。",0,2
drilbur,default,mold-breaker,かたやぶり,"相手の 特性に ジャマされる ことなく 相手に 技を 出すことが できる。",1,3
excadrill,default,sand-rush,すなかき,"天気が すなあらし のとき 素早さが 上がる。",0,1
excadrill,default,sand-force,すなのちから,"天気が すなあらしの とき いわタイプと じめんタイプと はがねタイプの 威力が 上がる。",0,2
excadrill,default,mold-breaker,かたやぶり,"相手の 特性に ジャマされる ことなく 相手に 技を 出すことが できる。",1,3
excadrill,mega,piercing-drill,かんつうドリル,"接触技を使う時 相手の守りの効果を無視して 本来の1/4のダメージを与える。 相手の守りの効果以外は発動される。",0,1
audino,default,healer,いやしのこころ,"状態異常の 味方を たまに 治してあげる。",0,1
audino,default,regenerator,さいせいりょく,"手持ちに 引っ込むと ＨＰが 少し 回復する。",0,2
audino,default,klutz,ぶきよう,"持っている 道具を 使うことが できない。",1,3
audino,mega,healer,いやしのこころ,"状態異常の 味方を たまに 治してあげる。",0,1
timburr,default,guts,こんじょう,"状態異常に なると 根性を だして 攻撃が 上がる。",0,1
timburr,default,sheer-force,ちからずく,"技の 追加効果は なくなるが そのぶん 高い 威力で 技を 出すことが できる。",0,2
timburr,default,iron-fist,てつのこぶし,"パンチを 使う 技の 威力が 上がる。",1,3
gurdurr,default,guts,こんじょう,"状態異常に なると 根性を だして 攻撃が 上がる。",0,1
gurdurr,default,sheer-force,ちからずく,"技の 追加効果は なくなるが そのぶん 高い 威力で 技を 出すことが できる。",0,2
gurdurr,default,iron-fist,てつのこぶし,"パンチを 使う 技の 威力が 上がる。",1,3
conkeldurr,default,guts,こんじょう,"状態異常に なると 根性を だして 攻撃が 上がる。",0,1
conkeldurr,default,sheer-force,ちからずく,"技の 追加効果は なくなるが そのぶん 高い 威力で 技を 出すことが できる。",0,2
conkeldurr,default,iron-fist,てつのこぶし,"パンチを 使う 技の 威力が 上がる。",1,3
tympole,default,swift-swim,すいすい,"天気が 雨のとき 素早さが 上がる。",0,1
tympole,default,hydration,うるおいボディ,"天気が 雨のとき 状態異常が 治る。",0,2
tympole,default,water-absorb,ちょすい,"みずタイプの 技を 受けると ダメージを 受けずに 回復する。",1,3
palpitoad,default,swift-swim,すいすい,"天気が 雨のとき 素早さが 上がる。",0,1
palpitoad,default,hydration,うるおいボディ,"天気が 雨のとき 状態異常が 治る。",0,2
palpitoad,default,water-absorb,ちょすい,"みずタイプの 技を 受けると ダメージを 受けずに 回復する。",1,3
seismitoad,default,swift-swim,すいすい,"天気が 雨のとき 素早さが 上がる。",0,1
seismitoad,default,poison-touch,どくしゅ,"触る だけで 相手を どく 状態に することがある。",0,2
seismitoad,default,water-absorb,ちょすい,"みずタイプの 技を 受けると ダメージを 受けずに 回復する。",1,3
throh,default,guts,こんじょう,"状態異常に なると 根性を だして 攻撃が 上がる。",0,1
throh,default,inner-focus,せいしんりょく,"鍛えられた 精神に よって 相手の 攻撃に ひるまない。",0,2
throh,default,mold-breaker,かたやぶり,"相手の 特性に ジャマされる ことなく 相手に 技を 出すことが できる。",1,3
sawk,default,sturdy,がんじょう,"相手の 技を 受けても 一撃で 倒されることが ない。 一撃必殺技も 効かない。",0,1
sawk,default,inner-focus,せいしんりょく,"鍛えられた 精神に よって 相手の 攻撃に ひるまない。",0,2
sawk,default,mold-breaker,かたやぶり,"相手の 特性に ジャマされる ことなく 相手に 技を 出すことが できる。",1,3
sewaddle,default,swarm,むしのしらせ,"ＨＰが 減ったとき むしタイプの 技の 威力が 上がる。",0,1
sewaddle,default,chlorophyll,ようりょくそ,"天気が 晴れのとき 素早さが 上がる。",0,2
sewaddle,default,overcoat,ぼうじん,"すなあらしや あられなどの ダメージを 受けない。 粉の 技を 受けない。",1,3
swadloon,default,leaf-guard,リーフガード,"天気が 晴れのときは 状態異常に ならない。",0,1
swadloon,default,chlorophyll,ようりょくそ,"天気が 晴れのとき 素早さが 上がる。",0,2
swadloon,default,overcoat,ぼうじん,"すなあらしや あられなどの ダメージを 受けない。 粉の 技を 受けない。",1,3
leavanny,default,swarm,むしのしらせ,"ＨＰが 減ったとき むしタイプの 技の 威力が 上がる。",0,1
leavanny,default,chlorophyll,ようりょくそ,"天気が 晴れのとき 素早さが 上がる。",0,2
leavanny,default,overcoat,ぼうじん,"すなあらしや あられなどの ダメージを 受けない。 粉の 技を 受けない。",1,3
venipede,default,poison-point,どくのトゲ,"自分に 触った 相手を どく状態に することがある。",0,1
venipede,default,swarm,むしのしらせ,"ＨＰが 減ったとき むしタイプの 技の 威力が 上がる。",0,2
venipede,default,speed-boost,かそく,"毎ターン 素早さが 上がる。",1,3
whirlipede,default,poison-point,どくのトゲ,"自分に 触った 相手を どく状態に することがある。",0,1
whirlipede,default,swarm,むしのしらせ,"ＨＰが 減ったとき むしタイプの 技の 威力が 上がる。",0,2
whirlipede,default,speed-boost,かそく,"毎ターン 素早さが 上がる。",1,3
scolipede,default,poison-point,どくのトゲ,"自分に 触った 相手を どく状態に することがある。",0,1
scolipede,default,swarm,むしのしらせ,"ＨＰが 減ったとき むしタイプの 技の 威力が 上がる。",0,2
scolipede,default,speed-boost,かそく,"毎ターン 素早さが 上がる。",1,3
cottonee,default,prankster,いたずらごころ,"変化技を 先制で 出すことが できる。",0,1
cottonee,default,infiltrator,すりぬけ,"相手の 壁や 身代わりを すりぬけて 攻撃 できる",0,2
cottonee,default,chlorophyll,ようりょくそ,"天気が 晴れのとき 素早さが 上がる。",1,3
whimsicott,default,prankster,いたずらごころ,"変化技を 先制で 出すことが できる。",0,1
whimsicott,default,infiltrator,すりぬけ,"相手の 壁や 身代わりを すりぬけて 攻撃 できる",0,2
whimsicott,default,chlorophyll,ようりょくそ,"天気が 晴れのとき 素早さが 上がる。",1,3
petilil,default,chlorophyll,ようりょくそ,"天気が 晴れのとき 素早さが 上がる。",0,1
petilil,default,own-tempo,マイペース,"マイペースなので こんらん状態に ならない。",0,2
petilil,default,leaf-guard,リーフガード,"天気が 晴れのときは 状態異常に ならない。",1,3
lilligant,default,chlorophyll,ようりょくそ,"天気が 晴れのとき 素早さが 上がる。",0,1
lilligant,default,own-tempo,マイペース,"マイペースなので こんらん状態に ならない。",0,2
lilligant,default,leaf-guard,リーフガード,"天気が 晴れのときは 状態異常に ならない。",1,3
lilligant,hisui,chlorophyll,ようりょくそ,"天気が 晴れのとき 素早さが 上がる。",0,1
lilligant,hisui,hustle,はりきり,"自分の 攻撃が 高くなるが 命中率が 下がる。",0,2
lilligant,hisui,leaf-guard,リーフガード,"天気が 晴れのときは 状態異常に ならない。",1,3
basculin,default,reckless,すてみ,"反動で ダメージを 受ける 技の 威力が 上がる。",0,1
basculin,default,adaptability,てきおうりょく,"自分と おなじ タイプの 技の 威力が 上がる。",0,2
basculin,default,mold-breaker,かたやぶり,"相手の 特性に ジャマされる ことなく 相手に 技を 出すことが できる。",1,3
basculin,blue-striped,rock-head,いしあたま,"反動を 受ける 技を 出しても ＨＰが 減らない。",0,1
basculin,blue-striped,adaptability,てきおうりょく,"自分と おなじ タイプの 技の 威力が 上がる。",0,2
basculin,blue-striped,mold-breaker,かたやぶり,"相手の 特性に ジャマされる ことなく 相手に 技を 出すことが できる。",1,3
basculin,white-striped,rattled,びびり,"あくタイプと ゴーストタイプと むしタイプの 技を 受けると びびって 素早さが 上がる。",0,1
basculin,white-striped,adaptability,てきおうりょく,"自分と おなじ タイプの 技の 威力が 上がる。",0,2
basculin,white-striped,mold-breaker,かたやぶり,"相手の 特性に ジャマされる ことなく 相手に 技を 出すことが できる。",1,3
sandile,default,intimidate,いかく,"登場 したとき 威嚇して 相手を 萎縮させ 相手の 攻撃を 下げて しまう。",0,1
sandile,default,moxie,じしんかじょう,"相手を 倒すと 自信が ついて 攻撃が 上がる。",0,2
sandile,default,anger-point,いかりのつぼ,"急所に 攻撃が 当たると 怒りくるって 攻撃力が 最大に なる。",1,3
krokorok,default,intimidate,いかく,"登場 したとき 威嚇して 相手を 萎縮させ 相手の 攻撃を 下げて しまう。",0,1
krokorok,default,moxie,じしんかじょう,"相手を 倒すと 自信が ついて 攻撃が 上がる。",0,2
krokorok,default,anger-point,いかりのつぼ,"急所に 攻撃が 当たると 怒りくるって 攻撃力が 最大に なる。",1,3
krookodile,default,intimidate,いかく,"登場 したとき 威嚇して 相手を 萎縮させ 相手の 攻撃を 下げて しまう。",0,1
krookodile,default,moxie,じしんかじょう,"相手を 倒すと 自信が ついて 攻撃が 上がる。",0,2
krookodile,default,anger-point,いかりのつぼ,"急所に 攻撃が 当たると 怒りくるって 攻撃力が 最大に なる。",1,3
darumaka,default,hustle,はりきり,"自分の 攻撃が 高くなるが 命中率が 下がる。",0,1
darumaka,default,inner-focus,せいしんりょく,"鍛えられた 精神に よって 相手の 攻撃に ひるまない。",1,3
darumaka,galar,hustle,はりきり,"自分の 攻撃が 高くなるが 命中率が 下がる。",0,1
darumaka,galar,inner-focus,せいしんりょく,"鍛えられた 精神に よって 相手の 攻撃に ひるまない。",1,3
darmanitan,default,sheer-force,ちからずく,"技の 追加効果は なくなるが そのぶん 高い 威力で 技を 出すことが できる。",0,1
darmanitan,default,zen-mode,ダルマモード,"ＨＰが 半分 以下に なると 姿が 変化する。",1,3
darmanitan,zen,sheer-force,ちからずく,"技の 追加効果は なくなるが そのぶん 高い 威力で 技を 出すことが できる。",0,1
darmanitan,zen,zen-mode,ダルマモード,"ＨＰが 半分 以下に なると 姿が 変化する。",1,3
darmanitan,galar-standard,gorilla-tactics,ごりむちゅう,"攻撃は 上がるが 最初に 選んだ 技しか 出せなくなる。",0,1
darmanitan,galar-standard,zen-mode,ダルマモード,"ＨＰが 半分 以下に なると 姿が 変化する。",1,3
darmanitan,galar-zen,gorilla-tactics,ごりむちゅう,"攻撃は 上がるが 最初に 選んだ 技しか 出せなくなる。",0,1
darmanitan,galar-zen,zen-mode,ダルマモード,"ＨＰが 半分 以下に なると 姿が 変化する。",1,3
maractus,default,water-absorb,ちょすい,"みずタイプの 技を 受けると ダメージを 受けずに 回復する。",0,1
maractus,default,chlorophyll,ようりょくそ,"天気が 晴れのとき 素早さが 上がる。",0,2
maractus,default,storm-drain,よびみず,"みずタイプの 技を 自分に よせつけ ダメージは 受けずに 特攻が 上がる。",1,3
dwebble,default,sturdy,がんじょう,"相手の 技を 受けても 一撃で 倒されることが ない。 一撃必殺技も 効かない。",0,1
dwebble,default,shell-armor,シェルアーマー,"硬い 殻に 守られ 相手の 攻撃が 急所に 当たらない。",0,2
dwebble,default,weak-armor,くだけるよろい,"物理技で ダメージを 受けると 防御が 下がり 素早さが ぐーんと 上がる。",1,3
crustle,default,sturdy,がんじょう,"相手の 技を 受けても 一撃で 倒されることが ない。 一撃必殺技も 効かない。",0,1
crustle,default,shell-armor,シェルアーマー,"硬い 殻に 守られ 相手の 攻撃が 急所に 当たらない。",0,2
crustle,default,weak-armor,くだけるよろい,"物理技で ダメージを 受けると 防御が 下がり 素早さが ぐーんと 上がる。",1,3
scraggy,default,shed-skin,だっぴ,"体の 皮を 脱ぎ捨てることで 状態異常を 治すことが ある。",0,1
scraggy,default,moxie,じしんかじょう,"相手を 倒すと 自信が ついて 攻撃が 上がる。",0,2
scraggy,default,intimidate,いかく,"登場 したとき 威嚇して 相手を 萎縮させ 相手の 攻撃を 下げて しまう。",1,3
scrafty,default,shed-skin,だっぴ,"体の 皮を 脱ぎ捨てることで 状態異常を 治すことが ある。",0,1
scrafty,default,moxie,じしんかじょう,"相手を 倒すと 自信が ついて 攻撃が 上がる。",0,2
scrafty,default,intimidate,いかく,"登場 したとき 威嚇して 相手を 萎縮させ 相手の 攻撃を 下げて しまう。",1,3
sigilyph,default,wonder-skin,ミラクルスキン,"変化技を 受けにくい 体に なっている。",0,1
sigilyph,default,magic-guard,マジックガード,"攻撃 以外では ダメージを 受けない。",0,2
sigilyph,default,tinted-lens,いろめがね,"効果が いまひとつの 技を 通常の 威力で 出すことが できる。",1,3
yamask,default,mummy,ミイラ,"相手に 触られると 相手を ミイラに してしまう。",0,1
yamask,galar,wandering-spirit,さまようたましい,"接触する 技で 攻撃 してきた ポケモンと 特性を 入れ替える。",0,1
cofagrigus,default,mummy,ミイラ,"相手に 触られると 相手を ミイラに してしまう。",0,1
tirtouga,default,solid-rock,ハードロック,"効果バツグンに なってしまう 攻撃の 威力を 弱める ことが できる。",0,1
tirtouga,default,sturdy,がんじょう,"相手の 技を 受けても 一撃で 倒されることが ない。 一撃必殺技も 効かない。",0,2
tirtouga,default,swift-swim,すいすい,"天気が 雨のとき 素早さが 上がる。",1,3
carracosta,default,solid-rock,ハードロック,"効果バツグンに なってしまう 攻撃の 威力を 弱める ことが できる。",0,1
carracosta,default,sturdy,がんじょう,"相手の 技を 受けても 一撃で 倒されることが ない。 一撃必殺技も 効かない。",0,2
carracosta,default,swift-swim,すいすい,"天気が 雨のとき 素早さが 上がる。",1,3
archen,default,defeatist,よわき,"ＨＰが 半分に なると 弱気に なって 攻撃と 特攻が 半減する。",0,1
archeops,default,defeatist,よわき,"ＨＰが 半分に なると 弱気に なって 攻撃と 特攻が 半減する。",0,1
trubbish,default,stench,あくしゅう,"臭い においを 放つことによって 攻撃した ときに 相手を ひるませることが ある。",0,1
trubbish,default,sticky-hold,ねんちゃく,"粘着質の 体に 道具が くっついているため 相手に 道具を 奪われない。",0,2
trubbish,default,aftermath,ゆうばく,"ひんしに なったとき 触った 相手に ダメージを あたえる。",1,3
garbodor,default,stench,あくしゅう,"臭い においを 放つことによって 攻撃した ときに 相手を ひるませることが ある。",0,1
garbodor,default,weak-armor,くだけるよろい,"物理技で ダメージを 受けると 防御が 下がり 素早さが ぐーんと 上がる。",0,2
garbodor,default,aftermath,ゆうばく,"ひんしに なったとき 触った 相手に ダメージを あたえる。",1,3
zorua,default,illusion,イリュージョン,"手持ちの いちばん うしろに いる ポケモンに なりきって 登場して 相手を 化かす。",0,1
zorua,hisui,illusion,イリュージョン,"手持ちの いちばん うしろに いる ポケモンに なりきって 登場して 相手を 化かす。",0,1
zoroark,default,illusion,イリュージョン,"手持ちの いちばん うしろに いる ポケモンに なりきって 登場して 相手を 化かす。",0,1
zoroark,hisui,illusion,イリュージョン,"手持ちの いちばん うしろに いる ポケモンに なりきって 登場して 相手を 化かす。",0,1
minccino,default,cute-charm,メロメロボディ,"自分に 触った 相手を メロメロに することが ある。",0,1
minccino,default,technician,テクニシャン,"威力が 低い 技の 威力を 高くして 攻撃できる。",0,2
minccino,default,skill-link,スキルリンク,"連続技を 使うと いつも 最高回数 出すことが できる。",1,3
cinccino,default,cute-charm,メロメロボディ,"自分に 触った 相手を メロメロに することが ある。",0,1
cinccino,default,technician,テクニシャン,"威力が 低い 技の 威力を 高くして 攻撃できる。",0,2
cinccino,default,skill-link,スキルリンク,"連続技を 使うと いつも 最高回数 出すことが できる。",1,3
gothita,default,frisk,おみとおし,"登場 したとき 相手の 持ち物を 見通すことが できる。",0,1
gothita,default,competitive,かちき,"能力を 下げられると 特攻が ぐーんと 上がる。",0,2
gothita,default,shadow-tag,かげふみ,"相手の 影を 踏み 逃げたり 交代 できなくする。",1,3
gothorita,default,frisk,おみとおし,"登場 したとき 相手の 持ち物を 見通すことが できる。",0,1
gothorita,default,competitive,かちき,"能力を 下げられると 特攻が ぐーんと 上がる。",0,2
gothorita,default,shadow-tag,かげふみ,"相手の 影を 踏み 逃げたり 交代 できなくする。",1,3
gothitelle,default,frisk,おみとおし,"登場 したとき 相手の 持ち物を 見通すことが できる。",0,1
gothitelle,default,competitive,かちき,"能力を 下げられると 特攻が ぐーんと 上がる。",0,2
gothitelle,default,shadow-tag,かげふみ,"相手の 影を 踏み 逃げたり 交代 できなくする。",1,3
solosis,default,overcoat,ぼうじん,"すなあらしや あられなどの ダメージを 受けない。 粉の 技を 受けない。",0,1
solosis,default,magic-guard,マジックガード,"攻撃 以外では ダメージを 受けない。",0,2
solosis,default,regenerator,さいせいりょく,"手持ちに 引っ込むと ＨＰが 少し 回復する。",1,3
duosion,default,overcoat,ぼうじん,"すなあらしや あられなどの ダメージを 受けない。 粉の 技を 受けない。",0,1
duosion,default,magic-guard,マジックガード,"攻撃 以外では ダメージを 受けない。",0,2
duosion,default,regenerator,さいせいりょく,"手持ちに 引っ込むと ＨＰが 少し 回復する。",1,3
reuniclus,default,overcoat,ぼうじん,"すなあらしや あられなどの ダメージを 受けない。 粉の 技を 受けない。",0,1
reuniclus,default,magic-guard,マジックガード,"攻撃 以外では ダメージを 受けない。",0,2
reuniclus,default,regenerator,さいせいりょく,"手持ちに 引っ込むと ＨＰが 少し 回復する。",1,3
ducklett,default,keen-eye,するどいめ,"鋭い 目の おかげで 命中率を 下げられない。",0,1
ducklett,default,big-pecks,はとむね,"防御を 下げる 効果を 受けない。",0,2
ducklett,default,hydration,うるおいボディ,"天気が 雨のとき 状態異常が 治る。",1,3
swanna,default,keen-eye,するどいめ,"鋭い 目の おかげで 命中率を 下げられない。",0,1
swanna,default,big-pecks,はとむね,"防御を 下げる 効果を 受けない。",0,2
swanna,default,hydration,うるおいボディ,"天気が 雨のとき 状態異常が 治る。",1,3
vanillite,default,ice-body,アイスボディ,"天気が あられのとき ＨＰを 少しずつ 回復 する。",0,1
vanillite,default,snow-cloak,ゆきがくれ,"天気が あられのとき 回避率が 上がる。",0,2
vanillite,default,weak-armor,くだけるよろい,"物理技で ダメージを 受けると 防御が 下がり 素早さが ぐーんと 上がる。",1,3
vanillish,default,ice-body,アイスボディ,"天気が あられのとき ＨＰを 少しずつ 回復 する。",0,1
vanillish,default,snow-cloak,ゆきがくれ,"天気が あられのとき 回避率が 上がる。",0,2
vanillish,default,weak-armor,くだけるよろい,"物理技で ダメージを 受けると 防御が 下がり 素早さが ぐーんと 上がる。",1,3
vanilluxe,default,ice-body,アイスボディ,"天気が あられのとき ＨＰを 少しずつ 回復 する。",0,1
vanilluxe,default,snow-warning,ゆきふらし,"登場 したときに 天気を あられに する。",0,2
vanilluxe,default,weak-armor,くだけるよろい,"物理技で ダメージを 受けると 防御が 下がり 素早さが ぐーんと 上がる。",1,3
deerling,default,chlorophyll,ようりょくそ,"天気が 晴れのとき 素早さが 上がる。",0,1
deerling,default,sap-sipper,そうしょく,"くさタイプの 技を 受けると ダメージを 受けずに 攻撃が 上がる。",0,2
deerling,default,serene-grace,てんのめぐみ,"天の恵みの おかげで 技の 追加効果が でやすい。",1,3
sawsbuck,default,chlorophyll,ようりょくそ,"天気が 晴れのとき 素早さが 上がる。",0,1
sawsbuck,default,sap-sipper,そうしょく,"くさタイプの 技を 受けると ダメージを 受けずに 攻撃が 上がる。",0,2
sawsbuck,default,serene-grace,てんのめぐみ,"天の恵みの おかげで 技の 追加効果が でやすい。",1,3
emolga,default,static,せいでんき,"静電気を 体に まとい 触った 相手を まひさせる ことがある。",0,1
emolga,default,motor-drive,でんきエンジン,"でんきタイプの 技を 受けると ダメージを 受けずに 素早さが 上がる。",1,3
karrablast,default,swarm,むしのしらせ,"ＨＰが 減ったとき むしタイプの 技の 威力が 上がる。",0,1
karrablast,default,shed-skin,だっぴ,"体の 皮を 脱ぎ捨てることで 状態異常を 治すことが ある。",0,2
karrablast,default,no-guard,ノーガード,"ノーガード戦法に よって お互いの 出す 技が かならず 当たる ようになる。",1,3
escavalier,default,swarm,むしのしらせ,"ＨＰが 減ったとき むしタイプの 技の 威力が 上がる。",0,1
escavalier,default,shell-armor,シェルアーマー,"硬い 殻に 守られ 相手の 攻撃が 急所に 当たらない。",0,2
escavalier,default,overcoat,ぼうじん,"すなあらしや あられなどの ダメージを 受けない。 粉の 技を 受けない。",1,3
foongus,default,effect-spore,ほうし,"攻撃で 自分に 触れた 相手を どくや まひや ねむり状態に する ことがある。",0,1
foongus,default,regenerator,さいせいりょく,"手持ちに 引っ込むと ＨＰが 少し 回復する。",1,3
amoonguss,default,effect-spore,ほうし,"攻撃で 自分に 触れた 相手を どくや まひや ねむり状態に する ことがある。",0,1
amoonguss,default,regenerator,さいせいりょく,"手持ちに 引っ込むと ＨＰが 少し 回復する。",1,3
frillish,default,water-absorb,ちょすい,"みずタイプの 技を 受けると ダメージを 受けずに 回復する。",0,1
frillish,default,cursed-body,のろわれボディ,"攻撃を 受けると 相手の 技を かなしばり状態に することが ある。",0,2
frillish,default,damp,しめりけ,"あたりを 湿らせることに よって じばく などの 爆発する 技を だれも 使えなくなる。",1,3
jellicent,default,water-absorb,ちょすい,"みずタイプの 技を 受けると ダメージを 受けずに 回復する。",0,1
jellicent,default,cursed-body,のろわれボディ,"攻撃を 受けると 相手の 技を かなしばり状態に することが ある。",0,2
jellicent,default,damp,しめりけ,"あたりを 湿らせることに よって じばく などの 爆発する 技を だれも 使えなくなる。",1,3
alomomola,default,healer,いやしのこころ,"状態異常の 味方を たまに 治してあげる。",0,1
alomomola,default,hydration,うるおいボディ,"天気が 雨のとき 状態異常が 治る。",0,2
alomomola,default,regenerator,さいせいりょく,"手持ちに 引っ込むと ＨＰが 少し 回復する。",1,3
joltik,default,compound-eyes,ふくがん,"複眼を 持っているため 技の 命中率が 上がる。",0,1
joltik,default,unnerve,きんちょうかん,"相手を 緊張させて きのみを 食べられなく させる。",0,2
joltik,default,swarm,むしのしらせ,"ＨＰが 減ったとき むしタイプの 技の 威力が 上がる。",1,3
galvantula,default,compound-eyes,ふくがん,"複眼を 持っているため 技の 命中率が 上がる。",0,1
galvantula,default,unnerve,きんちょうかん,"相手を 緊張させて きのみを 食べられなく させる。",0,2
galvantula,default,swarm,むしのしらせ,"ＨＰが 減ったとき むしタイプの 技の 威力が 上がる。",1,3
ferroseed,default,iron-barbs,てつのトゲ,"自分に 触った 相手に 鉄のトゲで ダメージを あたえる。",0,1
ferrothorn,default,iron-barbs,てつのトゲ,"自分に 触った 相手に 鉄のトゲで ダメージを あたえる。",0,1
ferrothorn,default,anticipation,きけんよち,"相手の 持つ 危険な 技を 察知する ことができる。",1,3
klink,default,plus,プラス,"プラスか マイナスの 特性を 持つ ポケモンが 仲間に いると 自分の 特攻が 上がる。",0,1
klink,default,minus,マイナス,"プラスか マイナスの 特性を 持つ ポケモンが 仲間に いると 自分の 特攻が 上がる。",0,2
klink,default,clear-body,クリアボディ,"相手の 技や 特性で 能力を 下げられない。",1,3
klang,default,plus,プラス,"プラスか マイナスの 特性を 持つ ポケモンが 仲間に いると 自分の 特攻が 上がる。",0,1
klang,default,minus,マイナス,"プラスか マイナスの 特性を 持つ ポケモンが 仲間に いると 自分の 特攻が 上がる。",0,2
klang,default,clear-body,クリアボディ,"相手の 技や 特性で 能力を 下げられない。",1,3
klinklang,default,plus,プラス,"プラスか マイナスの 特性を 持つ ポケモンが 仲間に いると 自分の 特攻が 上がる。",0,1
klinklang,default,minus,マイナス,"プラスか マイナスの 特性を 持つ ポケモンが 仲間に いると 自分の 特攻が 上がる。",0,2
klinklang,default,clear-body,クリアボディ,"相手の 技や 特性で 能力を 下げられない。",1,3
tynamo,default,levitate,ふゆう,"地面から 浮くことによって じめんタイプの 技を 受けない。",0,1
eelektrik,default,levitate,ふゆう,"地面から 浮くことによって じめんタイプの 技を 受けない。",0,1
eelektross,default,levitate,ふゆう,"地面から 浮くことによって じめんタイプの 技を 受けない。",0,1
elgyem,default,telepathy,テレパシー,"味方の 攻撃を 読み取って 技を 回避する。",0,1
elgyem,default,synchronize,シンクロ,"自分が なってしまった どくや まひや やけどを 相手に うつす。",0,2
elgyem,default,analytic,アナライズ,"いちばん 最後に 技を 出すと 技の 威力が 上がる。",1,3
beheeyem,default,telepathy,テレパシー,"味方の 攻撃を 読み取って 技を 回避する。",0,1
beheeyem,default,synchronize,シンクロ,"自分が なってしまった どくや まひや やけどを 相手に うつす。",0,2
beheeyem,default,analytic,アナライズ,"いちばん 最後に 技を 出すと 技の 威力が 上がる。",1,3
litwick,default,flash-fire,もらいび,"ほのおタイプの 技を 受けると 炎を もらい 自分が 出す ほのおタイプの 技が 強くなる。",0,1
litwick,default,flame-body,ほのおのからだ,"自分に 触った 相手を やけど状態に する ことがある。",0,2
litwick,default,infiltrator,すりぬけ,"相手の 壁や 身代わりを すりぬけて 攻撃 できる",1,3
lampent,default,flash-fire,もらいび,"ほのおタイプの 技を 受けると 炎を もらい 自分が 出す ほのおタイプの 技が 強くなる。",0,1
lampent,default,flame-body,ほのおのからだ,"自分に 触った 相手を やけど状態に する ことがある。",0,2
lampent,default,infiltrator,すりぬけ,"相手の 壁や 身代わりを すりぬけて 攻撃 できる",1,3
chandelure,default,flash-fire,もらいび,"ほのおタイプの 技を 受けると 炎を もらい 自分が 出す ほのおタイプの 技が 強くなる。",0,1
chandelure,default,flame-body,ほのおのからだ,"自分に 触った 相手を やけど状態に する ことがある。",0,2
chandelure,default,infiltrator,すりぬけ,"相手の 壁や 身代わりを すりぬけて 攻撃 できる",1,3
chandelure,mega,infiltrator,すりぬけ,"相手の 壁や 身代わりを すりぬけて 攻撃 できる",0,1
axew,default,rivalry,とうそうしん,"性別が 同じだと 闘争心を 燃やして 強くなる。 性別が 違うと 弱くなる。",0,1
axew,default,mold-breaker,かたやぶり,"相手の 特性に ジャマされる ことなく 相手に 技を 出すことが できる。",0,2
axew,default,unnerve,きんちょうかん,"相手を 緊張させて きのみを 食べられなく させる。",1,3
fraxure,default,rivalry,とうそうしん,"性別が 同じだと 闘争心を 燃やして 強くなる。 性別が 違うと 弱くなる。",0,1
fraxure,default,mold-breaker,かたやぶり,"相手の 特性に ジャマされる ことなく 相手に 技を 出すことが できる。",0,2
fraxure,default,unnerve,きんちょうかん,"相手を 緊張させて きのみを 食べられなく させる。",1,3
haxorus,default,rivalry,とうそうしん,"性別が 同じだと 闘争心を 燃やして 強くなる。 性別が 違うと 弱くなる。",0,1
haxorus,default,mold-breaker,かたやぶり,"相手の 特性に ジャマされる ことなく 相手に 技を 出すことが できる。",0,2
haxorus,default,unnerve,きんちょうかん,"相手を 緊張させて きのみを 食べられなく させる。",1,3
cubchoo,default,snow-cloak,ゆきがくれ,"天気が あられのとき 回避率が 上がる。",0,1
cubchoo,default,slush-rush,ゆきかき,"天気が あられ のとき 素早さが 上がる。",0,2
cubchoo,default,rattled,びびり,"あくタイプと ゴーストタイプと むしタイプの 技を 受けると びびって 素早さが 上がる。",1,3
beartic,default,snow-cloak,ゆきがくれ,"天気が あられのとき 回避率が 上がる。",0,1
beartic,default,slush-rush,ゆきかき,"天気が あられ のとき 素早さが 上がる。",0,2
beartic,default,swift-swim,すいすい,"天気が 雨のとき 素早さが 上がる。",1,3
cryogonal,default,levitate,ふゆう,"地面から 浮くことによって じめんタイプの 技を 受けない。",0,1
shelmet,default,hydration,うるおいボディ,"天気が 雨のとき 状態異常が 治る。",0,1
shelmet,default,shell-armor,シェルアーマー,"硬い 殻に 守られ 相手の 攻撃が 急所に 当たらない。",0,2
shelmet,default,overcoat,ぼうじん,"すなあらしや あられなどの ダメージを 受けない。 粉の 技を 受けない。",1,3
accelgor,default,hydration,うるおいボディ,"天気が 雨のとき 状態異常が 治る。",0,1
accelgor,default,sticky-hold,ねんちゃく,"粘着質の 体に 道具が くっついているため 相手に 道具を 奪われない。",0,2
accelgor,default,unburden,かるわざ,"持っていた 道具が なくなると 素早さが 上がる。",1,3
stunfisk,default,static,せいでんき,"静電気を 体に まとい 触った 相手を まひさせる ことがある。",0,1
stunfisk,default,limber,じゅうなん,"柔軟な 体によって まひ状態に ならない。",0,2
stunfisk,default,sand-veil,すながくれ,"砂あらしの とき 回避率が 上がる。",1,3
stunfisk,galar,mimicry,ぎたい,"フィールドの 状態に あわせて ポケモンの タイプが 変わる。",0,1
mienfoo,default,inner-focus,せいしんりょく,"鍛えられた 精神に よって 相手の 攻撃に ひるまない。",0,1
mienfoo,default,regenerator,さいせいりょく,"手持ちに 引っ込むと ＨＰが 少し 回復する。",0,2
mienfoo,default,reckless,すてみ,"反動で ダメージを 受ける 技の 威力が 上がる。",1,3
mienshao,default,inner-focus,せいしんりょく,"鍛えられた 精神に よって 相手の 攻撃に ひるまない。",0,1
mienshao,default,regenerator,さいせいりょく,"手持ちに 引っ込むと ＨＰが 少し 回復する。",0,2
mienshao,default,reckless,すてみ,"反動で ダメージを 受ける 技の 威力が 上がる。",1,3
druddigon,default,rough-skin,さめはだ,"攻撃を 受けたとき 自分に 触れた 相手を ざらざらの 肌で キズつける。",0,1
druddigon,default,sheer-force,ちからずく,"技の 追加効果は なくなるが そのぶん 高い 威力で 技を 出すことが できる。",0,2
druddigon,default,mold-breaker,かたやぶり,"相手の 特性に ジャマされる ことなく 相手に 技を 出すことが できる。",1,3
golett,default,iron-fist,てつのこぶし,"パンチを 使う 技の 威力が 上がる。",0,1
golett,default,klutz,ぶきよう,"持っている 道具を 使うことが できない。",0,2
golett,default,no-guard,ノーガード,"ノーガード戦法に よって お互いの 出す 技が かならず 当たる ようになる。",1,3
golurk,default,iron-fist,てつのこぶし,"パンチを 使う 技の 威力が 上がる。",0,1
golurk,default,klutz,ぶきよう,"持っている 道具を 使うことが できない。",0,2
golurk,default,no-guard,ノーガード,"ノーガード戦法に よって お互いの 出す 技が かならず 当たる ようになる。",1,3
golurk,mega,unseen-fist,ふかしのこぶし,"相手に 接触する 技なら 守りの 効果を 無視して 攻撃することが できる。",0,1
pawniard,default,defiant,まけんき,"能力を 下げられると 攻撃が ぐーんと 上がる。",0,1
pawniard,default,inner-focus,せいしんりょく,"鍛えられた 精神に よって 相手の 攻撃に ひるまない。",0,2
pawniard,default,pressure,プレッシャー,"プレッシャーを あたえて 相手の 使う 技の ＰＰを 多く 減らす。",1,3
bisharp,default,defiant,まけんき,"能力を 下げられると 攻撃が ぐーんと 上がる。",0,1
bisharp,default,inner-focus,せいしんりょく,"鍛えられた 精神に よって 相手の 攻撃に ひるまない。",0,2
bisharp,default,pressure,プレッシャー,"プレッシャーを あたえて 相手の 使う 技の ＰＰを 多く 減らす。",1,3
bouffalant,default,reckless,すてみ,"反動で ダメージを 受ける 技の 威力が 上がる。",0,1
bouffalant,default,sap-sipper,そうしょく,"くさタイプの 技を 受けると ダメージを 受けずに 攻撃が 上がる。",0,2
bouffalant,default,soundproof,ぼうおん,"音を 遮断 することに よって 音の 攻撃を 受けない。",1,3
rufflet,default,keen-eye,するどいめ,"鋭い 目の おかげで 命中率を 下げられない。",0,1
rufflet,default,sheer-force,ちからずく,"技の 追加効果は なくなるが そのぶん 高い 威力で 技を 出すことが できる。",0,2
rufflet,default,hustle,はりきり,"自分の 攻撃が 高くなるが 命中率が 下がる。",1,3
braviary,default,keen-eye,するどいめ,"鋭い 目の おかげで 命中率を 下げられない。",0,1
braviary,default,sheer-force,ちからずく,"技の 追加効果は なくなるが そのぶん 高い 威力で 技を 出すことが できる。",0,2
braviary,default,defiant,まけんき,"能力を 下げられると 攻撃が ぐーんと 上がる。",1,3
braviary,hisui,keen-eye,するどいめ,"鋭い 目の おかげで 命中率を 下げられない。",0,1
braviary,hisui,sheer-force,ちからずく,"技の 追加効果は なくなるが そのぶん 高い 威力で 技を 出すことが できる。",0,2
braviary,hisui,tinted-lens,いろめがね,"効果が いまひとつの 技を 通常の 威力で 出すことが できる。",1,3
vullaby,default,big-pecks,はとむね,"防御を 下げる 効果を 受けない。",0,1
vullaby,default,overcoat,ぼうじん,"すなあらしや あられなどの ダメージを 受けない。 粉の 技を 受けない。",0,2
vullaby,default,weak-armor,くだけるよろい,"物理技で ダメージを 受けると 防御が 下がり 素早さが ぐーんと 上がる。",1,3
mandibuzz,default,big-pecks,はとむね,"防御を 下げる 効果を 受けない。",0,1
mandibuzz,default,overcoat,ぼうじん,"すなあらしや あられなどの ダメージを 受けない。 粉の 技を 受けない。",0,2
mandibuzz,default,weak-armor,くだけるよろい,"物理技で ダメージを 受けると 防御が 下がり 素早さが ぐーんと 上がる。",1,3
heatmor,default,gluttony,くいしんぼう,"ＨＰが 少なくなったら 食べる きのみを ＨＰ 半分の 時に 食べてしまう。",0,1
heatmor,default,flash-fire,もらいび,"ほのおタイプの 技を 受けると 炎を もらい 自分が 出す ほのおタイプの 技が 強くなる。",0,2
heatmor,default,white-smoke,しろいけむり,"白い煙に 守られて 相手に 能力を 下げられない。",1,3
durant,default,swarm,むしのしらせ,"ＨＰが 減ったとき むしタイプの 技の 威力が 上がる。",0,1
durant,default,hustle,はりきり,"自分の 攻撃が 高くなるが 命中率が 下がる。",0,2
durant,default,truant,なまけ,"技を 出すと 次の ターンは 休んでしまう。",1,3
deino,default,hustle,はりきり,"自分の 攻撃が 高くなるが 命中率が 下がる。",0,1
zweilous,default,hustle,はりきり,"自分の 攻撃が 高くなるが 命中率が 下がる。",0,1
hydreigon,default,levitate,ふゆう,"地面から 浮くことによって じめんタイプの 技を 受けない。",0,1
larvesta,default,flame-body,ほのおのからだ,"自分に 触った 相手を やけど状態に する ことがある。",0,1
larvesta,default,swarm,むしのしらせ,"ＨＰが 減ったとき むしタイプの 技の 威力が 上がる。",1,3
volcarona,default,flame-body,ほのおのからだ,"自分に 触った 相手を やけど状態に する ことがある。",0,1
volcarona,default,swarm,むしのしらせ,"ＨＰが 減ったとき むしタイプの 技の 威力が 上がる。",1,3
cobalion,default,justified,せいぎのこころ,"あくタイプの 攻撃を 受けると 正義感で 攻撃が 上がる。",0,1
terrakion,default,justified,せいぎのこころ,"あくタイプの 攻撃を 受けると 正義感で 攻撃が 上がる。",0,1
virizion,default,justified,せいぎのこころ,"あくタイプの 攻撃を 受けると 正義感で 攻撃が 上がる。",0,1
tornadus,default,prankster,いたずらごころ,"変化技を 先制で 出すことが できる。",0,1
tornadus,default,defiant,まけんき,"能力を 下げられると 攻撃が ぐーんと 上がる。",1,3
tornadus,therian,regenerator,さいせいりょく,"手持ちに 引っ込むと ＨＰが 少し 回復する。",0,1
thundurus,default,prankster,いたずらごころ,"変化技を 先制で 出すことが できる。",0,1
thundurus,default,defiant,まけんき,"能力を 下げられると 攻撃が ぐーんと 上がる。",1,3
thundurus,therian,volt-absorb,ちくでん,"でんきタイプの 技を 受けると ダメージを 受けずに 回復する。",0,1
reshiram,default,turboblaze,ターボブレイズ,"相手の 特性に ジャマされず 相手に 技を 出すことが できる。",0,1
zekrom,default,teravolt,テラボルテージ,"相手の 特性に ジャマされず 相手に 技を 出すことが できる。",0,1
landorus,default,sand-force,すなのちから,"天気が すなあらしの とき いわタイプと じめんタイプと はがねタイプの 威力が 上がる。",0,1
landorus,default,sheer-force,ちからずく,"技の 追加効果は なくなるが そのぶん 高い 威力で 技を 出すことが できる。",1,3
landorus,therian,intimidate,いかく,"登場 したとき 威嚇して 相手を 萎縮させ 相手の 攻撃を 下げて しまう。",0,1
kyurem,default,pressure,プレッシャー,"プレッシャーを あたえて 相手の 使う 技の ＰＰを 多く 減らす。",0,1
kyurem,black,teravolt,テラボルテージ,"相手の 特性に ジャマされず 相手に 技を 出すことが できる。",0,1
kyurem,white,turboblaze,ターボブレイズ,"相手の 特性に ジャマされず 相手に 技を 出すことが できる。",0,1
keldeo,default,justified,せいぎのこころ,"あくタイプの 攻撃を 受けると 正義感で 攻撃が 上がる。",0,1
keldeo,resolute,justified,せいぎのこころ,"あくタイプの 攻撃を 受けると 正義感で 攻撃が 上がる。",0,1
meloetta,default,serene-grace,てんのめぐみ,"天の恵みの おかげで 技の 追加効果が でやすい。",0,1
meloetta,pirouette,serene-grace,てんのめぐみ,"天の恵みの おかげで 技の 追加効果が でやすい。",0,1
genesect,default,download,ダウンロード,"相手の 防御と 特防を くらべて 低い ほうの 能力に あわせて 自分の 攻撃か 特攻を 上げる。",0,1
chespin,default,overgrow,しんりょく,"ＨＰが 減ったとき くさタイプの 技の 威力が 上がる。",0,1
chespin,default,bulletproof,ぼうだん,"相手の 弾や 爆弾などの 技を 防ぐことが できる。",1,3
quilladin,default,overgrow,しんりょく,"ＨＰが 減ったとき くさタイプの 技の 威力が 上がる。",0,1
quilladin,default,bulletproof,ぼうだん,"相手の 弾や 爆弾などの 技を 防ぐことが できる。",1,3
chesnaught,default,overgrow,しんりょく,"ＨＰが 減ったとき くさタイプの 技の 威力が 上がる。",0,1
chesnaught,default,bulletproof,ぼうだん,"相手の 弾や 爆弾などの 技を 防ぐことが できる。",1,3
chesnaught,mega,bulletproof,ぼうだん,"相手の 弾や 爆弾などの 技を 防ぐことが できる。",0,1
fennekin,default,blaze,もうか,"ＨＰが 減ったとき ほのおタイプの 技の 威力が 上がる。",0,1
fennekin,default,magician,マジシャン,"技を 当てた 相手の 道具を 奪ってしまう。",1,3
braixen,default,blaze,もうか,"ＨＰが 減ったとき ほのおタイプの 技の 威力が 上がる。",0,1
braixen,default,magician,マジシャン,"技を 当てた 相手の 道具を 奪ってしまう。",1,3
delphox,default,blaze,もうか,"ＨＰが 減ったとき ほのおタイプの 技の 威力が 上がる。",0,1
delphox,default,magician,マジシャン,"技を 当てた 相手の 道具を 奪ってしまう。",1,3
delphox,mega,levitate,ふゆう,"地面から 浮くことによって じめんタイプの 技を 受けない。",0,1
froakie,default,torrent,げきりゅう,"ＨＰが 減ったとき みずタイプの 技の 威力が 上がる。",0,1
froakie,default,protean,へんげんじざい,"自分が 出す 技と 同じ タイプに 変化する。",1,3
frogadier,default,torrent,げきりゅう,"ＨＰが 減ったとき みずタイプの 技の 威力が 上がる。",0,1
frogadier,default,protean,へんげんじざい,"自分が 出す 技と 同じ タイプに 変化する。",1,3
greninja,default,torrent,げきりゅう,"ＨＰが 減ったとき みずタイプの 技の 威力が 上がる。",0,1
greninja,default,protean,へんげんじざい,"自分が 出す 技と 同じ タイプに 変化する。",1,3
greninja,battle-bond,battle-bond,きずなへんげ,"相手を 倒すと トレーナーとの キズナが 深まり サトシゲッコウガに 変化する。みずしゅりけんが 強くなる。",0,1
greninja,ash,battle-bond,きずなへんげ,"相手を 倒すと トレーナーとの キズナが 深まり サトシゲッコウガに 変化する。みずしゅりけんが 強くなる。",0,1
greninja,mega,protean,へんげんじざい,"自分が 出す 技と 同じ タイプに 変化する。",0,1
bunnelby,default,pickup,ものひろい,"相手の 使った 道具を 拾ってくることが ある。 冒険中も 拾ってくる。",0,1
bunnelby,default,cheek-pouch,ほおぶくろ,"どんな きのみでも 食べると ＨＰも 回復する。",0,2
bunnelby,default,huge-power,ちからもち,"物理攻撃の 威力が ２倍になる。",1,3
diggersby,default,pickup,ものひろい,"相手の 使った 道具を 拾ってくることが ある。 冒険中も 拾ってくる。",0,1
diggersby,default,cheek-pouch,ほおぶくろ,"どんな きのみでも 食べると ＨＰも 回復する。",0,2
diggersby,default,huge-power,ちからもち,"物理攻撃の 威力が ２倍になる。",1,3
fletchling,default,big-pecks,はとむね,"防御を 下げる 効果を 受けない。",0,1
fletchling,default,gale-wings,はやてのつばさ,"ＨＰが 満タン だと ひこうタイプの 技を 先制で 出すことが できる。",1,3
fletchinder,default,flame-body,ほのおのからだ,"自分に 触った 相手を やけど状態に する ことがある。",0,1
fletchinder,default,gale-wings,はやてのつばさ,"ＨＰが 満タン だと ひこうタイプの 技を 先制で 出すことが できる。",1,3
talonflame,default,flame-body,ほのおのからだ,"自分に 触った 相手を やけど状態に する ことがある。",0,1
talonflame,default,gale-wings,はやてのつばさ,"ＨＰが 満タン だと ひこうタイプの 技を 先制で 出すことが できる。",1,3
scatterbug,default,shield-dust,りんぷん,"りんぷんに 守られて 技の 追加効果を 受けなくなる。",0,1
scatterbug,default,compound-eyes,ふくがん,"複眼を 持っているため 技の 命中率が 上がる。",0,2
scatterbug,default,friend-guard,フレンドガード,"味方の ダメージを 減らすことが できる。",1,3
spewpa,default,shed-skin,だっぴ,"体の 皮を 脱ぎ捨てることで 状態異常を 治すことが ある。",0,1
spewpa,default,friend-guard,フレンドガード,"味方の ダメージを 減らすことが できる。",1,3
vivillon,default,shield-dust,りんぷん,"りんぷんに 守られて 技の 追加効果を 受けなくなる。",0,1
vivillon,default,compound-eyes,ふくがん,"複眼を 持っているため 技の 命中率が 上がる。",0,2
vivillon,default,friend-guard,フレンドガード,"味方の ダメージを 減らすことが できる。",1,3
litleo,default,rivalry,とうそうしん,"性別が 同じだと 闘争心を 燃やして 強くなる。 性別が 違うと 弱くなる。",0,1
litleo,default,unnerve,きんちょうかん,"相手を 緊張させて きのみを 食べられなく させる。",0,2
litleo,default,moxie,じしんかじょう,"相手を 倒すと 自信が ついて 攻撃が 上がる。",1,3
pyroar,default,rivalry,とうそうしん,"性別が 同じだと 闘争心を 燃やして 強くなる。 性別が 違うと 弱くなる。",0,1
pyroar,default,unnerve,きんちょうかん,"相手を 緊張させて きのみを 食べられなく させる。",0,2
pyroar,default,moxie,じしんかじょう,"相手を 倒すと 自信が ついて 攻撃が 上がる。",1,3
flabebe,default,flower-veil,フラワーベール,"味方の 草ポケモンは 能力が 下がらず 状態異常にも ならない。",0,1
flabebe,default,symbiosis,きょうせい,"味方が 道具を 使うと 自分の 持っている 道具を 味方に 渡す。",1,3
floette,default,flower-veil,フラワーベール,"味方の 草ポケモンは 能力が 下がらず 状態異常にも ならない。",0,1
floette,default,symbiosis,きょうせい,"味方が 道具を 使うと 自分の 持っている 道具を 味方に 渡す。",1,3
floette,eternal,flower-veil,フラワーベール,"味方の 草ポケモンは 能力が 下がらず 状態異常にも ならない。",0,1
floette,eternal,symbiosis,きょうせい,"味方が 道具を 使うと 自分の 持っている 道具を 味方に 渡す。",1,3
floette,mega,fairy-aura,フェアリーオーラ,"全員の フェアリータイプの 技が 強くなる。",0,1
florges,default,flower-veil,フラワーベール,"味方の 草ポケモンは 能力が 下がらず 状態異常にも ならない。",0,1
florges,default,symbiosis,きょうせい,"味方が 道具を 使うと 自分の 持っている 道具を 味方に 渡す。",1,3
skiddo,default,sap-sipper,そうしょく,"くさタイプの 技を 受けると ダメージを 受けずに 攻撃が 上がる。",0,1
skiddo,default,grass-pelt,くさのけがわ,"グラスフィールドのとき 防御が 上がる。",1,3
gogoat,default,sap-sipper,そうしょく,"くさタイプの 技を 受けると ダメージを 受けずに 攻撃が 上がる。",0,1
gogoat,default,grass-pelt,くさのけがわ,"グラスフィールドのとき 防御が 上がる。",1,3
pancham,default,iron-fist,てつのこぶし,"パンチを 使う 技の 威力が 上がる。",0,1
pancham,default,mold-breaker,かたやぶり,"相手の 特性に ジャマされる ことなく 相手に 技を 出すことが できる。",0,2
pancham,default,scrappy,きもったま,"ゴーストタイプの ポケモンに ノーマルタイプと かくとうタイプの 技を 当てることが できる。",1,3
pangoro,default,iron-fist,てつのこぶし,"パンチを 使う 技の 威力が 上がる。",0,1
pangoro,default,mold-breaker,かたやぶり,"相手の 特性に ジャマされる ことなく 相手に 技を 出すことが できる。",0,2
pangoro,default,scrappy,きもったま,"ゴーストタイプの ポケモンに ノーマルタイプと かくとうタイプの 技を 当てることが できる。",1,3
furfrou,default,fur-coat,ファーコート,"相手から 受ける 物理技の ダメージが 半分に なる。",0,1
espurr,default,keen-eye,するどいめ,"鋭い 目の おかげで 命中率を 下げられない。",0,1
espurr,default,infiltrator,すりぬけ,"相手の 壁や 身代わりを すりぬけて 攻撃 できる",0,2
espurr,default,own-tempo,マイペース,"マイペースなので こんらん状態に ならない。",1,3
meowstic,default,keen-eye,するどいめ,"鋭い 目の おかげで 命中率を 下げられない。",0,1
meowstic,default,infiltrator,すりぬけ,"相手の 壁や 身代わりを すりぬけて 攻撃 できる",0,2
meowstic,default,prankster,いたずらごころ,"変化技を 先制で 出すことが できる。",1,3
meowstic,female,keen-eye,するどいめ,"鋭い 目の おかげで 命中率を 下げられない。",0,1
meowstic,female,infiltrator,すりぬけ,"相手の 壁や 身代わりを すりぬけて 攻撃 できる",0,2
meowstic,female,competitive,かちき,"能力を 下げられると 特攻が ぐーんと 上がる。",1,3
meowstic,mega,trace,トレース,"登場 したとき 相手の 特性を トレースして 同じ 特性に なる。",0,1
honedge,default,no-guard,ノーガード,"ノーガード戦法に よって お互いの 出す 技が かならず 当たる ようになる。",0,1
doublade,default,no-guard,ノーガード,"ノーガード戦法に よって お互いの 出す 技が かならず 当たる ようになる。",0,1
aegislash,default,stance-change,バトルスイッチ,"攻撃技を 出すと ブレードフォルムに 技 キングシールドを 出すと シールドフォルムに 変化する。",0,1
aegislash,blade,stance-change,バトルスイッチ,"攻撃技を 出すと ブレードフォルムに 技 キングシールドを 出すと シールドフォルムに 変化する。",0,1
spritzee,default,healer,いやしのこころ,"状態異常の 味方を たまに 治してあげる。",0,1
spritzee,default,aroma-veil,アロマベール,"自分と 味方への メンタル 攻撃を 防ぐことが できる。",1,3
aromatisse,default,healer,いやしのこころ,"状態異常の 味方を たまに 治してあげる。",0,1
aromatisse,default,aroma-veil,アロマベール,"自分と 味方への メンタル 攻撃を 防ぐことが できる。",1,3
swirlix,default,sweet-veil,スイートベール,"味方の ポケモンは 眠らなくなる。",0,1
swirlix,default,unburden,かるわざ,"持っていた 道具が なくなると 素早さが 上がる。",1,3
slurpuff,default,sweet-veil,スイートベール,"味方の ポケモンは 眠らなくなる。",0,1
slurpuff,default,unburden,かるわざ,"持っていた 道具が なくなると 素早さが 上がる。",1,3
inkay,default,contrary,あまのじゃく,"能力の 変化が 逆転して 上がるときに 下がり 下がるときに 上がる。",0,1
inkay,default,suction-cups,きゅうばん,"吸盤で 地面に 張り付き ポケモンを 入れ替えさせる 技や 道具が 効かなくなる。",0,2
inkay,default,infiltrator,すりぬけ,"相手の 壁や 身代わりを すりぬけて 攻撃 できる",1,3
malamar,default,contrary,あまのじゃく,"能力の 変化が 逆転して 上がるときに 下がり 下がるときに 上がる。",0,1
malamar,default,suction-cups,きゅうばん,"吸盤で 地面に 張り付き ポケモンを 入れ替えさせる 技や 道具が 効かなくなる。",0,2
malamar,default,infiltrator,すりぬけ,"相手の 壁や 身代わりを すりぬけて 攻撃 できる",1,3
binacle,default,tough-claws,かたいツメ,"相手に 接触する 技の 威力が 高くなる。",0,1
binacle,default,sniper,スナイパー,"攻撃を 急所に 当てると 威力が さらに 上がる。",0,2
binacle,default,pickpocket,わるいてぐせ,"触られた 相手の 道具を 盗んで しまう。",1,3
barbaracle,default,tough-claws,かたいツメ,"相手に 接触する 技の 威力が 高くなる。",0,1
barbaracle,default,sniper,スナイパー,"攻撃を 急所に 当てると 威力が さらに 上がる。",0,2
barbaracle,default,pickpocket,わるいてぐせ,"触られた 相手の 道具を 盗んで しまう。",1,3
skrelp,default,poison-point,どくのトゲ,"自分に 触った 相手を どく状態に することがある。",0,1
skrelp,default,poison-touch,どくしゅ,"触る だけで 相手を どく 状態に することがある。",0,2
skrelp,default,adaptability,てきおうりょく,"自分と おなじ タイプの 技の 威力が 上がる。",1,3
dragalge,default,poison-point,どくのトゲ,"自分に 触った 相手を どく状態に することがある。",0,1
dragalge,default,poison-touch,どくしゅ,"触る だけで 相手を どく 状態に することがある。",0,2
dragalge,default,adaptability,てきおうりょく,"自分と おなじ タイプの 技の 威力が 上がる。",1,3
clauncher,default,mega-launcher,メガランチャー,"波動の 技の 威力が 高くなる。",0,1
clawitzer,default,mega-launcher,メガランチャー,"波動の 技の 威力が 高くなる。",0,1
helioptile,default,dry-skin,かんそうはだ,"天気が 雨の時や みずタイプの 技で ＨＰが 回復し はれの時や ほのおタイプの 技で 減ってしまう。",0,1
helioptile,default,sand-veil,すながくれ,"砂あらしの とき 回避率が 上がる。",0,2
helioptile,default,solar-power,サンパワー,"天気が 晴れると 特攻が 上がるが 毎ターン ＨＰが 減る。",1,3
heliolisk,default,dry-skin,かんそうはだ,"天気が 雨の時や みずタイプの 技で ＨＰが 回復し はれの時や ほのおタイプの 技で 減ってしまう。",0,1
heliolisk,default,sand-veil,すながくれ,"砂あらしの とき 回避率が 上がる。",0,2
heliolisk,default,solar-power,サンパワー,"天気が 晴れると 特攻が 上がるが 毎ターン ＨＰが 減る。",1,3
tyrunt,default,strong-jaw,がんじょうあご,"あごが 頑丈で 噛む 技の 威力が 高くなる。",0,1
tyrunt,default,sturdy,がんじょう,"相手の 技を 受けても 一撃で 倒されることが ない。 一撃必殺技も 効かない。",1,3
tyrantrum,default,strong-jaw,がんじょうあご,"あごが 頑丈で 噛む 技の 威力が 高くなる。",0,1
tyrantrum,default,rock-head,いしあたま,"反動を 受ける 技を 出しても ＨＰが 減らない。",1,3
amaura,default,refrigerate,フリーズスキン,"ノーマルタイプの 技が こおりタイプに なる。 威力が 少し 上がる。",0,1
amaura,default,snow-warning,ゆきふらし,"登場 したときに 天気を あられに する。",1,3
aurorus,default,refrigerate,フリーズスキン,"ノーマルタイプの 技が こおりタイプに なる。 威力が 少し 上がる。",0,1
aurorus,default,snow-warning,ゆきふらし,"登場 したときに 天気を あられに する。",1,3
sylveon,default,cute-charm,メロメロボディ,"自分に 触った 相手を メロメロに することが ある。",0,1
sylveon,default,pixilate,フェアリースキン,"ノーマルタイプの 技が フェアリータイプになる。 威力が 少し 上がる。",1,3
hawlucha,default,limber,じゅうなん,"柔軟な 体によって まひ状態に ならない。",0,1
hawlucha,default,unburden,かるわざ,"持っていた 道具が なくなると 素早さが 上がる。",0,2
hawlucha,default,mold-breaker,かたやぶり,"相手の 特性に ジャマされる ことなく 相手に 技を 出すことが できる。",1,3
hawlucha,mega,no-guard,ノーガード,"ノーガード戦法に よって お互いの 出す 技が かならず 当たる ようになる。",0,1
dedenne,default,cheek-pouch,ほおぶくろ,"どんな きのみでも 食べると ＨＰも 回復する。",0,1
dedenne,default,pickup,ものひろい,"相手の 使った 道具を 拾ってくることが ある。 冒険中も 拾ってくる。",0,2
dedenne,default,plus,プラス,"プラスか マイナスの 特性を 持つ ポケモンが 仲間に いると 自分の 特攻が 上がる。",1,3
carbink,default,clear-body,クリアボディ,"相手の 技や 特性で 能力を 下げられない。",0,1
carbink,default,sturdy,がんじょう,"相手の 技を 受けても 一撃で 倒されることが ない。 一撃必殺技も 効かない。",1,3
goomy,default,sap-sipper,そうしょく,"くさタイプの 技を 受けると ダメージを 受けずに 攻撃が 上がる。",0,1
goomy,default,hydration,うるおいボディ,"天気が 雨のとき 状態異常が 治る。",0,2
goomy,default,gooey,ぬめぬめ,"攻撃で 自分に 触れた 相手の 素早さを 下げる。",1,3
sliggoo,default,sap-sipper,そうしょく,"くさタイプの 技を 受けると ダメージを 受けずに 攻撃が 上がる。",0,1
sliggoo,default,hydration,うるおいボディ,"天気が 雨のとき 状態異常が 治る。",0,2
sliggoo,default,gooey,ぬめぬめ,"攻撃で 自分に 触れた 相手の 素早さを 下げる。",1,3
sliggoo,hisui,sap-sipper,そうしょく,"くさタイプの 技を 受けると ダメージを 受けずに 攻撃が 上がる。",0,1
sliggoo,hisui,shell-armor,シェルアーマー,"硬い 殻に 守られ 相手の 攻撃が 急所に 当たらない。",0,2
sliggoo,hisui,gooey,ぬめぬめ,"攻撃で 自分に 触れた 相手の 素早さを 下げる。",1,3
goodra,default,sap-sipper,そうしょく,"くさタイプの 技を 受けると ダメージを 受けずに 攻撃が 上がる。",0,1
goodra,default,hydration,うるおいボディ,"天気が 雨のとき 状態異常が 治る。",0,2
goodra,default,gooey,ぬめぬめ,"攻撃で 自分に 触れた 相手の 素早さを 下げる。",1,3
goodra,hisui,sap-sipper,そうしょく,"くさタイプの 技を 受けると ダメージを 受けずに 攻撃が 上がる。",0,1
goodra,hisui,shell-armor,シェルアーマー,"硬い 殻に 守られ 相手の 攻撃が 急所に 当たらない。",0,2
goodra,hisui,gooey,ぬめぬめ,"攻撃で 自分に 触れた 相手の 素早さを 下げる。",1,3
klefki,default,prankster,いたずらごころ,"変化技を 先制で 出すことが できる。",0,1
klefki,default,magician,マジシャン,"技を 当てた 相手の 道具を 奪ってしまう。",1,3
phantump,default,natural-cure,しぜんかいふく,"手持ちに ひっこむと 状態異常が 治る。",0,1
phantump,default,frisk,おみとおし,"登場 したとき 相手の 持ち物を 見通すことが できる。",0,2
phantump,default,harvest,しゅうかく,"使った きのみを 何回も 作りだす。",1,3
trevenant,default,natural-cure,しぜんかいふく,"手持ちに ひっこむと 状態異常が 治る。",0,1
trevenant,default,frisk,おみとおし,"登場 したとき 相手の 持ち物を 見通すことが できる。",0,2
trevenant,default,harvest,しゅうかく,"使った きのみを 何回も 作りだす。",1,3
pumpkaboo,default,pickup,ものひろい,"相手の 使った 道具を 拾ってくることが ある。 冒険中も 拾ってくる。",0,1
pumpkaboo,default,frisk,おみとおし,"登場 したとき 相手の 持ち物を 見通すことが できる。",0,2
pumpkaboo,default,insomnia,ふみん,"眠れない 体質 なので ねむり状態に ならない。",1,3
pumpkaboo,small,pickup,ものひろい,"相手の 使った 道具を 拾ってくることが ある。 冒険中も 拾ってくる。",0,1
pumpkaboo,small,frisk,おみとおし,"登場 したとき 相手の 持ち物を 見通すことが できる。",0,2
pumpkaboo,small,insomnia,ふみん,"眠れない 体質 なので ねむり状態に ならない。",1,3
pumpkaboo,large,pickup,ものひろい,"相手の 使った 道具を 拾ってくることが ある。 冒険中も 拾ってくる。",0,1
pumpkaboo,large,frisk,おみとおし,"登場 したとき 相手の 持ち物を 見通すことが できる。",0,2
pumpkaboo,large,insomnia,ふみん,"眠れない 体質 なので ねむり状態に ならない。",1,3
pumpkaboo,super,pickup,ものひろい,"相手の 使った 道具を 拾ってくることが ある。 冒険中も 拾ってくる。",0,1
pumpkaboo,super,frisk,おみとおし,"登場 したとき 相手の 持ち物を 見通すことが できる。",0,2
pumpkaboo,super,insomnia,ふみん,"眠れない 体質 なので ねむり状態に ならない。",1,3
gourgeist,default,pickup,ものひろい,"相手の 使った 道具を 拾ってくることが ある。 冒険中も 拾ってくる。",0,1
gourgeist,default,frisk,おみとおし,"登場 したとき 相手の 持ち物を 見通すことが できる。",0,2
gourgeist,default,insomnia,ふみん,"眠れない 体質 なので ねむり状態に ならない。",1,3
gourgeist,small,pickup,ものひろい,"相手の 使った 道具を 拾ってくることが ある。 冒険中も 拾ってくる。",0,1
gourgeist,small,frisk,おみとおし,"登場 したとき 相手の 持ち物を 見通すことが できる。",0,2
gourgeist,small,insomnia,ふみん,"眠れない 体質 なので ねむり状態に ならない。",1,3
gourgeist,large,pickup,ものひろい,"相手の 使った 道具を 拾ってくることが ある。 冒険中も 拾ってくる。",0,1
gourgeist,large,frisk,おみとおし,"登場 したとき 相手の 持ち物を 見通すことが できる。",0,2
gourgeist,large,insomnia,ふみん,"眠れない 体質 なので ねむり状態に ならない。",1,3
gourgeist,super,pickup,ものひろい,"相手の 使った 道具を 拾ってくることが ある。 冒険中も 拾ってくる。",0,1
gourgeist,super,frisk,おみとおし,"登場 したとき 相手の 持ち物を 見通すことが できる。",0,2
gourgeist,super,insomnia,ふみん,"眠れない 体質 なので ねむり状態に ならない。",1,3
bergmite,default,own-tempo,マイペース,"マイペースなので こんらん状態に ならない。",0,1
bergmite,default,ice-body,アイスボディ,"天気が あられのとき ＨＰを 少しずつ 回復 する。",0,2
bergmite,default,sturdy,がんじょう,"相手の 技を 受けても 一撃で 倒されることが ない。 一撃必殺技も 効かない。",1,3
avalugg,default,own-tempo,マイペース,"マイペースなので こんらん状態に ならない。",0,1
avalugg,default,ice-body,アイスボディ,"天気が あられのとき ＨＰを 少しずつ 回復 する。",0,2
avalugg,default,sturdy,がんじょう,"相手の 技を 受けても 一撃で 倒されることが ない。 一撃必殺技も 効かない。",1,3
avalugg,hisui,strong-jaw,がんじょうあご,"あごが 頑丈で 噛む 技の 威力が 高くなる。",0,1
avalugg,hisui,ice-body,アイスボディ,"天気が あられのとき ＨＰを 少しずつ 回復 する。",0,2
avalugg,hisui,sturdy,がんじょう,"相手の 技を 受けても 一撃で 倒されることが ない。 一撃必殺技も 効かない。",1,3
noibat,default,frisk,おみとおし,"登場 したとき 相手の 持ち物を 見通すことが できる。",0,1
noibat,default,infiltrator,すりぬけ,"相手の 壁や 身代わりを すりぬけて 攻撃 できる",0,2
noibat,default,telepathy,テレパシー,"味方の 攻撃を 読み取って 技を 回避する。",1,3
noivern,default,frisk,おみとおし,"登場 したとき 相手の 持ち物を 見通すことが できる。",0,1
noivern,default,infiltrator,すりぬけ,"相手の 壁や 身代わりを すりぬけて 攻撃 できる",0,2
noivern,default,telepathy,テレパシー,"味方の 攻撃を 読み取って 技を 回避する。",1,3
xerneas,default,fairy-aura,フェアリーオーラ,"全員の フェアリータイプの 技が 強くなる。",0,1
yveltal,default,dark-aura,ダークオーラ,"全員の あくタイプの 技が 強くなる。",0,1
zygarde,default,aura-break,オーラブレイク,"オーラの 効果を 逆転させて 威力を 下げる。",0,1
zygarde,10-power-construct,power-construct,スワームチェンジ,"ＨＰが 半分に なると セルたちが 応援に 駆けつけ パーフェクトフォルムに 姿を 変える。",0,1
zygarde,50-power-construct,power-construct,スワームチェンジ,"ＨＰが 半分に なると セルたちが 応援に 駆けつけ パーフェクトフォルムに 姿を 変える。",0,1
zygarde,complete,power-construct,スワームチェンジ,"ＨＰが 半分に なると セルたちが 応援に 駆けつけ パーフェクトフォルムに 姿を 変える。",0,1
zygarde,10,aura-break,オーラブレイク,"オーラの 効果を 逆転させて 威力を 下げる。",0,1
diancie,default,clear-body,クリアボディ,"相手の 技や 特性で 能力を 下げられない。",0,1
diancie,mega,magic-bounce,マジックミラー,"相手に だされた 変化技を 受けずに そのまま 返す ことが できる。",0,1
hoopa,default,magician,マジシャン,"技を 当てた 相手の 道具を 奪ってしまう。",0,1
hoopa,unbound,magician,マジシャン,"技を 当てた 相手の 道具を 奪ってしまう。",0,1
volcanion,default,water-absorb,ちょすい,"みずタイプの 技を 受けると ダメージを 受けずに 回復する。",0,1
rowlet,default,overgrow,しんりょく,"ＨＰが 減ったとき くさタイプの 技の 威力が 上がる。",0,1
rowlet,default,long-reach,えんかく,"すべての 技を 相手に 接触 しないで 出すことが できる。",1,3
dartrix,default,overgrow,しんりょく,"ＨＰが 減ったとき くさタイプの 技の 威力が 上がる。",0,1
dartrix,default,long-reach,えんかく,"すべての 技を 相手に 接触 しないで 出すことが できる。",1,3
decidueye,default,overgrow,しんりょく,"ＨＰが 減ったとき くさタイプの 技の 威力が 上がる。",0,1
decidueye,default,long-reach,えんかく,"すべての 技を 相手に 接触 しないで 出すことが できる。",1,3
decidueye,hisui,overgrow,しんりょく,"ＨＰが 減ったとき くさタイプの 技の 威力が 上がる。",0,1
decidueye,hisui,scrappy,きもったま,"ゴーストタイプの ポケモンに ノーマルタイプと かくとうタイプの 技を 当てることが できる。",1,3
litten,default,blaze,もうか,"ＨＰが 減ったとき ほのおタイプの 技の 威力が 上がる。",0,1
litten,default,intimidate,いかく,"登場 したとき 威嚇して 相手を 萎縮させ 相手の 攻撃を 下げて しまう。",1,3
torracat,default,blaze,もうか,"ＨＰが 減ったとき ほのおタイプの 技の 威力が 上がる。",0,1
torracat,default,intimidate,いかく,"登場 したとき 威嚇して 相手を 萎縮させ 相手の 攻撃を 下げて しまう。",1,3
incineroar,default,blaze,もうか,"ＨＰが 減ったとき ほのおタイプの 技の 威力が 上がる。",0,1
incineroar,default,intimidate,いかく,"登場 したとき 威嚇して 相手を 萎縮させ 相手の 攻撃を 下げて しまう。",1,3
popplio,default,torrent,げきりゅう,"ＨＰが 減ったとき みずタイプの 技の 威力が 上がる。",0,1
popplio,default,liquid-voice,うるおいボイス,"すべての 音技が みずタイプに なる。",1,3
brionne,default,torrent,げきりゅう,"ＨＰが 減ったとき みずタイプの 技の 威力が 上がる。",0,1
brionne,default,liquid-voice,うるおいボイス,"すべての 音技が みずタイプに なる。",1,3
primarina,default,torrent,げきりゅう,"ＨＰが 減ったとき みずタイプの 技の 威力が 上がる。",0,1
primarina,default,liquid-voice,うるおいボイス,"すべての 音技が みずタイプに なる。",1,3
pikipek,default,keen-eye,するどいめ,"鋭い 目の おかげで 命中率を 下げられない。",0,1
pikipek,default,skill-link,スキルリンク,"連続技を 使うと いつも 最高回数 出すことが できる。",0,2
pikipek,default,pickup,ものひろい,"相手の 使った 道具を 拾ってくることが ある。 冒険中も 拾ってくる。",1,3
trumbeak,default,keen-eye,するどいめ,"鋭い 目の おかげで 命中率を 下げられない。",0,1
trumbeak,default,skill-link,スキルリンク,"連続技を 使うと いつも 最高回数 出すことが できる。",0,2
trumbeak,default,pickup,ものひろい,"相手の 使った 道具を 拾ってくることが ある。 冒険中も 拾ってくる。",1,3
toucannon,default,keen-eye,するどいめ,"鋭い 目の おかげで 命中率を 下げられない。",0,1
toucannon,default,skill-link,スキルリンク,"連続技を 使うと いつも 最高回数 出すことが できる。",0,2
toucannon,default,sheer-force,ちからずく,"技の 追加効果は なくなるが そのぶん 高い 威力で 技を 出すことが できる。",1,3
yungoos,default,stakeout,はりこみ,"交代で 出てきた 相手に ２倍の ダメージで 攻撃 できる。",0,1
yungoos,default,strong-jaw,がんじょうあご,"あごが 頑丈で 噛む 技の 威力が 高くなる。",0,2
yungoos,default,adaptability,てきおうりょく,"自分と おなじ タイプの 技の 威力が 上がる。",1,3
gumshoos,default,stakeout,はりこみ,"交代で 出てきた 相手に ２倍の ダメージで 攻撃 できる。",0,1
gumshoos,default,strong-jaw,がんじょうあご,"あごが 頑丈で 噛む 技の 威力が 高くなる。",0,2
gumshoos,default,adaptability,てきおうりょく,"自分と おなじ タイプの 技の 威力が 上がる。",1,3
grubbin,default,swarm,むしのしらせ,"ＨＰが 減ったとき むしタイプの 技の 威力が 上がる。",0,1
charjabug,default,battery,バッテリー,"味方の 特殊技の 威力を 上げる。",0,1
vikavolt,default,levitate,ふゆう,"地面から 浮くことによって じめんタイプの 技を 受けない。",0,1
crabrawler,default,hyper-cutter,かいりきバサミ,"力自慢の ハサミを 持っているので 相手に 攻撃を 下げられない。",0,1
crabrawler,default,iron-fist,てつのこぶし,"パンチを 使う 技の 威力が 上がる。",0,2
crabrawler,default,anger-point,いかりのつぼ,"急所に 攻撃が 当たると 怒りくるって 攻撃力が 最大に なる。",1,3
crabominable,default,hyper-cutter,かいりきバサミ,"力自慢の ハサミを 持っているので 相手に 攻撃を 下げられない。",0,1
crabominable,default,iron-fist,てつのこぶし,"パンチを 使う 技の 威力が 上がる。",0,2
crabominable,default,anger-point,いかりのつぼ,"急所に 攻撃が 当たると 怒りくるって 攻撃力が 最大に なる。",1,3
crabominable,mega,iron-fist,てつのこぶし,"パンチを 使う 技の 威力が 上がる。",0,1
oricorio,default,dancer,おどりこ,"だれかが 踊り技を 使うと 自分も それに 続いて 踊り技を 出すことが できる。",0,1
oricorio,pom-pom,dancer,おどりこ,"だれかが 踊り技を 使うと 自分も それに 続いて 踊り技を 出すことが できる。",0,1
oricorio,pau,dancer,おどりこ,"だれかが 踊り技を 使うと 自分も それに 続いて 踊り技を 出すことが できる。",0,1
oricorio,sensu,dancer,おどりこ,"だれかが 踊り技を 使うと 自分も それに 続いて 踊り技を 出すことが できる。",0,1
cutiefly,default,honey-gather,みつあつめ,"戦闘が 終わったとき あまいミツを 拾うことが ある。",0,1
cutiefly,default,shield-dust,りんぷん,"りんぷんに 守られて 技の 追加効果を 受けなくなる。",0,2
cutiefly,default,sweet-veil,スイートベール,"味方の ポケモンは 眠らなくなる。",1,3
ribombee,default,honey-gather,みつあつめ,"戦闘が 終わったとき あまいミツを 拾うことが ある。",0,1
ribombee,default,shield-dust,りんぷん,"りんぷんに 守られて 技の 追加効果を 受けなくなる。",0,2
ribombee,default,sweet-veil,スイートベール,"味方の ポケモンは 眠らなくなる。",1,3
rockruff,default,keen-eye,するどいめ,"鋭い 目の おかげで 命中率を 下げられない。",0,1
rockruff,default,vital-spirit,やるき,"やる気を だすことに よって ねむり状態に ならない。",0,2
rockruff,default,steadfast,ふくつのこころ,"ひるむ たびに 不屈の心を 燃やして 素早さが 上がる。",1,3
rockruff,own-tempo,own-tempo,マイペース,"マイペースなので こんらん状態に ならない。",0,1
lycanroc,default,keen-eye,するどいめ,"鋭い 目の おかげで 命中率を 下げられない。",0,1
lycanroc,default,sand-rush,すなかき,"天気が すなあらし のとき 素早さが 上がる。",0,2
lycanroc,default,steadfast,ふくつのこころ,"ひるむ たびに 不屈の心を 燃やして 素早さが 上がる。",1,3
lycanroc,midnight,keen-eye,するどいめ,"鋭い 目の おかげで 命中率を 下げられない。",0,1
lycanroc,midnight,vital-spirit,やるき,"やる気を だすことに よって ねむり状態に ならない。",0,2
lycanroc,midnight,no-guard,ノーガード,"ノーガード戦法に よって お互いの 出す 技が かならず 当たる ようになる。",1,3
lycanroc,dusk,tough-claws,かたいツメ,"相手に 接触する 技の 威力が 高くなる。",0,1
wishiwashi,default,schooling,ぎょぐん,"ＨＰが 多いときは 群れて 強くなる。 ＨＰの 残りが 少なくなると 群れは 散り散りに なってしまう。",0,1
wishiwashi,school,schooling,ぎょぐん,"ＨＰが 多いときは 群れて 強くなる。 ＨＰの 残りが 少なくなると 群れは 散り散りに なってしまう。",0,1
mareanie,default,merciless,ひとでなし,"どく状態の 相手を 攻撃すると かならず 急所に 当たる。",0,1
mareanie,default,limber,じゅうなん,"柔軟な 体によって まひ状態に ならない。",0,2
mareanie,default,regenerator,さいせいりょく,"手持ちに 引っ込むと ＨＰが 少し 回復する。",1,3
toxapex,default,merciless,ひとでなし,"どく状態の 相手を 攻撃すると かならず 急所に 当たる。",0,1
toxapex,default,limber,じゅうなん,"柔軟な 体によって まひ状態に ならない。",0,2
toxapex,default,regenerator,さいせいりょく,"手持ちに 引っ込むと ＨＰが 少し 回復する。",1,3
mudbray,default,own-tempo,マイペース,"マイペースなので こんらん状態に ならない。",0,1
mudbray,default,stamina,じきゅうりょく,"攻撃を 受けると 防御が 上がる。",0,2
mudbray,default,inner-focus,せいしんりょく,"鍛えられた 精神に よって 相手の 攻撃に ひるまない。",1,3
mudsdale,default,own-tempo,マイペース,"マイペースなので こんらん状態に ならない。",0,1
mudsdale,default,stamina,じきゅうりょく,"攻撃を 受けると 防御が 上がる。",0,2
mudsdale,default,inner-focus,せいしんりょく,"鍛えられた 精神に よって 相手の 攻撃に ひるまない。",1,3
dewpider,default,water-bubble,すいほう,"自分に 対する ほのおタイプの 技の 威力を 下げる。 やけど しない。",0,1
dewpider,default,water-absorb,ちょすい,"みずタイプの 技を 受けると ダメージを 受けずに 回復する。",1,3
araquanid,default,water-bubble,すいほう,"自分に 対する ほのおタイプの 技の 威力を 下げる。 やけど しない。",0,1
araquanid,default,water-absorb,ちょすい,"みずタイプの 技を 受けると ダメージを 受けずに 回復する。",1,3
fomantis,default,leaf-guard,リーフガード,"天気が 晴れのときは 状態異常に ならない。",0,1
fomantis,default,contrary,あまのじゃく,"能力の 変化が 逆転して 上がるときに 下がり 下がるときに 上がる。",1,3
lurantis,default,leaf-guard,リーフガード,"天気が 晴れのときは 状態異常に ならない。",0,1
lurantis,default,contrary,あまのじゃく,"能力の 変化が 逆転して 上がるときに 下がり 下がるときに 上がる。",1,3
morelull,default,illuminate,はっこう,"あたりを 明るくする ことで 野生の ポケモンに 遭遇 しやすくなる。",0,1
morelull,default,effect-spore,ほうし,"攻撃で 自分に 触れた 相手を どくや まひや ねむり状態に する ことがある。",0,2
morelull,default,rain-dish,あめうけざら,"天気が 雨のとき 少しずつ ＨＰを 回復する。",1,3
shiinotic,default,illuminate,はっこう,"あたりを 明るくする ことで 野生の ポケモンに 遭遇 しやすくなる。",0,1
shiinotic,default,effect-spore,ほうし,"攻撃で 自分に 触れた 相手を どくや まひや ねむり状態に する ことがある。",0,2
shiinotic,default,rain-dish,あめうけざら,"天気が 雨のとき 少しずつ ＨＰを 回復する。",1,3
salandit,default,corrosion,ふしょく,"はがねタイプや どくタイプも どく状態に することが できる。",0,1
salandit,default,oblivious,どんかん,"鈍感なので メロメロや ちょうはつ状態に ならない。",1,3
salazzle,default,corrosion,ふしょく,"はがねタイプや どくタイプも どく状態に することが できる。",0,1
salazzle,default,oblivious,どんかん,"鈍感なので メロメロや ちょうはつ状態に ならない。",1,3
stufful,default,fluffy,もふもふ,"相手から 受けた 接触する 技の ダメージを 半減するが ほのおタイプの 技の ダメージは ２倍になる。",0,1
stufful,default,klutz,ぶきよう,"持っている 道具を 使うことが できない。",0,2
stufful,default,cute-charm,メロメロボディ,"自分に 触った 相手を メロメロに することが ある。",1,3
bewear,default,fluffy,もふもふ,"相手から 受けた 接触する 技の ダメージを 半減するが ほのおタイプの 技の ダメージは ２倍になる。",0,1
bewear,default,klutz,ぶきよう,"持っている 道具を 使うことが できない。",0,2
bewear,default,unnerve,きんちょうかん,"相手を 緊張させて きのみを 食べられなく させる。",1,3
bounsweet,default,leaf-guard,リーフガード,"天気が 晴れのときは 状態異常に ならない。",0,1
bounsweet,default,oblivious,どんかん,"鈍感なので メロメロや ちょうはつ状態に ならない。",0,2
bounsweet,default,sweet-veil,スイートベール,"味方の ポケモンは 眠らなくなる。",1,3
steenee,default,leaf-guard,リーフガード,"天気が 晴れのときは 状態異常に ならない。",0,1
steenee,default,oblivious,どんかん,"鈍感なので メロメロや ちょうはつ状態に ならない。",0,2
steenee,default,sweet-veil,スイートベール,"味方の ポケモンは 眠らなくなる。",1,3
tsareena,default,leaf-guard,リーフガード,"天気が 晴れのときは 状態異常に ならない。",0,1
tsareena,default,queenly-majesty,じょおうのいげん,"相手に 威圧感を あたえ こちらに むかって 先制技を 出せない ようにする。",0,2
tsareena,default,sweet-veil,スイートベール,"味方の ポケモンは 眠らなくなる。",1,3
comfey,default,flower-veil,フラワーベール,"味方の 草ポケモンは 能力が 下がらず 状態異常にも ならない。",0,1
comfey,default,triage,ヒーリングシフト,"回復技を 先制で 出すことが できる。",0,2
comfey,default,natural-cure,しぜんかいふく,"手持ちに ひっこむと 状態異常が 治る。",1,3
oranguru,default,inner-focus,せいしんりょく,"鍛えられた 精神に よって 相手の 攻撃に ひるまない。",0,1
oranguru,default,telepathy,テレパシー,"味方の 攻撃を 読み取って 技を 回避する。",0,2
oranguru,default,symbiosis,きょうせい,"味方が 道具を 使うと 自分の 持っている 道具を 味方に 渡す。",1,3
passimian,default,receiver,レシーバー,"倒された 味方の 特性を 受け継いで 同じ 特性に なる。",0,1
passimian,default,defiant,まけんき,"能力を 下げられると 攻撃が ぐーんと 上がる。",1,3
wimpod,default,wimp-out,にげごし,"ＨＰが 半分に なると あわてて 逃げ出して 手持ちに 引っ込んで しまう。",0,1
golisopod,default,emergency-exit,ききかいひ,"ＨＰが 半分に なると 危険を 回避するため 手持ちに 引っ込んで しまう。",0,1
sandygast,default,water-compaction,みずがため,"みずタイプの 技を 受けると 防御が ぐーんと 上がる。",0,1
sandygast,default,sand-veil,すながくれ,"砂あらしの とき 回避率が 上がる。",1,3
palossand,default,water-compaction,みずがため,"みずタイプの 技を 受けると 防御が ぐーんと 上がる。",0,1
palossand,default,sand-veil,すながくれ,"砂あらしの とき 回避率が 上がる。",1,3
pyukumuku,default,innards-out,とびだすなかみ,"相手に 倒されたとき ＨＰの 残りの ぶんだけ 相手に ダメージを あたえる。",0,1
pyukumuku,default,unaware,てんねん,"相手の 能力の 変化を 無視して 攻撃が できる。",1,3
type-null,default,battle-armor,カブトアーマー,"硬い 甲羅に 守られて 相手の 攻撃が 急所に 当たらない。",0,1
silvally,default,rks-system,ＡＲシステム,"持っている メモリで 自分の タイプが 変わる。",0,1
minior,default,shields-down,リミットシールド,"ＨＰが 半分に なると 殻が 壊れて 攻撃的に なる。",0,1
minior,orange-meteor,shields-down,リミットシールド,"ＨＰが 半分に なると 殻が 壊れて 攻撃的に なる。",0,1
minior,yellow-meteor,shields-down,リミットシールド,"ＨＰが 半分に なると 殻が 壊れて 攻撃的に なる。",0,1
minior,green-meteor,shields-down,リミットシールド,"ＨＰが 半分に なると 殻が 壊れて 攻撃的に なる。",0,1
minior,blue-meteor,shields-down,リミットシールド,"ＨＰが 半分に なると 殻が 壊れて 攻撃的に なる。",0,1
minior,indigo-meteor,shields-down,リミットシールド,"ＨＰが 半分に なると 殻が 壊れて 攻撃的に なる。",0,1
minior,violet-meteor,shields-down,リミットシールド,"ＨＰが 半分に なると 殻が 壊れて 攻撃的に なる。",0,1
minior,red,shields-down,リミットシールド,"ＨＰが 半分に なると 殻が 壊れて 攻撃的に なる。",0,1
minior,orange,shields-down,リミットシールド,"ＨＰが 半分に なると 殻が 壊れて 攻撃的に なる。",0,1
minior,yellow,shields-down,リミットシールド,"ＨＰが 半分に なると 殻が 壊れて 攻撃的に なる。",0,1
minior,green,shields-down,リミットシールド,"ＨＰが 半分に なると 殻が 壊れて 攻撃的に なる。",0,1
minior,blue,shields-down,リミットシールド,"ＨＰが 半分に なると 殻が 壊れて 攻撃的に なる。",0,1
minior,indigo,shields-down,リミットシールド,"ＨＰが 半分に なると 殻が 壊れて 攻撃的に なる。",0,1
minior,violet,shields-down,リミットシールド,"ＨＰが 半分に なると 殻が 壊れて 攻撃的に なる。",0,1
komala,default,comatose,ぜったいねむり,"つねに 夢うつつの 状態で 絶対に 目覚めない。 眠ったまま 攻撃が できる。",0,1
turtonator,default,shell-armor,シェルアーマー,"硬い 殻に 守られ 相手の 攻撃が 急所に 当たらない。",0,1
togedemaru,default,iron-barbs,てつのトゲ,"自分に 触った 相手に 鉄のトゲで ダメージを あたえる。",0,1
togedemaru,default,lightning-rod,ひらいしん,"でんきタイプの 技を 自分に 寄せつけ ダメージを 受けずに 特攻が 上がる。",0,2
togedemaru,default,sturdy,がんじょう,"相手の 技を 受けても 一撃で 倒されることが ない。 一撃必殺技も 効かない。",1,3
mimikyu,default,disguise,ばけのかわ,"体を 被う 化けの皮で １回 攻撃を 防ぐことが できる。",0,1
mimikyu,busted,disguise,ばけのかわ,"体を 被う 化けの皮で １回 攻撃を 防ぐことが できる。",0,1
bruxish,default,dazzling,ビビッドボディ,"相手を びっくり させて こちらに むかって 先制技を 出せない ようにする。",0,1
bruxish,default,strong-jaw,がんじょうあご,"あごが 頑丈で 噛む 技の 威力が 高くなる。",0,2
bruxish,default,wonder-skin,ミラクルスキン,"変化技を 受けにくい 体に なっている。",1,3
drampa,default,berserk,ぎゃくじょう,"相手の 攻撃で ＨＰが 半分に なると 特攻が 上がる。",0,1
drampa,default,sap-sipper,そうしょく,"くさタイプの 技を 受けると ダメージを 受けずに 攻撃が 上がる。",0,2
drampa,default,cloud-nine,ノーてんき,"あらゆる 天気の 影響が なくなって しまう。",1,3
drampa,mega,berserk,ぎゃくじょう,"相手の 攻撃で ＨＰが 半分に なると 特攻が 上がる。",0,1
dhelmise,default,steelworker,はがねつかい,"はがねタイプの 技の 威力が 上がる。",0,1
jangmo-o,default,bulletproof,ぼうだん,"相手の 弾や 爆弾などの 技を 防ぐことが できる。",0,1
jangmo-o,default,soundproof,ぼうおん,"音を 遮断 することに よって 音の 攻撃を 受けない。",0,2
jangmo-o,default,overcoat,ぼうじん,"すなあらしや あられなどの ダメージを 受けない。 粉の 技を 受けない。",1,3
hakamo-o,default,bulletproof,ぼうだん,"相手の 弾や 爆弾などの 技を 防ぐことが できる。",0,1
hakamo-o,default,soundproof,ぼうおん,"音を 遮断 することに よって 音の 攻撃を 受けない。",0,2
hakamo-o,default,overcoat,ぼうじん,"すなあらしや あられなどの ダメージを 受けない。 粉の 技を 受けない。",1,3
kommo-o,default,bulletproof,ぼうだん,"相手の 弾や 爆弾などの 技を 防ぐことが できる。",0,1
kommo-o,default,soundproof,ぼうおん,"音を 遮断 することに よって 音の 攻撃を 受けない。",0,2
kommo-o,default,overcoat,ぼうじん,"すなあらしや あられなどの ダメージを 受けない。 粉の 技を 受けない。",1,3
tapu-koko,default,electric-surge,エレキメイカー,"登場 したときに エレキフィールドを はりめぐらせる。",0,1
tapu-koko,default,telepathy,テレパシー,"味方の 攻撃を 読み取って 技を 回避する。",1,3
tapu-lele,default,psychic-surge,サイコメイカー,"登場 したときに サイコフィールドを はりめぐらせる。",0,1
tapu-lele,default,telepathy,テレパシー,"味方の 攻撃を 読み取って 技を 回避する。",1,3
tapu-bulu,default,grassy-surge,グラスメイカー,"登場 したときに グラスフィールドを はりめぐらせる。",0,1
tapu-bulu,default,telepathy,テレパシー,"味方の 攻撃を 読み取って 技を 回避する。",1,3
tapu-fini,default,misty-surge,ミストメイカー,"登場 したときに ミストフィールドを はりめぐらせる。",0,1
tapu-fini,default,telepathy,テレパシー,"味方の 攻撃を 読み取って 技を 回避する。",1,3
cosmog,default,unaware,てんねん,"相手の 能力の 変化を 無視して 攻撃が できる。",0,1
cosmoem,default,sturdy,がんじょう,"相手の 技を 受けても 一撃で 倒されることが ない。 一撃必殺技も 効かない。",0,1
solgaleo,default,full-metal-body,メタルプロテクト,"相手の 技や 特性で 能力を 下げられない。",0,1
lunala,default,shadow-shield,ファントムガード,"ＨＰが 満タンの ときに 受ける ダメージが 少なくなる。",0,1
nihilego,default,beast-boost,ビーストブースト,"相手を 倒したとき 自分の いちばん 高い 能力が 上がる。",0,1
buzzwole,default,beast-boost,ビーストブースト,"相手を 倒したとき 自分の いちばん 高い 能力が 上がる。",0,1
pheromosa,default,beast-boost,ビーストブースト,"相手を 倒したとき 自分の いちばん 高い 能力が 上がる。",0,1
xurkitree,default,beast-boost,ビーストブースト,"相手を 倒したとき 自分の いちばん 高い 能力が 上がる。",0,1
celesteela,default,beast-boost,ビーストブースト,"相手を 倒したとき 自分の いちばん 高い 能力が 上がる。",0,1
kartana,default,beast-boost,ビーストブースト,"相手を 倒したとき 自分の いちばん 高い 能力が 上がる。",0,1
guzzlord,default,beast-boost,ビーストブースト,"相手を 倒したとき 自分の いちばん 高い 能力が 上がる。",0,1
necrozma,default,prism-armor,プリズムアーマー,"効果バツグンに なってしまう 攻撃の 威力を 弱める ことが できる。",0,1
necrozma,dusk,prism-armor,プリズムアーマー,"効果バツグンに なってしまう 攻撃の 威力を 弱める ことが できる。",0,1
necrozma,dawn,prism-armor,プリズムアーマー,"効果バツグンに なってしまう 攻撃の 威力を 弱める ことが できる。",0,1
necrozma,ultra,neuroforce,ブレインフォース,"効果バツグンの 攻撃で 威力が さらに 上がる。",0,1
magearna,default,soul-heart,ソウルハート,"ポケモンが ひんしに なるたびに 特攻が 上がる。",0,1
magearna,original,soul-heart,ソウルハート,"ポケモンが ひんしに なるたびに 特攻が 上がる。",0,1
marshadow,default,technician,テクニシャン,"威力が 低い 技の 威力を 高くして 攻撃できる。",0,1
poipole,default,beast-boost,ビーストブースト,"相手を 倒したとき 自分の いちばん 高い 能力が 上がる。",0,1
naganadel,default,beast-boost,ビーストブースト,"相手を 倒したとき 自分の いちばん 高い 能力が 上がる。",0,1
stakataka,default,beast-boost,ビーストブースト,"相手を 倒したとき 自分の いちばん 高い 能力が 上がる。",0,1
blacephalon,default,beast-boost,ビーストブースト,"相手を 倒したとき 自分の いちばん 高い 能力が 上がる。",0,1
zeraora,default,volt-absorb,ちくでん,"でんきタイプの 技を 受けると ダメージを 受けずに 回復する。",0,1
meltan,default,magnet-pull,じりょく,"はがねタイプの ポケモンを 磁力で 引きつけて 逃げられなくする。",0,1
melmetal,default,iron-fist,てつのこぶし,"パンチを 使う 技の 威力が 上がる。",0,1
grookey,default,overgrow,しんりょく,"ＨＰが 減ったとき くさタイプの 技の 威力が 上がる。",0,1
grookey,default,grassy-surge,グラスメイカー,"登場 したときに グラスフィールドを はりめぐらせる。",1,3
thwackey,default,overgrow,しんりょく,"ＨＰが 減ったとき くさタイプの 技の 威力が 上がる。",0,1
thwackey,default,grassy-surge,グラスメイカー,"登場 したときに グラスフィールドを はりめぐらせる。",1,3
rillaboom,default,overgrow,しんりょく,"ＨＰが 減ったとき くさタイプの 技の 威力が 上がる。",0,1
rillaboom,default,grassy-surge,グラスメイカー,"登場 したときに グラスフィールドを はりめぐらせる。",1,3
scorbunny,default,blaze,もうか,"ＨＰが 減ったとき ほのおタイプの 技の 威力が 上がる。",0,1
scorbunny,default,libero,リベロ,"自分が 出す 技と 同じ タイプに 変化する。",1,3
raboot,default,blaze,もうか,"ＨＰが 減ったとき ほのおタイプの 技の 威力が 上がる。",0,1
raboot,default,libero,リベロ,"自分が 出す 技と 同じ タイプに 変化する。",1,3
cinderace,default,blaze,もうか,"ＨＰが 減ったとき ほのおタイプの 技の 威力が 上がる。",0,1
cinderace,default,libero,リベロ,"自分が 出す 技と 同じ タイプに 変化する。",1,3
sobble,default,torrent,げきりゅう,"ＨＰが 減ったとき みずタイプの 技の 威力が 上がる。",0,1
sobble,default,sniper,スナイパー,"攻撃を 急所に 当てると 威力が さらに 上がる。",1,3
drizzile,default,torrent,げきりゅう,"ＨＰが 減ったとき みずタイプの 技の 威力が 上がる。",0,1
drizzile,default,sniper,スナイパー,"攻撃を 急所に 当てると 威力が さらに 上がる。",1,3
inteleon,default,torrent,げきりゅう,"ＨＰが 減ったとき みずタイプの 技の 威力が 上がる。",0,1
inteleon,default,sniper,スナイパー,"攻撃を 急所に 当てると 威力が さらに 上がる。",1,3
skwovet,default,cheek-pouch,ほおぶくろ,"どんな きのみでも 食べると ＨＰも 回復する。",0,1
skwovet,default,gluttony,くいしんぼう,"ＨＰが 少なくなったら 食べる きのみを ＨＰ 半分の 時に 食べてしまう。",1,3
greedent,default,cheek-pouch,ほおぶくろ,"どんな きのみでも 食べると ＨＰも 回復する。",0,1
greedent,default,gluttony,くいしんぼう,"ＨＰが 少なくなったら 食べる きのみを ＨＰ 半分の 時に 食べてしまう。",1,3
rookidee,default,keen-eye,するどいめ,"鋭い 目の おかげで 命中率を 下げられない。",0,1
rookidee,default,unnerve,きんちょうかん,"相手を 緊張させて きのみを 食べられなく させる。",0,2
rookidee,default,big-pecks,はとむね,"防御を 下げる 効果を 受けない。",1,3
corvisquire,default,keen-eye,するどいめ,"鋭い 目の おかげで 命中率を 下げられない。",0,1
corvisquire,default,unnerve,きんちょうかん,"相手を 緊張させて きのみを 食べられなく させる。",0,2
corvisquire,default,big-pecks,はとむね,"防御を 下げる 効果を 受けない。",1,3
corviknight,default,pressure,プレッシャー,"プレッシャーを あたえて 相手の 使う 技の ＰＰを 多く 減らす。",0,1
corviknight,default,unnerve,きんちょうかん,"相手を 緊張させて きのみを 食べられなく させる。",0,2
corviknight,default,mirror-armor,ミラーアーマー,"自分が 受けた 能力 ダウンの 効果 だけを 跳ね返す。",1,3
blipbug,default,swarm,むしのしらせ,"ＨＰが 減ったとき むしタイプの 技の 威力が 上がる。",0,1
blipbug,default,compound-eyes,ふくがん,"複眼を 持っているため 技の 命中率が 上がる。",0,2
blipbug,default,telepathy,テレパシー,"味方の 攻撃を 読み取って 技を 回避する。",1,3
dottler,default,swarm,むしのしらせ,"ＨＰが 減ったとき むしタイプの 技の 威力が 上がる。",0,1
dottler,default,compound-eyes,ふくがん,"複眼を 持っているため 技の 命中率が 上がる。",0,2
dottler,default,telepathy,テレパシー,"味方の 攻撃を 読み取って 技を 回避する。",1,3
orbeetle,default,swarm,むしのしらせ,"ＨＰが 減ったとき むしタイプの 技の 威力が 上がる。",0,1
orbeetle,default,frisk,おみとおし,"登場 したとき 相手の 持ち物を 見通すことが できる。",0,2
orbeetle,default,telepathy,テレパシー,"味方の 攻撃を 読み取って 技を 回避する。",1,3
nickit,default,run-away,にげあし,"野生の ポケモンから 必ず 逃げられる。",0,1
nickit,default,unburden,かるわざ,"持っていた 道具が なくなると 素早さが 上がる。",0,2
nickit,default,stakeout,はりこみ,"交代で 出てきた 相手に ２倍の ダメージで 攻撃 できる。",1,3
thievul,default,run-away,にげあし,"野生の ポケモンから 必ず 逃げられる。",0,1
thievul,default,unburden,かるわざ,"持っていた 道具が なくなると 素早さが 上がる。",0,2
thievul,default,stakeout,はりこみ,"交代で 出てきた 相手に ２倍の ダメージで 攻撃 できる。",1,3
gossifleur,default,cotton-down,わたげ,"攻撃を 受けると わたげを ばらまいて 自分以外の ポケモン すべての 素早さを 下げる。",0,1
gossifleur,default,regenerator,さいせいりょく,"手持ちに 引っ込むと ＨＰが 少し 回復する。",0,2
gossifleur,default,effect-spore,ほうし,"攻撃で 自分に 触れた 相手を どくや まひや ねむり状態に する ことがある。",1,3
eldegoss,default,cotton-down,わたげ,"攻撃を 受けると わたげを ばらまいて 自分以外の ポケモン すべての 素早さを 下げる。",0,1
eldegoss,default,regenerator,さいせいりょく,"手持ちに 引っ込むと ＨＰが 少し 回復する。",0,2
eldegoss,default,effect-spore,ほうし,"攻撃で 自分に 触れた 相手を どくや まひや ねむり状態に する ことがある。",1,3
wooloo,default,fluffy,もふもふ,"相手から 受けた 接触する 技の ダメージを 半減するが ほのおタイプの 技の ダメージは ２倍になる。",0,1
wooloo,default,run-away,にげあし,"野生の ポケモンから 必ず 逃げられる。",0,2
wooloo,default,bulletproof,ぼうだん,"相手の 弾や 爆弾などの 技を 防ぐことが できる。",1,3
dubwool,default,fluffy,もふもふ,"相手から 受けた 接触する 技の ダメージを 半減するが ほのおタイプの 技の ダメージは ２倍になる。",0,1
dubwool,default,steadfast,ふくつのこころ,"ひるむ たびに 不屈の心を 燃やして 素早さが 上がる。",0,2
dubwool,default,bulletproof,ぼうだん,"相手の 弾や 爆弾などの 技を 防ぐことが できる。",1,3
chewtle,default,strong-jaw,がんじょうあご,"あごが 頑丈で 噛む 技の 威力が 高くなる。",0,1
chewtle,default,shell-armor,シェルアーマー,"硬い 殻に 守られ 相手の 攻撃が 急所に 当たらない。",0,2
chewtle,default,swift-swim,すいすい,"天気が 雨のとき 素早さが 上がる。",1,3
drednaw,default,strong-jaw,がんじょうあご,"あごが 頑丈で 噛む 技の 威力が 高くなる。",0,1
drednaw,default,shell-armor,シェルアーマー,"硬い 殻に 守られ 相手の 攻撃が 急所に 当たらない。",0,2
drednaw,default,swift-swim,すいすい,"天気が 雨のとき 素早さが 上がる。",1,3
yamper,default,ball-fetch,たまひろい,"道具を 持っていない 場合 １回目に 投げて 失敗 した モンスターボールを 拾ってくる。",0,1
yamper,default,rattled,びびり,"あくタイプと ゴーストタイプと むしタイプの 技を 受けると びびって 素早さが 上がる。",1,3
boltund,default,strong-jaw,がんじょうあご,"あごが 頑丈で 噛む 技の 威力が 高くなる。",0,1
boltund,default,competitive,かちき,"能力を 下げられると 特攻が ぐーんと 上がる。",1,3
rolycoly,default,steam-engine,じょうききかん,"みずタイプ ほのおタイプの 技を 受けると 素早さが ぐぐーんと 上がる。",0,1
rolycoly,default,heatproof,たいねつ,"耐熱の 体に よって ほのおタイプの 技の 威力を 半減させる。",0,2
rolycoly,default,flash-fire,もらいび,"ほのおタイプの 技を 受けると 炎を もらい 自分が 出す ほのおタイプの 技が 強くなる。",1,3
carkol,default,steam-engine,じょうききかん,"みずタイプ ほのおタイプの 技を 受けると 素早さが ぐぐーんと 上がる。",0,1
carkol,default,flame-body,ほのおのからだ,"自分に 触った 相手を やけど状態に する ことがある。",0,2
carkol,default,flash-fire,もらいび,"ほのおタイプの 技を 受けると 炎を もらい 自分が 出す ほのおタイプの 技が 強くなる。",1,3
coalossal,default,steam-engine,じょうききかん,"みずタイプ ほのおタイプの 技を 受けると 素早さが ぐぐーんと 上がる。",0,1
coalossal,default,flame-body,ほのおのからだ,"自分に 触った 相手を やけど状態に する ことがある。",0,2
coalossal,default,flash-fire,もらいび,"ほのおタイプの 技を 受けると 炎を もらい 自分が 出す ほのおタイプの 技が 強くなる。",1,3
applin,default,ripen,じゅくせい,"熟成 させることで きのみの 効果が 倍に なる。",0,1
applin,default,gluttony,くいしんぼう,"ＨＰが 少なくなったら 食べる きのみを ＨＰ 半分の 時に 食べてしまう。",0,2
applin,default,bulletproof,ぼうだん,"相手の 弾や 爆弾などの 技を 防ぐことが できる。",1,3
flapple,default,ripen,じゅくせい,"熟成 させることで きのみの 効果が 倍に なる。",0,1
flapple,default,gluttony,くいしんぼう,"ＨＰが 少なくなったら 食べる きのみを ＨＰ 半分の 時に 食べてしまう。",0,2
flapple,default,hustle,はりきり,"自分の 攻撃が 高くなるが 命中率が 下がる。",1,3
appletun,default,ripen,じゅくせい,"熟成 させることで きのみの 効果が 倍に なる。",0,1
appletun,default,gluttony,くいしんぼう,"ＨＰが 少なくなったら 食べる きのみを ＨＰ 半分の 時に 食べてしまう。",0,2
appletun,default,thick-fat,あついしぼう,"厚い 脂肪で 守られているので ほのおタイプと こおりタイプの 技の ダメージを 半減させる。",1,3
silicobra,default,sand-spit,すなはき,"攻撃を 受けると 砂あらしを 起こす。",0,1
silicobra,default,shed-skin,だっぴ,"体の 皮を 脱ぎ捨てることで 状態異常を 治すことが ある。",0,2
silicobra,default,sand-veil,すながくれ,"砂あらしの とき 回避率が 上がる。",1,3
sandaconda,default,sand-spit,すなはき,"攻撃を 受けると 砂あらしを 起こす。",0,1
sandaconda,default,shed-skin,だっぴ,"体の 皮を 脱ぎ捨てることで 状態異常を 治すことが ある。",0,2
sandaconda,default,sand-veil,すながくれ,"砂あらしの とき 回避率が 上がる。",1,3
cramorant,default,gulp-missile,うのミサイル,"なみのりか ダイビングを すると 獲物を くわえてくる。 ダメージを 受けると 獲物を 吐きだして 攻撃。",0,1
cramorant,gulping,gulp-missile,うのミサイル,"なみのりか ダイビングを すると 獲物を くわえてくる。 ダメージを 受けると 獲物を 吐きだして 攻撃。",0,1
cramorant,gorging,gulp-missile,うのミサイル,"なみのりか ダイビングを すると 獲物を くわえてくる。 ダメージを 受けると 獲物を 吐きだして 攻撃。",0,1
arrokuda,default,swift-swim,すいすい,"天気が 雨のとき 素早さが 上がる。",0,1
arrokuda,default,propeller-tail,スクリューおびれ,"相手の 技を 引き受ける 特性や 技の 影響を 無視 できる。",1,3
barraskewda,default,swift-swim,すいすい,"天気が 雨のとき 素早さが 上がる。",0,1
barraskewda,default,propeller-tail,スクリューおびれ,"相手の 技を 引き受ける 特性や 技の 影響を 無視 できる。",1,3
toxel,default,rattled,びびり,"あくタイプと ゴーストタイプと むしタイプの 技を 受けると びびって 素早さが 上がる。",0,1
toxel,default,static,せいでんき,"静電気を 体に まとい 触った 相手を まひさせる ことがある。",0,2
toxel,default,klutz,ぶきよう,"持っている 道具を 使うことが できない。",1,3
toxtricity,default,punk-rock,パンクロック,"音技の 威力が 上がる。 受けた 音技の ダメージは 半分に なる。",0,1
toxtricity,default,plus,プラス,"プラスか マイナスの 特性を 持つ ポケモンが 仲間に いると 自分の 特攻が 上がる。",0,2
toxtricity,default,technician,テクニシャン,"威力が 低い 技の 威力を 高くして 攻撃できる。",1,3
toxtricity,low-key,punk-rock,パンクロック,"音技の 威力が 上がる。 受けた 音技の ダメージは 半分に なる。",0,1
toxtricity,low-key,minus,マイナス,"プラスか マイナスの 特性を 持つ ポケモンが 仲間に いると 自分の 特攻が 上がる。",0,2
toxtricity,low-key,technician,テクニシャン,"威力が 低い 技の 威力を 高くして 攻撃できる。",1,3
sizzlipede,default,flash-fire,もらいび,"ほのおタイプの 技を 受けると 炎を もらい 自分が 出す ほのおタイプの 技が 強くなる。",0,1
sizzlipede,default,white-smoke,しろいけむり,"白い煙に 守られて 相手に 能力を 下げられない。",0,2
sizzlipede,default,flame-body,ほのおのからだ,"自分に 触った 相手を やけど状態に する ことがある。",1,3
centiskorch,default,flash-fire,もらいび,"ほのおタイプの 技を 受けると 炎を もらい 自分が 出す ほのおタイプの 技が 強くなる。",0,1
centiskorch,default,white-smoke,しろいけむり,"白い煙に 守られて 相手に 能力を 下げられない。",0,2
centiskorch,default,flame-body,ほのおのからだ,"自分に 触った 相手を やけど状態に する ことがある。",1,3
clobbopus,default,limber,じゅうなん,"柔軟な 体によって まひ状態に ならない。",0,1
clobbopus,default,technician,テクニシャン,"威力が 低い 技の 威力を 高くして 攻撃できる。",1,3
grapploct,default,limber,じゅうなん,"柔軟な 体によって まひ状態に ならない。",0,1
grapploct,default,technician,テクニシャン,"威力が 低い 技の 威力を 高くして 攻撃できる。",1,3
sinistea,default,weak-armor,くだけるよろい,"物理技で ダメージを 受けると 防御が 下がり 素早さが ぐーんと 上がる。",0,1
sinistea,default,cursed-body,のろわれボディ,"攻撃を 受けると 相手の 技を かなしばり状態に することが ある。",1,3
polteageist,default,weak-armor,くだけるよろい,"物理技で ダメージを 受けると 防御が 下がり 素早さが ぐーんと 上がる。",0,1
polteageist,default,cursed-body,のろわれボディ,"攻撃を 受けると 相手の 技を かなしばり状態に することが ある。",1,3
hatenna,default,healer,いやしのこころ,"状態異常の 味方を たまに 治してあげる。",0,1
hatenna,default,anticipation,きけんよち,"相手の 持つ 危険な 技を 察知する ことができる。",0,2
hatenna,default,magic-bounce,マジックミラー,"相手に だされた 変化技を 受けずに そのまま 返す ことが できる。",1,3
hattrem,default,healer,いやしのこころ,"状態異常の 味方を たまに 治してあげる。",0,1
hattrem,default,anticipation,きけんよち,"相手の 持つ 危険な 技を 察知する ことができる。",0,2
hattrem,default,magic-bounce,マジックミラー,"相手に だされた 変化技を 受けずに そのまま 返す ことが できる。",1,3
hatterene,default,healer,いやしのこころ,"状態異常の 味方を たまに 治してあげる。",0,1
hatterene,default,anticipation,きけんよち,"相手の 持つ 危険な 技を 察知する ことができる。",0,2
hatterene,default,magic-bounce,マジックミラー,"相手に だされた 変化技を 受けずに そのまま 返す ことが できる。",1,3
impidimp,default,prankster,いたずらごころ,"変化技を 先制で 出すことが できる。",0,1
impidimp,default,frisk,おみとおし,"登場 したとき 相手の 持ち物を 見通すことが できる。",0,2
impidimp,default,pickpocket,わるいてぐせ,"触られた 相手の 道具を 盗んで しまう。",1,3
morgrem,default,prankster,いたずらごころ,"変化技を 先制で 出すことが できる。",0,1
morgrem,default,frisk,おみとおし,"登場 したとき 相手の 持ち物を 見通すことが できる。",0,2
morgrem,default,pickpocket,わるいてぐせ,"触られた 相手の 道具を 盗んで しまう。",1,3
grimmsnarl,default,prankster,いたずらごころ,"変化技を 先制で 出すことが できる。",0,1
grimmsnarl,default,frisk,おみとおし,"登場 したとき 相手の 持ち物を 見通すことが できる。",0,2
grimmsnarl,default,pickpocket,わるいてぐせ,"触られた 相手の 道具を 盗んで しまう。",1,3
obstagoon,default,reckless,すてみ,"反動で ダメージを 受ける 技の 威力が 上がる。",0,1
obstagoon,default,guts,こんじょう,"状態異常に なると 根性を だして 攻撃が 上がる。",0,2
obstagoon,default,defiant,まけんき,"能力を 下げられると 攻撃が ぐーんと 上がる。",1,3
perrserker,default,battle-armor,カブトアーマー,"硬い 甲羅に 守られて 相手の 攻撃が 急所に 当たらない。",0,1
perrserker,default,tough-claws,かたいツメ,"相手に 接触する 技の 威力が 高くなる。",0,2
perrserker,default,steely-spirit,はがねのせいしん,"味方の はがねタイプの 攻撃の 威力が 上がる。",1,3
cursola,default,weak-armor,くだけるよろい,"物理技で ダメージを 受けると 防御が 下がり 素早さが ぐーんと 上がる。",0,1
cursola,default,perish-body,ほろびのボディ,"接触する 技を 受けると お互い ３ターン たつと ひんしになる。 交代すると 効果は なくなる。",1,3
sirfetchd,default,steadfast,ふくつのこころ,"ひるむ たびに 不屈の心を 燃やして 素早さが 上がる。",0,1
sirfetchd,default,scrappy,きもったま,"ゴーストタイプの ポケモンに ノーマルタイプと かくとうタイプの 技を 当てることが できる。",1,3
mr-rime,default,tangled-feet,ちどりあし,"こんらん状態の ときは 回避率が アップする。",0,1
mr-rime,default,screen-cleaner,バリアフリー,"登場 したときに 敵と 味方の ひかりのかべ リフレクター オーロラベールの 効果が 消える。",0,2
mr-rime,default,ice-body,アイスボディ,"天気が あられのとき ＨＰを 少しずつ 回復 する。",1,3
runerigus,default,wandering-spirit,さまようたましい,"接触する 技で 攻撃 してきた ポケモンと 特性を 入れ替える。",0,1
milcery,default,sweet-veil,スイートベール,"味方の ポケモンは 眠らなくなる。",0,1
milcery,default,aroma-veil,アロマベール,"自分と 味方への メンタル 攻撃を 防ぐことが できる。",1,3
alcremie,default,sweet-veil,スイートベール,"味方の ポケモンは 眠らなくなる。",0,1
alcremie,default,aroma-veil,アロマベール,"自分と 味方への メンタル 攻撃を 防ぐことが できる。",1,3
falinks,default,battle-armor,カブトアーマー,"硬い 甲羅に 守られて 相手の 攻撃が 急所に 当たらない。",0,1
falinks,default,defiant,まけんき,"能力を 下げられると 攻撃が ぐーんと 上がる。",1,3
pincurchin,default,lightning-rod,ひらいしん,"でんきタイプの 技を 自分に 寄せつけ ダメージを 受けずに 特攻が 上がる。",0,1
pincurchin,default,electric-surge,エレキメイカー,"登場 したときに エレキフィールドを はりめぐらせる。",1,3
snom,default,shield-dust,りんぷん,"りんぷんに 守られて 技の 追加効果を 受けなくなる。",0,1
snom,default,ice-scales,こおりのりんぷん,"こおりのりんぷんに 守られて 特殊攻撃で 受ける ダメージが 半減 する。",1,3
frosmoth,default,shield-dust,りんぷん,"りんぷんに 守られて 技の 追加効果を 受けなくなる。",0,1
frosmoth,default,ice-scales,こおりのりんぷん,"こおりのりんぷんに 守られて 特殊攻撃で 受ける ダメージが 半減 する。",1,3
stonjourner,default,power-spot,パワースポット,"隣に いるだけで 技の 威力が 上がる。",0,1
eiscue,default,ice-face,アイスフェイス,"物理攻撃は 頭の 氷が みがわりに なるが 姿も 変わる。 氷は あられが 降ると 元に戻る。",0,1
eiscue,noice,ice-face,アイスフェイス,"物理攻撃は 頭の 氷が みがわりに なるが 姿も 変わる。 氷は あられが 降ると 元に戻る。",0,1
indeedee,default,inner-focus,せいしんりょく,"鍛えられた 精神に よって 相手の 攻撃に ひるまない。",0,1
indeedee,default,synchronize,シンクロ,"自分が なってしまった どくや まひや やけどを 相手に うつす。",0,2
indeedee,default,psychic-surge,サイコメイカー,"登場 したときに サイコフィールドを はりめぐらせる。",1,3
indeedee,female,own-tempo,マイペース,"マイペースなので こんらん状態に ならない。",0,1
indeedee,female,synchronize,シンクロ,"自分が なってしまった どくや まひや やけどを 相手に うつす。",0,2
indeedee,female,psychic-surge,サイコメイカー,"登場 したときに サイコフィールドを はりめぐらせる。",1,3
morpeko,default,hunger-switch,はらぺこスイッチ,"ターンの 終わりに まんぷくもよう はらぺこもよう まんぷくもよう……と 交互に 姿を 変える。",0,1
morpeko,hangry,hunger-switch,はらぺこスイッチ,"ターンの 終わりに まんぷくもよう はらぺこもよう まんぷくもよう……と 交互に 姿を 変える。",0,1
cufant,default,sheer-force,ちからずく,"技の 追加効果は なくなるが そのぶん 高い 威力で 技を 出すことが できる。",0,1
cufant,default,heavy-metal,ヘヴィメタル,"自分の 重さが ２倍に なる。",1,3
copperajah,default,sheer-force,ちからずく,"技の 追加効果は なくなるが そのぶん 高い 威力で 技を 出すことが できる。",0,1
copperajah,default,heavy-metal,ヘヴィメタル,"自分の 重さが ２倍に なる。",1,3
dracozolt,default,volt-absorb,ちくでん,"でんきタイプの 技を 受けると ダメージを 受けずに 回復する。",0,1
dracozolt,default,hustle,はりきり,"自分の 攻撃が 高くなるが 命中率が 下がる。",0,2
dracozolt,default,sand-rush,すなかき,"天気が すなあらし のとき 素早さが 上がる。",1,3
arctozolt,default,volt-absorb,ちくでん,"でんきタイプの 技を 受けると ダメージを 受けずに 回復する。",0,1
arctozolt,default,static,せいでんき,"静電気を 体に まとい 触った 相手を まひさせる ことがある。",0,2
arctozolt,default,slush-rush,ゆきかき,"天気が あられ のとき 素早さが 上がる。",1,3
dracovish,default,water-absorb,ちょすい,"みずタイプの 技を 受けると ダメージを 受けずに 回復する。",0,1
dracovish,default,strong-jaw,がんじょうあご,"あごが 頑丈で 噛む 技の 威力が 高くなる。",0,2
dracovish,default,sand-rush,すなかき,"天気が すなあらし のとき 素早さが 上がる。",1,3
arctovish,default,water-absorb,ちょすい,"みずタイプの 技を 受けると ダメージを 受けずに 回復する。",0,1
arctovish,default,ice-body,アイスボディ,"天気が あられのとき ＨＰを 少しずつ 回復 する。",0,2
arctovish,default,slush-rush,ゆきかき,"天気が あられ のとき 素早さが 上がる。",1,3
duraludon,default,light-metal,ライトメタル,"自分の 重さが 半分に なる。",0,1
duraludon,default,heavy-metal,ヘヴィメタル,"自分の 重さが ２倍に なる。",0,2
duraludon,default,stalwart,すじがねいり,"相手の 技を 引き受ける 特性や 技の 影響を 無視 できる。",1,3
dreepy,default,clear-body,クリアボディ,"相手の 技や 特性で 能力を 下げられない。",0,1
dreepy,default,infiltrator,すりぬけ,"相手の 壁や 身代わりを すりぬけて 攻撃 できる",0,2
dreepy,default,cursed-body,のろわれボディ,"攻撃を 受けると 相手の 技を かなしばり状態に することが ある。",1,3
drakloak,default,clear-body,クリアボディ,"相手の 技や 特性で 能力を 下げられない。",0,1
drakloak,default,infiltrator,すりぬけ,"相手の 壁や 身代わりを すりぬけて 攻撃 できる",0,2
drakloak,default,cursed-body,のろわれボディ,"攻撃を 受けると 相手の 技を かなしばり状態に することが ある。",1,3
dragapult,default,clear-body,クリアボディ,"相手の 技や 特性で 能力を 下げられない。",0,1
dragapult,default,infiltrator,すりぬけ,"相手の 壁や 身代わりを すりぬけて 攻撃 できる",0,2
dragapult,default,cursed-body,のろわれボディ,"攻撃を 受けると 相手の 技を かなしばり状態に することが ある。",1,3
zacian,default,intrepid-sword,ふとうのけん,"登場 したときに 攻撃が 上がる。",0,1
zacian,crowned,intrepid-sword,ふとうのけん,"登場 したときに 攻撃が 上がる。",0,1
zamazenta,default,dauntless-shield,ふくつのたて,"登場 したときに 防御が 上がる。",0,1
zamazenta,crowned,dauntless-shield,ふくつのたて,"登場 したときに 防御が 上がる。",0,1
eternatus,default,pressure,プレッシャー,"プレッシャーを あたえて 相手の 使う 技の ＰＰを 多く 減らす。",0,1
kubfu,default,inner-focus,せいしんりょく,"鍛えられた 精神に よって 相手の 攻撃に ひるまない。",0,1
urshifu,default,unseen-fist,ふかしのこぶし,"相手に 接触する 技なら 守りの 効果を 無視して 攻撃することが できる。",0,1
urshifu,rapid-strike,unseen-fist,ふかしのこぶし,"相手に 接触する 技なら 守りの 効果を 無視して 攻撃することが できる。",0,1
zarude,default,leaf-guard,リーフガード,"天気が 晴れのときは 状態異常に ならない。",0,1
zarude,dada,leaf-guard,リーフガード,"天気が 晴れのときは 状態異常に ならない。",0,1
regieleki,default,transistor,トランジスタ,"でんきタイプの 技の 威力が 上がる。",0,1
regidrago,default,dragons-maw,りゅうのあぎと,"ドラゴンタイプの 技の 威力が 上がる。",0,1
glastrier,default,chilling-neigh,しろのいななき,"相手を 倒すと 冷たい 声で いなないて 攻撃が 上がる。",0,1
spectrier,default,grim-neigh,くろのいななき,"相手を 倒すと 恐ろしい 声で いなないて 特攻が 上がる。",0,1
calyrex,default,unnerve,きんちょうかん,"相手を 緊張させて きのみを 食べられなく させる。",0,1
calyrex,ice,as-one-glastrier,じんばいったい,"バドレックスの きんちょうかんと ブリザポスの しろのいななきの 二つの 特性を あわせ持つ。",0,1
calyrex,shadow,as-one-spectrier,じんばいったい,"バドレックスの きんちょうかんと レイスポスの くろのいななきの 二つの 特性を あわせ持つ。",0,1
wyrdeer,default,intimidate,いかく,"登場 したとき 威嚇して 相手を 萎縮させ 相手の 攻撃を 下げて しまう。",0,1
wyrdeer,default,frisk,おみとおし,"登場 したとき 相手の 持ち物を 見通すことが できる。",0,2
wyrdeer,default,sap-sipper,そうしょく,"くさタイプの 技を 受けると ダメージを 受けずに 攻撃が 上がる。",1,3
kleavor,default,swarm,むしのしらせ,"ＨＰが 減ったとき むしタイプの 技の 威力が 上がる。",0,1
kleavor,default,sheer-force,ちからずく,"技の 追加効果は なくなるが そのぶん 高い 威力で 技を 出すことが できる。",0,2
kleavor,default,sharpness,きれあじ,"相手を 切る技の 威力が 上がる。",1,3
ursaluna,default,guts,こんじょう,"状態異常に なると 根性を だして 攻撃が 上がる。",0,1
ursaluna,default,bulletproof,ぼうだん,"相手の 弾や 爆弾などの 技を 防ぐことが できる。",0,2
ursaluna,default,unnerve,きんちょうかん,"相手を 緊張させて きのみを 食べられなく させる。",1,3
ursaluna,bloodmoon,minds-eye,しんがん,"ノーマル かくとうタイプの技を ゴーストタイプに 当てることが できる。 相手の 回避率の 変化を 無視し 命中率も 下げられない。",0,1
basculegion,default,swift-swim,すいすい,"天気が 雨のとき 素早さが 上がる。",0,1
basculegion,default,adaptability,てきおうりょく,"自分と おなじ タイプの 技の 威力が 上がる。",0,2
basculegion,default,mold-breaker,かたやぶり,"相手の 特性に ジャマされる ことなく 相手に 技を 出すことが できる。",1,3
basculegion,female,swift-swim,すいすい,"天気が 雨のとき 素早さが 上がる。",0,1
basculegion,female,adaptability,てきおうりょく,"自分と おなじ タイプの 技の 威力が 上がる。",0,2
basculegion,female,mold-breaker,かたやぶり,"相手の 特性に ジャマされる ことなく 相手に 技を 出すことが できる。",1,3
sneasler,default,pressure,プレッシャー,"プレッシャーを あたえて 相手の 使う 技の ＰＰを 多く 減らす。",0,1
sneasler,default,unburden,かるわざ,"持っていた 道具が なくなると 素早さが 上がる。",0,2
sneasler,default,poison-touch,どくしゅ,"触る だけで 相手を どく 状態に することがある。",1,3
overqwil,default,poison-point,どくのトゲ,"自分に 触った 相手を どく状態に することがある。",0,1
overqwil,default,swift-swim,すいすい,"天気が 雨のとき 素早さが 上がる。",0,2
overqwil,default,intimidate,いかく,"登場 したとき 威嚇して 相手を 萎縮させ 相手の 攻撃を 下げて しまう。",1,3
enamorus,default,cute-charm,メロメロボディ,"自分に 触った 相手を メロメロに することが ある。",0,1
enamorus,default,contrary,あまのじゃく,"能力の 変化が 逆転して 上がるときに 下がり 下がるときに 上がる。",1,3
enamorus,therian,overcoat,ぼうじん,"すなあらしや あられなどの ダメージを 受けない。 粉の 技を 受けない。",0,1
sprigatito,default,overgrow,しんりょく,"ＨＰが 減ったとき くさタイプの 技の 威力が 上がる。",0,1
sprigatito,default,protean,へんげんじざい,"自分が 出す 技と 同じ タイプに 変化する。",1,3
floragato,default,overgrow,しんりょく,"ＨＰが 減ったとき くさタイプの 技の 威力が 上がる。",0,1
floragato,default,protean,へんげんじざい,"自分が 出す 技と 同じ タイプに 変化する。",1,3
meowscarada,default,overgrow,しんりょく,"ＨＰが 減ったとき くさタイプの 技の 威力が 上がる。",0,1
meowscarada,default,protean,へんげんじざい,"自分が 出す 技と 同じ タイプに 変化する。",1,3
fuecoco,default,blaze,もうか,"ＨＰが 減ったとき ほのおタイプの 技の 威力が 上がる。",0,1
fuecoco,default,unaware,てんねん,"相手の 能力の 変化を 無視して 攻撃が できる。",1,3
crocalor,default,blaze,もうか,"ＨＰが 減ったとき ほのおタイプの 技の 威力が 上がる。",0,1
crocalor,default,unaware,てんねん,"相手の 能力の 変化を 無視して 攻撃が できる。",1,3
skeledirge,default,blaze,もうか,"ＨＰが 減ったとき ほのおタイプの 技の 威力が 上がる。",0,1
skeledirge,default,unaware,てんねん,"相手の 能力の 変化を 無視して 攻撃が できる。",1,3
quaxly,default,torrent,げきりゅう,"ＨＰが 減ったとき みずタイプの 技の 威力が 上がる。",0,1
quaxly,default,moxie,じしんかじょう,"相手を 倒すと 自信が ついて 攻撃が 上がる。",1,3
quaxwell,default,torrent,げきりゅう,"ＨＰが 減ったとき みずタイプの 技の 威力が 上がる。",0,1
quaxwell,default,moxie,じしんかじょう,"相手を 倒すと 自信が ついて 攻撃が 上がる。",1,3
quaquaval,default,torrent,げきりゅう,"ＨＰが 減ったとき みずタイプの 技の 威力が 上がる。",0,1
quaquaval,default,moxie,じしんかじょう,"相手を 倒すと 自信が ついて 攻撃が 上がる。",1,3
lechonk,default,aroma-veil,アロマベール,"自分と 味方への メンタル 攻撃を 防ぐことが できる。",0,1
lechonk,default,gluttony,くいしんぼう,"ＨＰが 少なくなったら 食べる きのみを ＨＰ 半分の 時に 食べてしまう。",0,2
lechonk,default,thick-fat,あついしぼう,"厚い 脂肪で 守られているので ほのおタイプと こおりタイプの 技の ダメージを 半減させる。",1,3
oinkologne,default,lingering-aroma,とれないにおい,"相手に 触られると とれないにおいが 相手に うつってしまう。",0,1
oinkologne,default,gluttony,くいしんぼう,"ＨＰが 少なくなったら 食べる きのみを ＨＰ 半分の 時に 食べてしまう。",0,2
oinkologne,default,thick-fat,あついしぼう,"厚い 脂肪で 守られているので ほのおタイプと こおりタイプの 技の ダメージを 半減させる。",1,3
oinkologne,female,aroma-veil,アロマベール,"自分と 味方への メンタル 攻撃を 防ぐことが できる。",0,1
oinkologne,female,gluttony,くいしんぼう,"ＨＰが 少なくなったら 食べる きのみを ＨＰ 半分の 時に 食べてしまう。",0,2
oinkologne,female,thick-fat,あついしぼう,"厚い 脂肪で 守られているので ほのおタイプと こおりタイプの 技の ダメージを 半減させる。",1,3
tarountula,default,insomnia,ふみん,"眠れない 体質 なので ねむり状態に ならない。",0,1
tarountula,default,stakeout,はりこみ,"交代で 出てきた 相手に ２倍の ダメージで 攻撃 できる。",1,3
spidops,default,insomnia,ふみん,"眠れない 体質 なので ねむり状態に ならない。",0,1
spidops,default,stakeout,はりこみ,"交代で 出てきた 相手に ２倍の ダメージで 攻撃 できる。",1,3
nymble,default,swarm,むしのしらせ,"ＨＰが 減ったとき むしタイプの 技の 威力が 上がる。",0,1
nymble,default,tinted-lens,いろめがね,"効果が いまひとつの 技を 通常の 威力で 出すことが できる。",1,3
lokix,default,swarm,むしのしらせ,"ＨＰが 減ったとき むしタイプの 技の 威力が 上がる。",0,1
lokix,default,tinted-lens,いろめがね,"効果が いまひとつの 技を 通常の 威力で 出すことが できる。",1,3
pawmi,default,static,せいでんき,"静電気を 体に まとい 触った 相手を まひさせる ことがある。",0,1
pawmi,default,natural-cure,しぜんかいふく,"手持ちに ひっこむと 状態異常が 治る。",0,2
pawmi,default,iron-fist,てつのこぶし,"パンチを 使う 技の 威力が 上がる。",1,3
pawmo,default,volt-absorb,ちくでん,"でんきタイプの 技を 受けると ダメージを 受けずに 回復する。",0,1
pawmo,default,natural-cure,しぜんかいふく,"手持ちに ひっこむと 状態異常が 治る。",0,2
pawmo,default,iron-fist,てつのこぶし,"パンチを 使う 技の 威力が 上がる。",1,3
pawmot,default,volt-absorb,ちくでん,"でんきタイプの 技を 受けると ダメージを 受けずに 回復する。",0,1
pawmot,default,natural-cure,しぜんかいふく,"手持ちに ひっこむと 状態異常が 治る。",0,2
pawmot,default,iron-fist,てつのこぶし,"パンチを 使う 技の 威力が 上がる。",1,3
tandemaus,default,run-away,にげあし,"野生の ポケモンから 必ず 逃げられる。",0,1
tandemaus,default,pickup,ものひろい,"相手の 使った 道具を 拾ってくることが ある。 冒険中も 拾ってくる。",0,2
tandemaus,default,own-tempo,マイペース,"マイペースなので こんらん状態に ならない。",1,3
maushold,default,friend-guard,フレンドガード,"味方の ダメージを 減らすことが できる。",0,1
maushold,default,cheek-pouch,ほおぶくろ,"どんな きのみでも 食べると ＨＰも 回復する。",0,2
maushold,default,technician,テクニシャン,"威力が 低い 技の 威力を 高くして 攻撃できる。",1,3
maushold,family-of-three,friend-guard,フレンドガード,"味方の ダメージを 減らすことが できる。",0,1
maushold,family-of-three,cheek-pouch,ほおぶくろ,"どんな きのみでも 食べると ＨＰも 回復する。",0,2
maushold,family-of-three,technician,テクニシャン,"威力が 低い 技の 威力を 高くして 攻撃できる。",1,3
fidough,default,own-tempo,マイペース,"マイペースなので こんらん状態に ならない。",0,1
fidough,default,klutz,ぶきよう,"持っている 道具を 使うことが できない。",1,3
dachsbun,default,well-baked-body,こんがりボディ,"ほのおタイプの 技を 受けると ダメージを 受けずに 防御が ぐーんと 上がる。",0,1
dachsbun,default,aroma-veil,アロマベール,"自分と 味方への メンタル 攻撃を 防ぐことが できる。",1,3
smoliv,default,early-bird,はやおき,"ねむり状態に なっても ２倍の 早さで 目覚める ことが できる。",0,1
smoliv,default,harvest,しゅうかく,"使った きのみを 何回も 作りだす。",1,3
dolliv,default,early-bird,はやおき,"ねむり状態に なっても ２倍の 早さで 目覚める ことが できる。",0,1
dolliv,default,harvest,しゅうかく,"使った きのみを 何回も 作りだす。",1,3
arboliva,default,seed-sower,こぼれダネ,"攻撃を 受けると グラスフィールドに する。",0,1
arboliva,default,harvest,しゅうかく,"使った きのみを 何回も 作りだす。",1,3
squawkabilly,default,intimidate,いかく,"登場 したとき 威嚇して 相手を 萎縮させ 相手の 攻撃を 下げて しまう。",0,1
squawkabilly,default,hustle,はりきり,"自分の 攻撃が 高くなるが 命中率が 下がる。",0,2
squawkabilly,default,guts,こんじょう,"状態異常に なると 根性を だして 攻撃が 上がる。",1,3
squawkabilly,blue-plumage,intimidate,いかく,"登場 したとき 威嚇して 相手を 萎縮させ 相手の 攻撃を 下げて しまう。",0,1
squawkabilly,blue-plumage,hustle,はりきり,"自分の 攻撃が 高くなるが 命中率が 下がる。",0,2
squawkabilly,blue-plumage,guts,こんじょう,"状態異常に なると 根性を だして 攻撃が 上がる。",1,3
squawkabilly,yellow-plumage,intimidate,いかく,"登場 したとき 威嚇して 相手を 萎縮させ 相手の 攻撃を 下げて しまう。",0,1
squawkabilly,yellow-plumage,hustle,はりきり,"自分の 攻撃が 高くなるが 命中率が 下がる。",0,2
squawkabilly,yellow-plumage,sheer-force,ちからずく,"技の 追加効果は なくなるが そのぶん 高い 威力で 技を 出すことが できる。",1,3
squawkabilly,white-plumage,intimidate,いかく,"登場 したとき 威嚇して 相手を 萎縮させ 相手の 攻撃を 下げて しまう。",0,1
squawkabilly,white-plumage,hustle,はりきり,"自分の 攻撃が 高くなるが 命中率が 下がる。",0,2
squawkabilly,white-plumage,sheer-force,ちからずく,"技の 追加効果は なくなるが そのぶん 高い 威力で 技を 出すことが できる。",1,3
nacli,default,purifying-salt,きよめのしお,"清らかな塩で 状態異常に ならない。 ゴーストタイプの 技の ダメージを 半減させる。",0,1
nacli,default,sturdy,がんじょう,"相手の 技を 受けても 一撃で 倒されることが ない。 一撃必殺技も 効かない。",0,2
nacli,default,clear-body,クリアボディ,"相手の 技や 特性で 能力を 下げられない。",1,3
naclstack,default,purifying-salt,きよめのしお,"清らかな塩で 状態異常に ならない。 ゴーストタイプの 技の ダメージを 半減させる。",0,1
naclstack,default,sturdy,がんじょう,"相手の 技を 受けても 一撃で 倒されることが ない。 一撃必殺技も 効かない。",0,2
naclstack,default,clear-body,クリアボディ,"相手の 技や 特性で 能力を 下げられない。",1,3
garganacl,default,purifying-salt,きよめのしお,"清らかな塩で 状態異常に ならない。 ゴーストタイプの 技の ダメージを 半減させる。",0,1
garganacl,default,sturdy,がんじょう,"相手の 技を 受けても 一撃で 倒されることが ない。 一撃必殺技も 効かない。",0,2
garganacl,default,clear-body,クリアボディ,"相手の 技や 特性で 能力を 下げられない。",1,3
charcadet,default,flash-fire,もらいび,"ほのおタイプの 技を 受けると 炎を もらい 自分が 出す ほのおタイプの 技が 強くなる。",0,1
charcadet,default,flame-body,ほのおのからだ,"自分に 触った 相手を やけど状態に する ことがある。",1,3
armarouge,default,flash-fire,もらいび,"ほのおタイプの 技を 受けると 炎を もらい 自分が 出す ほのおタイプの 技が 強くなる。",0,1
armarouge,default,weak-armor,くだけるよろい,"物理技で ダメージを 受けると 防御が 下がり 素早さが ぐーんと 上がる。",1,3
ceruledge,default,flash-fire,もらいび,"ほのおタイプの 技を 受けると 炎を もらい 自分が 出す ほのおタイプの 技が 強くなる。",0,1
ceruledge,default,weak-armor,くだけるよろい,"物理技で ダメージを 受けると 防御が 下がり 素早さが ぐーんと 上がる。",1,3
tadbulb,default,own-tempo,マイペース,"マイペースなので こんらん状態に ならない。",0,1
tadbulb,default,static,せいでんき,"静電気を 体に まとい 触った 相手を まひさせる ことがある。",0,2
tadbulb,default,damp,しめりけ,"あたりを 湿らせることに よって じばく などの 爆発する 技を だれも 使えなくなる。",1,3
bellibolt,default,electromorphosis,でんきにかえる,"ダメージを 受けると じゅうでん 状態に なる。",0,1
bellibolt,default,static,せいでんき,"静電気を 体に まとい 触った 相手を まひさせる ことがある。",0,2
bellibolt,default,damp,しめりけ,"あたりを 湿らせることに よって じばく などの 爆発する 技を だれも 使えなくなる。",1,3
wattrel,default,wind-power,ふうりょくでんき,"風技を 受けると じゅうでん 状態に なる。",0,1
wattrel,default,volt-absorb,ちくでん,"でんきタイプの 技を 受けると ダメージを 受けずに 回復する。",0,2
wattrel,default,competitive,かちき,"能力を 下げられると 特攻が ぐーんと 上がる。",1,3
kilowattrel,default,wind-power,ふうりょくでんき,"風技を 受けると じゅうでん 状態に なる。",0,1
kilowattrel,default,volt-absorb,ちくでん,"でんきタイプの 技を 受けると ダメージを 受けずに 回復する。",0,2
kilowattrel,default,competitive,かちき,"能力を 下げられると 特攻が ぐーんと 上がる。",1,3
maschiff,default,intimidate,いかく,"登場 したとき 威嚇して 相手を 萎縮させ 相手の 攻撃を 下げて しまう。",0,1
maschiff,default,run-away,にげあし,"野生の ポケモンから 必ず 逃げられる。",0,2
maschiff,default,stakeout,はりこみ,"交代で 出てきた 相手に ２倍の ダメージで 攻撃 できる。",1,3
mabosstiff,default,intimidate,いかく,"登場 したとき 威嚇して 相手を 萎縮させ 相手の 攻撃を 下げて しまう。",0,1
mabosstiff,default,guard-dog,ばんけん,"いかく されると 攻撃が 上がる。 ポケモンを 入れ替えさせる 技や 道具が 効かない。",0,2
mabosstiff,default,stakeout,はりこみ,"交代で 出てきた 相手に ２倍の ダメージで 攻撃 できる。",1,3
shroodle,default,unburden,かるわざ,"持っていた 道具が なくなると 素早さが 上がる。",0,1
shroodle,default,pickpocket,わるいてぐせ,"触られた 相手の 道具を 盗んで しまう。",0,2
shroodle,default,prankster,いたずらごころ,"変化技を 先制で 出すことが できる。",1,3
grafaiai,default,unburden,かるわざ,"持っていた 道具が なくなると 素早さが 上がる。",0,1
grafaiai,default,poison-touch,どくしゅ,"触る だけで 相手を どく 状態に することがある。",0,2
grafaiai,default,prankster,いたずらごころ,"変化技を 先制で 出すことが できる。",1,3
bramblin,default,wind-rider,かぜのり,"おいかぜが 吹いたり 風技を 受けると ダメージを 受けずに 攻撃が 上がる。",0,1
bramblin,default,infiltrator,すりぬけ,"相手の 壁や 身代わりを すりぬけて 攻撃 できる",1,3
brambleghast,default,wind-rider,かぜのり,"おいかぜが 吹いたり 風技を 受けると ダメージを 受けずに 攻撃が 上がる。",0,1
brambleghast,default,infiltrator,すりぬけ,"相手の 壁や 身代わりを すりぬけて 攻撃 できる",1,3
toedscool,default,mycelium-might,きんしのちから,"変化技を 出すとき 必ず 行動が 遅くなるが 相手の 特性に ジャマされない。",0,1
toedscruel,default,mycelium-might,きんしのちから,"変化技を 出すとき 必ず 行動が 遅くなるが 相手の 特性に ジャマされない。",0,1
klawf,default,anger-shell,いかりのこうら,"相手の攻撃で HPが 半分に なると 怒りで 防御と 特防が 下がるが 攻撃 特攻 素早さが 上がる。",0,1
klawf,default,shell-armor,シェルアーマー,"硬い 殻に 守られ 相手の 攻撃が 急所に 当たらない。",0,2
klawf,default,regenerator,さいせいりょく,"手持ちに 引っ込むと ＨＰが 少し 回復する。",1,3
capsakid,default,chlorophyll,ようりょくそ,"天気が 晴れのとき 素早さが 上がる。",0,1
capsakid,default,insomnia,ふみん,"眠れない 体質 なので ねむり状態に ならない。",0,2
capsakid,default,klutz,ぶきよう,"持っている 道具を 使うことが できない。",1,3
scovillain,default,chlorophyll,ようりょくそ,"天気が 晴れのとき 素早さが 上がる。",0,1
scovillain,default,insomnia,ふみん,"眠れない 体質 なので ねむり状態に ならない。",0,2
scovillain,default,moody,ムラっけ,"毎ターン 能力の どれかが ぐーんと 上がって どれかが 下がる。",1,3
scovillain,mega,spicy-spray,とびだすハバネロ,"技のダメージを受けると 相手をやけど状態にする。",0,1
rellor,default,compound-eyes,ふくがん,"複眼を 持っているため 技の 命中率が 上がる。",0,1
rellor,default,shed-skin,だっぴ,"体の 皮を 脱ぎ捨てることで 状態異常を 治すことが ある。",1,3
rabsca,default,synchronize,シンクロ,"自分が なってしまった どくや まひや やけどを 相手に うつす。",0,1
rabsca,default,telepathy,テレパシー,"味方の 攻撃を 読み取って 技を 回避する。",1,3
flittle,default,anticipation,きけんよち,"相手の 持つ 危険な 技を 察知する ことができる。",0,1
flittle,default,frisk,おみとおし,"登場 したとき 相手の 持ち物を 見通すことが できる。",0,2
flittle,default,speed-boost,かそく,"毎ターン 素早さが 上がる。",1,3
espathra,default,opportunist,びんじょう,"相手の 能力が 上がったとき 自分も 便乗して 同じように 能力を 上げる。",0,1
espathra,default,frisk,おみとおし,"登場 したとき 相手の 持ち物を 見通すことが できる。",0,2
espathra,default,speed-boost,かそく,"毎ターン 素早さが 上がる。",1,3
tinkatink,default,mold-breaker,かたやぶり,"相手の 特性に ジャマされる ことなく 相手に 技を 出すことが できる。",0,1
tinkatink,default,own-tempo,マイペース,"マイペースなので こんらん状態に ならない。",0,2
tinkatink,default,pickpocket,わるいてぐせ,"触られた 相手の 道具を 盗んで しまう。",1,3
tinkatuff,default,mold-breaker,かたやぶり,"相手の 特性に ジャマされる ことなく 相手に 技を 出すことが できる。",0,1
tinkatuff,default,own-tempo,マイペース,"マイペースなので こんらん状態に ならない。",0,2
tinkatuff,default,pickpocket,わるいてぐせ,"触られた 相手の 道具を 盗んで しまう。",1,3
tinkaton,default,mold-breaker,かたやぶり,"相手の 特性に ジャマされる ことなく 相手に 技を 出すことが できる。",0,1
tinkaton,default,own-tempo,マイペース,"マイペースなので こんらん状態に ならない。",0,2
tinkaton,default,pickpocket,わるいてぐせ,"触られた 相手の 道具を 盗んで しまう。",1,3
wiglett,default,gooey,ぬめぬめ,"攻撃で 自分に 触れた 相手の 素早さを 下げる。",0,1
wiglett,default,rattled,びびり,"あくタイプと ゴーストタイプと むしタイプの 技を 受けると びびって 素早さが 上がる。",0,2
wiglett,default,sand-veil,すながくれ,"砂あらしの とき 回避率が 上がる。",1,3
wugtrio,default,gooey,ぬめぬめ,"攻撃で 自分に 触れた 相手の 素早さを 下げる。",0,1
wugtrio,default,rattled,びびり,"あくタイプと ゴーストタイプと むしタイプの 技を 受けると びびって 素早さが 上がる。",0,2
wugtrio,default,sand-veil,すながくれ,"砂あらしの とき 回避率が 上がる。",1,3
bombirdier,default,big-pecks,はとむね,"防御を 下げる 効果を 受けない。",0,1
bombirdier,default,keen-eye,するどいめ,"鋭い 目の おかげで 命中率を 下げられない。",0,2
bombirdier,default,rocky-payload,いわはこび,"いわタイプの 技の 威力が 上がる。",1,3
finizen,default,water-veil,みずのベール,"水のベールを 身にまとい やけど状態に ならない。",0,1
palafin,default,zero-to-hero,マイティチェンジ,"手持ちに ひっこむと マイティフォルムに 変化する。",0,1
palafin,hero,zero-to-hero,マイティチェンジ,"手持ちに ひっこむと マイティフォルムに 変化する。",0,1
varoom,default,overcoat,ぼうじん,"すなあらしや あられなどの ダメージを 受けない。 粉の 技を 受けない。",0,1
varoom,default,slow-start,スロースタート,"５ターンの あいだ 攻撃と 素早さが 半分に なる。",1,3
revavroom,default,overcoat,ぼうじん,"すなあらしや あられなどの ダメージを 受けない。 粉の 技を 受けない。",0,1
revavroom,default,filter,フィルター,"効果バツグンに なってしまう 攻撃の 威力を 弱める ことが できる。",1,3
cyclizar,default,shed-skin,だっぴ,"体の 皮を 脱ぎ捨てることで 状態異常を 治すことが ある。",0,1
cyclizar,default,regenerator,さいせいりょく,"手持ちに 引っ込むと ＨＰが 少し 回復する。",1,3
orthworm,default,earth-eater,どしょく,"じめんタイプの 技を 受けると ダメージを 受けずに 回復する。",0,1
orthworm,default,sand-veil,すながくれ,"砂あらしの とき 回避率が 上がる。",1,3
glimmet,default,toxic-debris,どくげしょう,"物理技で ダメージを 受けると 相手の 足下に どくびしが ちらばる。",0,1
glimmet,default,corrosion,ふしょく,"はがねタイプや どくタイプも どく状態に することが できる。",1,3
glimmora,default,toxic-debris,どくげしょう,"物理技で ダメージを 受けると 相手の 足下に どくびしが ちらばる。",0,1
glimmora,default,corrosion,ふしょく,"はがねタイプや どくタイプも どく状態に することが できる。",1,3
glimmora,mega,adaptability,てきおうりょく,"自分と おなじ タイプの 技の 威力が 上がる。",0,1
greavard,default,pickup,ものひろい,"相手の 使った 道具を 拾ってくることが ある。 冒険中も 拾ってくる。",0,1
greavard,default,fluffy,もふもふ,"相手から 受けた 接触する 技の ダメージを 半減するが ほのおタイプの 技の ダメージは ２倍になる。",1,3
houndstone,default,sand-rush,すなかき,"天気が すなあらし のとき 素早さが 上がる。",0,1
houndstone,default,fluffy,もふもふ,"相手から 受けた 接触する 技の ダメージを 半減するが ほのおタイプの 技の ダメージは ２倍になる。",1,3
flamigo,default,scrappy,きもったま,"ゴーストタイプの ポケモンに ノーマルタイプと かくとうタイプの 技を 当てることが できる。",0,1
flamigo,default,tangled-feet,ちどりあし,"こんらん状態の ときは 回避率が アップする。",0,2
flamigo,default,costar,きょうえん,"登場 したときに 味方の 能力変化を コピーする。",1,3
cetoddle,default,thick-fat,あついしぼう,"厚い 脂肪で 守られているので ほのおタイプと こおりタイプの 技の ダメージを 半減させる。",0,1
cetoddle,default,snow-cloak,ゆきがくれ,"天気が あられのとき 回避率が 上がる。",0,2
cetoddle,default,sheer-force,ちからずく,"技の 追加効果は なくなるが そのぶん 高い 威力で 技を 出すことが できる。",1,3
cetitan,default,thick-fat,あついしぼう,"厚い 脂肪で 守られているので ほのおタイプと こおりタイプの 技の ダメージを 半減させる。",0,1
cetitan,default,slush-rush,ゆきかき,"天気が あられ のとき 素早さが 上がる。",0,2
cetitan,default,sheer-force,ちからずく,"技の 追加効果は なくなるが そのぶん 高い 威力で 技を 出すことが できる。",1,3
veluza,default,mold-breaker,かたやぶり,"相手の 特性に ジャマされる ことなく 相手に 技を 出すことが できる。",0,1
veluza,default,sharpness,きれあじ,"相手を 切る技の 威力が 上がる。",1,3
dondozo,default,unaware,てんねん,"相手の 能力の 変化を 無視して 攻撃が できる。",0,1
dondozo,default,oblivious,どんかん,"鈍感なので メロメロや ちょうはつ状態に ならない。",0,2
dondozo,default,water-veil,みずのベール,"水のベールを 身にまとい やけど状態に ならない。",1,3
tatsugiri,default,commander,しれいとう,"登場したとき 味方に ヘイラッシャが いると 口の中に 入って そこから 指令を だす。",0,1
tatsugiri,default,storm-drain,よびみず,"みずタイプの 技を 自分に よせつけ ダメージは 受けずに 特攻が 上がる。",1,3
tatsugiri,droopy,commander,しれいとう,"登場したとき 味方に ヘイラッシャが いると 口の中に 入って そこから 指令を だす。",0,1
tatsugiri,droopy,storm-drain,よびみず,"みずタイプの 技を 自分に よせつけ ダメージは 受けずに 特攻が 上がる。",1,3
tatsugiri,stretchy,commander,しれいとう,"登場したとき 味方に ヘイラッシャが いると 口の中に 入って そこから 指令を だす。",0,1
tatsugiri,stretchy,storm-drain,よびみず,"みずタイプの 技を 自分に よせつけ ダメージは 受けずに 特攻が 上がる。",1,3
annihilape,default,vital-spirit,やるき,"やる気を だすことに よって ねむり状態に ならない。",0,1
annihilape,default,inner-focus,せいしんりょく,"鍛えられた 精神に よって 相手の 攻撃に ひるまない。",0,2
annihilape,default,defiant,まけんき,"能力を 下げられると 攻撃が ぐーんと 上がる。",1,3
clodsire,default,poison-point,どくのトゲ,"自分に 触った 相手を どく状態に することがある。",0,1
clodsire,default,water-absorb,ちょすい,"みずタイプの 技を 受けると ダメージを 受けずに 回復する。",0,2
clodsire,default,unaware,てんねん,"相手の 能力の 変化を 無視して 攻撃が できる。",1,3
farigiraf,default,cud-chew,はんすう,"きのみを 食べると 次のターンの 終わりに 胃から 出して もう1回だけ 食べる。",0,1
farigiraf,default,armor-tail,テイルアーマー,"頭を包む 謎のしっぽが こちらに むかって 先制技を 出せない ようにする。",0,2
farigiraf,default,sap-sipper,そうしょく,"くさタイプの 技を 受けると ダメージを 受けずに 攻撃が 上がる。",1,3
dudunsparce,default,serene-grace,てんのめぐみ,"天の恵みの おかげで 技の 追加効果が でやすい。",0,1
dudunsparce,default,run-away,にげあし,"野生の ポケモンから 必ず 逃げられる。",0,2
dudunsparce,default,rattled,びびり,"あくタイプと ゴーストタイプと むしタイプの 技を 受けると びびって 素早さが 上がる。",1,3
dudunsparce,three-segment,serene-grace,てんのめぐみ,"天の恵みの おかげで 技の 追加効果が でやすい。",0,1
dudunsparce,three-segment,run-away,にげあし,"野生の ポケモンから 必ず 逃げられる。",0,2
dudunsparce,three-segment,rattled,びびり,"あくタイプと ゴーストタイプと むしタイプの 技を 受けると びびって 素早さが 上がる。",1,3
kingambit,default,defiant,まけんき,"能力を 下げられると 攻撃が ぐーんと 上がる。",0,1
kingambit,default,supreme-overlord,そうだいしょう,"登場したとき 今まで 倒された 味方の 数が 多いほど 少しずつ 攻撃と 特攻が 上がる。",0,2
kingambit,default,pressure,プレッシャー,"プレッシャーを あたえて 相手の 使う 技の ＰＰを 多く 減らす。",1,3
great-tusk,default,protosynthesis,こだいかっせい,"ブーストエナジーを 持たせるか 天気が 晴れのとき いちばん 高い能力が 上がる。",0,1
scream-tail,default,protosynthesis,こだいかっせい,"ブーストエナジーを 持たせるか 天気が 晴れのとき いちばん 高い能力が 上がる。",0,1
brute-bonnet,default,protosynthesis,こだいかっせい,"ブーストエナジーを 持たせるか 天気が 晴れのとき いちばん 高い能力が 上がる。",0,1
flutter-mane,default,protosynthesis,こだいかっせい,"ブーストエナジーを 持たせるか 天気が 晴れのとき いちばん 高い能力が 上がる。",0,1
slither-wing,default,protosynthesis,こだいかっせい,"ブーストエナジーを 持たせるか 天気が 晴れのとき いちばん 高い能力が 上がる。",0,1
sandy-shocks,default,protosynthesis,こだいかっせい,"ブーストエナジーを 持たせるか 天気が 晴れのとき いちばん 高い能力が 上がる。",0,1
iron-treads,default,quark-drive,クォークチャージ,"ブーストエナジーを 持たせるか エレキフィールドのとき いちばん 高い能力が 上がる。",0,1
iron-bundle,default,quark-drive,クォークチャージ,"ブーストエナジーを 持たせるか エレキフィールドのとき いちばん 高い能力が 上がる。",0,1
iron-hands,default,quark-drive,クォークチャージ,"ブーストエナジーを 持たせるか エレキフィールドのとき いちばん 高い能力が 上がる。",0,1
iron-jugulis,default,quark-drive,クォークチャージ,"ブーストエナジーを 持たせるか エレキフィールドのとき いちばん 高い能力が 上がる。",0,1
iron-moth,default,quark-drive,クォークチャージ,"ブーストエナジーを 持たせるか エレキフィールドのとき いちばん 高い能力が 上がる。",0,1
iron-thorns,default,quark-drive,クォークチャージ,"ブーストエナジーを 持たせるか エレキフィールドのとき いちばん 高い能力が 上がる。",0,1
frigibax,default,thermal-exchange,ねつこうかん,"ほのおタイプの 技を 受けると 攻撃が 上がる。 やけど状態に ならない。",0,1
frigibax,default,ice-body,アイスボディ,"天気が あられのとき ＨＰを 少しずつ 回復 する。",1,3
arctibax,default,thermal-exchange,ねつこうかん,"ほのおタイプの 技を 受けると 攻撃が 上がる。 やけど状態に ならない。",0,1
arctibax,default,ice-body,アイスボディ,"天気が あられのとき ＨＰを 少しずつ 回復 する。",1,3
baxcalibur,default,thermal-exchange,ねつこうかん,"ほのおタイプの 技を 受けると 攻撃が 上がる。 やけど状態に ならない。",0,1
baxcalibur,default,ice-body,アイスボディ,"天気が あられのとき ＨＰを 少しずつ 回復 する。",1,3
gimmighoul,default,rattled,びびり,"あくタイプと ゴーストタイプと むしタイプの 技を 受けると びびって 素早さが 上がる。",0,1
gimmighoul,roaming,run-away,にげあし,"野生の ポケモンから 必ず 逃げられる。",0,1
gholdengo,default,good-as-gold,おうごんのからだ,"酸化せず 丈夫な 黄金の体は 相手からの 変化技を 受けない。",0,1
wo-chien,default,tablets-of-ruin,わざわいのおふだ,"災厄を 呼ぶ 木札の力で 自分以外の 攻撃が 弱くなる。",0,1
chien-pao,default,sword-of-ruin,わざわいのつるぎ,"災厄を 呼ぶ 剣の力で 自分以外の 防御が 弱くなる。",0,1
ting-lu,default,vessel-of-ruin,わざわいのうつわ,"災厄を 呼ぶ 器の力で 自分以外の 特攻が 弱くなる。",0,1
chi-yu,default,beads-of-ruin,わざわいのたま,"災厄を 呼ぶ 勾玉の力で 自分以外の 特防が 弱くなる。",0,1
roaring-moon,default,protosynthesis,こだいかっせい,"ブーストエナジーを 持たせるか 天気が 晴れのとき いちばん 高い能力が 上がる。",0,1
iron-valiant,default,quark-drive,クォークチャージ,"ブーストエナジーを 持たせるか エレキフィールドのとき いちばん 高い能力が 上がる。",0,1
koraidon,default,orichalcum-pulse,ひひいろのこどう,"登場したとき 天気を 晴れにする。 日差しが 強いと 古代の 鼓動により 攻撃が 高まる。",0,1
koraidon,limited-build,orichalcum-pulse,ひひいろのこどう,"登場したとき 天気を 晴れにする。 日差しが 強いと 古代の 鼓動により 攻撃が 高まる。",0,1
koraidon,sprinting-build,orichalcum-pulse,ひひいろのこどう,"登場したとき 天気を 晴れにする。 日差しが 強いと 古代の 鼓動により 攻撃が 高まる。",0,1
koraidon,swimming-build,orichalcum-pulse,ひひいろのこどう,"登場したとき 天気を 晴れにする。 日差しが 強いと 古代の 鼓動により 攻撃が 高まる。",0,1
koraidon,gliding-build,orichalcum-pulse,ひひいろのこどう,"登場したとき 天気を 晴れにする。 日差しが 強いと 古代の 鼓動により 攻撃が 高まる。",0,1
miraidon,default,hadron-engine,ハドロンエンジン,"登場したとき エレキフィールドを はる。 エレキフィールドだと 未来の 機関により 特攻が 高まる。",0,1
miraidon,low-power-mode,hadron-engine,ハドロンエンジン,"登場したとき エレキフィールドを はる。 エレキフィールドだと 未来の 機関により 特攻が 高まる。",0,1
miraidon,drive-mode,hadron-engine,ハドロンエンジン,"登場したとき エレキフィールドを はる。 エレキフィールドだと 未来の 機関により 特攻が 高まる。",0,1
miraidon,aquatic-mode,hadron-engine,ハドロンエンジン,"登場したとき エレキフィールドを はる。 エレキフィールドだと 未来の 機関により 特攻が 高まる。",0,1
miraidon,glide-mode,hadron-engine,ハドロンエンジン,"登場したとき エレキフィールドを はる。 エレキフィールドだと 未来の 機関により 特攻が 高まる。",0,1
walking-wake,default,protosynthesis,こだいかっせい,"ブーストエナジーを 持たせるか 天気が 晴れのとき いちばん 高い能力が 上がる。",0,1
iron-leaves,default,quark-drive,クォークチャージ,"ブーストエナジーを 持たせるか エレキフィールドのとき いちばん 高い能力が 上がる。",0,1
dipplin,default,supersweet-syrup,かんろなミツ,"最初に 登場 したとき 甘ったるい 蜜の香りを ふりまいて 相手の 回避率を 下げる。",0,1
dipplin,default,gluttony,くいしんぼう,"ＨＰが 少なくなったら 食べる きのみを ＨＰ 半分の 時に 食べてしまう。",0,2
dipplin,default,sticky-hold,ねんちゃく,"粘着質の 体に 道具が くっついているため 相手に 道具を 奪われない。",1,3
poltchageist,default,hospitality,おもてなし,"登場したとき 味方を もてなして HPを 少しだけ 回復してあげる。",0,1
poltchageist,default,heatproof,たいねつ,"耐熱の 体に よって ほのおタイプの 技の 威力を 半減させる。",1,3
sinistcha,default,hospitality,おもてなし,"登場したとき 味方を もてなして HPを 少しだけ 回復してあげる。",0,1
sinistcha,default,heatproof,たいねつ,"耐熱の 体に よって ほのおタイプの 技の 威力を 半減させる。",1,3
okidogi,default,toxic-chain,どくのくさり,"毒素を ふくんだ 鎖の力で 技を 当てた 相手を 猛毒の状態に することが ある。",0,1
okidogi,default,guard-dog,ばんけん,"いかく されると 攻撃が 上がる。 ポケモンを 入れ替えさせる 技や 道具が 効かない。",1,3
munkidori,default,toxic-chain,どくのくさり,"毒素を ふくんだ 鎖の力で 技を 当てた 相手を 猛毒の状態に することが ある。",0,1
munkidori,default,frisk,おみとおし,"登場 したとき 相手の 持ち物を 見通すことが できる。",1,3
fezandipiti,default,toxic-chain,どくのくさり,"毒素を ふくんだ 鎖の力で 技を 当てた 相手を 猛毒の状態に することが ある。",0,1
fezandipiti,default,technician,テクニシャン,"威力が 低い 技の 威力を 高くして 攻撃できる。",1,3
ogerpon,default,defiant,まけんき,"能力を 下げられると 攻撃が ぐーんと 上がる。",0,1
ogerpon,wellspring-mask,water-absorb,ちょすい,"みずタイプの 技を 受けると ダメージを 受けずに 回復する。",0,1
ogerpon,hearthflame-mask,mold-breaker,かたやぶり,"相手の 特性に ジャマされる ことなく 相手に 技を 出すことが できる。",0,1
ogerpon,cornerstone-mask,sturdy,がんじょう,"相手の 技を 受けても 一撃で 倒されることが ない。 一撃必殺技も 効かない。",0,1
archaludon,default,stamina,じきゅうりょく,"攻撃を 受けると 防御が 上がる。",0,1
archaludon,default,sturdy,がんじょう,"相手の 技を 受けても 一撃で 倒されることが ない。 一撃必殺技も 効かない。",0,2
archaludon,default,stalwart,すじがねいり,"相手の 技を 引き受ける 特性や 技の 影響を 無視 できる。",1,3
hydrapple,default,supersweet-syrup,かんろなミツ,"最初に 登場 したとき 甘ったるい 蜜の香りを ふりまいて 相手の 回避率を 下げる。",0,1
hydrapple,default,regenerator,さいせいりょく,"手持ちに 引っ込むと ＨＰが 少し 回復する。",0,2
hydrapple,default,sticky-hold,ねんちゃく,"粘着質の 体に 道具が くっついているため 相手に 道具を 奪われない。",1,3
gouging-fire,default,protosynthesis,こだいかっせい,"ブーストエナジーを 持たせるか 天気が 晴れのとき いちばん 高い能力が 上がる。",0,1
raging-bolt,default,protosynthesis,こだいかっせい,"ブーストエナジーを 持たせるか 天気が 晴れのとき いちばん 高い能力が 上がる。",0,1
iron-boulder,default,quark-drive,クォークチャージ,"ブーストエナジーを 持たせるか エレキフィールドのとき いちばん 高い能力が 上がる。",0,1
iron-crown,default,quark-drive,クォークチャージ,"ブーストエナジーを 持たせるか エレキフィールドのとき いちばん 高い能力が 上がる。",0,1
terapagos,default,tera-shift,テラスチェンジ,"登場したとき 周囲の エネルギーを 吸収し テラスタルフォルムに 変化する。",0,1
terapagos,terastal,tera-shell,テラスシェル,"全タイプの力を 秘めた甲羅は HPが 満タンの ときに 受ける ダメージを すべて 今ひとつに する。",0,1
terapagos,stellar,teraform-zero,ゼロフォーミング,"テラパゴスが ステラフォルムに なったとき 秘められた力で 天気と フィールドの 影響を すべて ゼロにする。",0,1
pecharunt,default,poison-puppeteer,どくくぐつ,"モモワロウの 技によって どく状態に なった 相手は こんらん状態にも なってしまう。",0,1
