national_dex_number,form_order,key,form_key,name,kana,type1,type2,h,a,b,c,d,s,image_url
1,0,bulbasaur,default,フシギダネ,ふしぎだね,くさ,どく,45,49,49,65,65,45,https://raw.githubusercontent.com/PokeAPI/sprites/master/sprites/pokemon/1.png
2,0,ivysaur,default,フシギソウ,ふしぎそう,くさ,どく,60,62,63,80,80,60,https://raw.githubusercontent.com/PokeAPI/sprites/master/sprites/pokemon/2.png
3,0,venusaur,default,フシギバナ,ふしぎばな,くさ,どく,80,82,83,100,100,80,https://raw.githubusercontent.com/PokeAPI/sprites/master/sprites/pokemon/3.png
3,1,venusaur,mega,フシギバナ（メガシンカ）,ふしぎばな（めがしんか）,くさ,どく,80,100,123,122,120,80,https://raw.githubusercontent.com/PokeAPI/sprites/master/sprites/pokemon/10033.png
4,0,charmander,default,ヒトカゲ,ひとかげ,ほのお,,39,52,43,60,50,65,https://raw.githubusercontent.com/PokeAPI/sprites/master/sprites/pokemon/4.png
5,0,charmeleon,default,リザード,りざーど,ほのお,,58,64,58,80,65,80,https://raw.githubusercontent.com/PokeAPI/sprites/master/sprites/pokemon/5.png
6,0,charizard,default,リザードン,りざーどん,ほのお,ひこう,78,84,78,109,85,100,https://raw.githubusercontent.com/PokeAPI/sprites/master/sprites/pokemon/6.png
6,1,charizard,mega-x,リザードン（メガシンカX）,りざーどん（めがしんかX）,ほのお,ドラゴン,78,130,111,130,85,100,https://raw.githubusercontent.com/PokeAPI/sprites/master/sprites/pokemon/10034.png
6,2,charizard,mega-y,リザードン（メガシンカY）,りざーどん（めがしんかY）,ほのお,ひこう,78,104,78,159,115,100,https://raw.githubusercontent.com/PokeAPI/sprites/master/sprites/pokemon/10035.png
7,0,squirtle,default,ゼニガメ,ぜにがめ,みず,,44,48,65,50,64,43,https://raw.githubusercontent.com/PokeAPI/sprites/master/sprites/pokemon/7.png
8,0,wartortle,default,カメール,かめーる,みず,,59,63,80,65,80,58,https://raw.githubusercontent.com/PokeAPI/sprites/master/sprites/pokemon/8.png
9,0,blastoise,default,カメックス,かめっくす,みず,,79,83,100,85,105,78,https://raw.githubusercontent.com/PokeAPI/sprites/master/sprites/pokemon/9.png
9,1,blastoise,mega,カメックス（メガシンカ）,かめっくす（めがしんか）,みず,,79,103,120,135,115,78,https://raw.githubusercontent.com/PokeAPI/sprites/master/sprites/pokemon/10036.png
10,0,caterpie,default,キャタピー,きゃたぴー,むし,,45,30,35,20,20,45,https://raw.githubusercontent.com/PokeAPI/sprites/master/sprites/pokemon/10.png
11,0,metapod,default,トランセル,とらんせる,むし,,50,20,55,25,25,30,https://raw.githubusercontent.com/PokeAPI/sprites/master/sprites/pokemon/11.png
12,0,butterfree,default,バタフリー,ばたふりー,むし,ひこう,60,45,50,90,80,70,https://raw.githubusercontent.com/PokeAPI/sprites/master/sprites/pokemon/12.png
13,0,weedle,default,ビードル,びーどる,むし,どく,40,35,30,20,20,50,https://raw.githubusercontent.com/PokeAPI/sprites/master/sprites/pokemon/13.png
14,0,kakuna,default,コクーン,こくーん,むし,どく,45,25,50,25,25,35,https://raw.githubusercontent.com/PokeAPI/sprites/master/sprites/pokemon/14.png
15,0,beedrill,default,スピアー,すぴあー,むし,どく,65,90,40,45,80,75,https://raw.githubusercontent.com/PokeAPI/sprites/master/sprites/pokemon/15.png
15,1,beedrill,mega,スピアー（メガシンカ）,すぴあー（めがしんか）,むし,どく,65,150,40,15,80,145,https://raw.githubusercontent.com/PokeAPI/sprites/master/sprites/pokemon/10090.png
16,0,pidgey,default,ポッポ,ぽっぽ,ノーマル,ひこう,40,45,40,35,35,56,https://raw.githubusercontent.com/PokeAPI/sprites/master/sprites/pokemon/16.png
17,0,pidgeotto,default,ピジョン,ぴじょん,ノーマル,ひこう,63,60,55,50,50,71,https://raw.githubusercontent.com/PokeAPI/sprites/master/sprites/pokemon/17.png
18,0,pidgeot,default,ピジョット,ぴじょっと,ノーマル,ひこう,83,80,75,70,70,101,https://raw.githubusercontent.com/PokeAPI/sprites/master/sprites/pokemon/18.png
18,1,pidgeot,mega,ピジョット（メガシンカ）,ぴじょっと（めがしんか）,ノーマル,ひこう,83,80,80,135,80,121,https://raw.githubusercontent.com/PokeAPI/sprites/master/sprites/pokemon/10073.png
19,0,rattata,default,コラッタ,こらった,ノーマル,,30,56,35,25,35,72,https://raw.githubusercontent.com/PokeAPI/sprites/master/sprites/pokemon/19.png
19,1,rattata,alola,コラッタ（アローラのすがた）,こらった（あろーらのすがた）,あく,ノーマル,30,56,35,25,35,72,https://raw.githubusercontent.com/PokeAPI/sprites/master/sprites/pokemon/10091.png
20,0,raticate,default,ラッタ,らった,ノーマル,,55,81,60,50,70,97,https://raw.githubusercontent.com/PokeAPI/sprites/master/sprites/pokemon/20.png
20,1,raticate,alola,ラッタ（アローラのすがた）,らった（あろーらのすがた）,あく,ノーマル,75,71,70,40,80,77,https://raw.githubusercontent.com/PokeAPI/sprites/master/sprites/pokemon/10092.png
21,0,spearow,default,オニスズメ,おにすずめ,ノーマル,ひこう,40,60,30,31,31,70,https://raw.githubusercontent.com/PokeAPI/sprites/master/sprites/pokemon/21.png
22,0,fearow,default,オニドリル,おにどりる,ノーマル,ひこう,65,90,65,61,61,100,https://raw.githubusercontent.com/PokeAPI/sprites/master/sprites/pokemon/22.png
23,0,ekans,default,アーボ,あーぼ,どく,,35,60,44,40,54,55,https://raw.githubusercontent.com/PokeAPI/sprites/master/sprites/pokemon/23.png
24,0,arbok,default,アーボック,あーぼっく,どく,,60,95,69,65,79,80,https://raw.githubusercontent.com/PokeAPI/sprites/master/sprites/pokemon/24.png
25,0,pikachu,default,ピカチュウ,ぴかちゅう,でんき,,35,55,40,50,50,90,https://raw.githubusercontent.com/PokeAPI/sprites/master/sprites/pokemon/25.png
26,0,raichu,default,ライチュウ,らいちゅう,でんき,,60,90,55,90,80,110,https://raw.githubusercontent.com/PokeAPI/sprites/master/sprites/pokemon/26.png
26,1,raichu,alola,ライチュウ（アローラのすがた）,らいちゅう（あろーらのすがた）,でんき,エスパー,60,85,50,95,85,110,https://raw.githubusercontent.com/PokeAPI/sprites/master/sprites/pokemon/10100.png
26,2,raichu,mega-x,ライチュウ（メガシンカX）,らいちゅう（めがしんかX）,でんき,,60,135,95,90,95,110,
26,3,raichu,mega-y,ライチュウ（メガシンカY）,らいちゅう（めがしんかY）,でんき,,60,100,55,160,80,130,
27,0,sandshrew,default,サンド,さんど,じめん,,50,75,85,20,30,40,https://raw.githubusercontent.com/PokeAPI/sprites/master/sprites/pokemon/27.png
27,1,sandshrew,alola,サンド（アローラのすがた）,さんど（あろーらのすがた）,こおり,はがね,50,75,90,10,35,40,https://raw.githubusercontent.com/PokeAPI/sprites/master/sprites/pokemon/10101.png
28,0,sandslash,default,サンドパン,さんどぱん,じめん,,75,100,110,45,55,65,https://raw.githubusercontent.com/PokeAPI/sprites/master/sprites/pokemon/28.png
28,1,sandslash,alola,サンドパン（アローラのすがた）,さんどぱん（あろーらのすがた）,こおり,はがね,75,100,120,25,65,65,https://raw.githubusercontent.com/PokeAPI/sprites/master/sprites/pokemon/10102.png
29,0,nidoran-f,default,ニドラン♀,にどらん♀,どく,,55,47,52,40,40,41,https://raw.githubusercontent.com/PokeAPI/sprites/master/sprites/pokemon/29.png
30,0,nidorina,default,ニドリーナ,にどりーな,どく,,70,62,67,55,55,56,https://raw.githubusercontent.com/PokeAPI/sprites/master/sprites/pokemon/30.png
31,0,nidoqueen,default,ニドクイン,にどくいん,どく,じめん,90,92,87,75,85,76,https://raw.githubusercontent.com/PokeAPI/sprites/master/sprites/pokemon/31.png
32,0,nidoran-m,default,ニドラン♂,にどらん♂,どく,,46,57,40,40,40,50,https://raw.githubusercontent.com/PokeAPI/sprites/master/sprites/pokemon/32.png
33,0,nidorino,default,ニドリーノ,にどりーの,どく,,61,72,57,55,55,65,https://raw.githubusercontent.com/PokeAPI/sprites/master/sprites/pokemon/33.png
34,0,nidoking,default,ニドキング,にどきんぐ,どく,じめん,81,102,77,85,75,85,https://raw.githubusercontent.com/PokeAPI/sprites/master/sprites/pokemon/34.png
35,0,clefairy,default,ピッピ,ぴっぴ,フェアリー,,70,45,48,60,65,35,https://raw.githubusercontent.com/PokeAPI/sprites/master/sprites/pokemon/35.png
36,0,clefable,default,ピクシー,ぴくしー,フェアリー,,95,70,73,95,90,60,https://raw.githubusercontent.com/PokeAPI/sprites/master/sprites/pokemon/36.png
36,1,clefable,mega,ピクシー（メガシンカ）,ぴくしー（めがしんか）,フェアリー,ひこう,95,80,93,135,110,70,
37,0,vulpix,default,ロコン,ろこん,ほのお,,38,41,40,50,65,65,https://raw.githubusercontent.com/PokeAPI/sprites/master/sprites/pokemon/37.png
37,1,vulpix,alola,ロコン（アローラのすがた）,ろこん（あろーらのすがた）,こおり,,38,41,40,50,65,65,https://raw.githubusercontent.com/PokeAPI/sprites/master/sprites/pokemon/10103.png
38,0,ninetales,default,キュウコン,きゅうこん,ほのお,,73,76,75,81,100,100,https://raw.githubusercontent.com/PokeAPI/sprites/master/sprites/pokemon/38.png
38,1,ninetales,alola,キュウコン（アローラのすがた）,きゅうこん（あろーらのすがた）,こおり,フェアリー,73,67,75,81,100,109,https://raw.githubusercontent.com/PokeAPI/sprites/master/sprites/pokemon/10104.png
39,0,jigglypuff,default,プリン,ぷりん,ノーマル,フェアリー,115,45,20,45,25,20,https://raw.githubusercontent.com/PokeAPI/sprites/master/sprites/pokemon/39.png
40,0,wigglytuff,default,プクリン,ぷくりん,ノーマル,フェアリー,140,70,45,85,50,45,https://raw.githubusercontent.com/PokeAPI/sprites/master/sprites/pokemon/40.png
41,0,zubat,default,ズバット,ずばっと,どく,ひこう,40,45,35,30,40,55,https://raw.githubusercontent.com/PokeAPI/sprites/master/sprites/pokemon/41.png
42,0,golbat,default,ゴルバット,ごるばっと,どく,ひこう,75,80,70,65,75,90,https://raw.githubusercontent.com/PokeAPI/sprites/master/sprites/pokemon/42.png
43,0,oddish,default,ナゾノクサ,なぞのくさ,くさ,どく,45,50,55,75,65,30,https://raw.githubusercontent.com/PokeAPI/sprites/master/sprites/pokemon/43.png
44,0,gloom,default,クサイハナ,くさいはな,くさ,どく,60,65,70,85,75,40,https://raw.githubusercontent.com/PokeAPI/sprites/master/sprites/pokemon/44.png
45,0,vileplume,default,ラフレシア,らふれしあ,くさ,どく,75,80,85,110,90,50,https://raw.githubusercontent.com/PokeAPI/sprites/master/sprites/pokemon/45.png
46,0,paras,default,パラス,ぱらす,むし,くさ,35,70,55,45,55,25,https://raw.githubusercontent.com/PokeAPI/sprites/master/sprites/pokemon/46.png
47,0,parasect,default,パラセクト,ぱらせくと,むし,くさ,60,95,80,60,80,30,https://raw.githubusercontent.com/PokeAPI/sprites/master/sprites/pokemon/47.png
48,0,venonat,default,コンパン,こんぱん,むし,どく,60,55,50,40,55,45,https://raw.githubusercontent.com/PokeAPI/sprites/master/sprites/pokemon/48.png
49,0,venomoth,default,モルフォン,もるふぉん,むし,どく,70,65,60,90,75,90,https://raw.githubusercontent.com/PokeAPI/sprites/master/sprites/pokemon/49.png
50,0,diglett,default,ディグダ,でぃぐだ,じめん,,10,55,25,35,45,95,https://raw.githubusercontent.com/PokeAPI/sprites/master/sprites/pokemon/50.png
50,1,diglett,alola,ディグダ（アローラのすがた）,でぃぐだ（あろーらのすがた）,じめん,はがね,10,55,30,35,45,90,https://raw.githubusercontent.com/PokeAPI/sprites/master/sprites/pokemon/10105.png
51,0,dugtrio,default,ダグトリオ,だぐとりお,じめん,,35,100,50,50,70,120,https://raw.githubusercontent.com/PokeAPI/sprites/master/sprites/pokemon/51.png
51,1,dugtrio,alola,ダグトリオ（アローラのすがた）,だぐとりお（あろーらのすがた）,じめん,はがね,35,100,60,50,70,110,https://raw.githubusercontent.com/PokeAPI/sprites/master/sprites/pokemon/10106.png
52,0,meowth,default,ニャース,にゃーす,ノーマル,,40,45,35,40,40,90,https://raw.githubusercontent.com/PokeAPI/sprites/master/sprites/pokemon/52.png
52,1,meowth,alola,ニャース（アローラのすがた）,にゃーす（あろーらのすがた）,あく,,40,35,35,50,40,90,https://raw.githubusercontent.com/PokeAPI/sprites/master/sprites/pokemon/10107.png
52,2,meowth,galar,ニャース（ガラルのすがた）,にゃーす（がらるのすがた）,はがね,,50,65,55,40,40,40,https://raw.githubusercontent.com/PokeAPI/sprites/master/sprites/pokemon/10161.png
53,0,persian,default,ペルシアン,ぺるしあん,ノーマル,,65,70,60,65,65,115,https://raw.githubusercontent.com/PokeAPI/sprites/master/sprites/pokemon/53.png
53,1,persian,alola,ペルシアン（アローラのすがた）,ぺるしあん（あろーらのすがた）,あく,,65,60,60,75,65,115,https://raw.githubusercontent.com/PokeAPI/sprites/master/sprites/pokemon/10108.png
54,0,psyduck,default,コダック,こだっく,みず,,50,52,48,65,50,55,https://raw.githubusercontent.com/PokeAPI/sprites/master/sprites/pokemon/54.png
55,0,golduck,default,ゴルダック,ごるだっく,みず,,80,82,78,95,80,85,https://raw.githubusercontent.com/PokeAPI/sprites/master/sprites/pokemon/55.png
56,0,mankey,default,マンキー,まんきー,かくとう,,40,80,35,35,45,70,https://raw.githubusercontent.com/PokeAPI/sprites/master/sprites/pokemon/56.png
57,0,primeape,default,オコリザル,おこりざる,かくとう,,65,105,60,60,70,95,https://raw.githubusercontent.com/PokeAPI/sprites/master/sprites/pokemon/57.png
58,0,growlithe,default,ガーディ,がーでぃ,ほのお,,55,70,45,70,50,60,https://raw.githubusercontent.com/PokeAPI/sprites/master/sprites/pokemon/58.png
58,1,growlithe,hisui,ガーディ（ヒスイのすがた）,がーでぃ（ひすいのすがた）,ほのお,いわ,60,75,45,65,50,55,https://raw.githubusercontent.com/PokeAPI/sprites/master/sprites/pokemon/10229.png
59,0,arcanine,default,ウインディ,ういんでぃ,ほのお,,90,110,80,100,80,95,https://raw.githubusercontent.com/PokeAPI/sprites/master/sprites/pokemon/59.png
59,1,arcanine,hisui,ウインディ（ヒスイのすがた）,ういんでぃ（ひすいのすがた）,ほのお,いわ,95,115,80,95,80,90,https://raw.githubusercontent.com/PokeAPI/sprites/master/sprites/pokemon/10230.png
60,0,poliwag,default,ニョロモ,にょろも,みず,,40,50,40,40,40,90,https://raw.githubusercontent.com/PokeAPI/sprites/master/sprites/pokemon/60.png
61,0,poliwhirl,default,ニョロゾ,にょろぞ,みず,,65,65,65,50,50,90,https://raw.githubusercontent.com/PokeAPI/sprites/master/sprites/pokemon/61.png
62,0,poliwrath,default,ニョロボン,にょろぼん,みず,かくとう,90,95,95,70,90,70,https://raw.githubusercontent.com/PokeAPI/sprites/master/sprites/pokemon/62.png
63,0,abra,default,ケーシィ,けーしぃ,エスパー,,25,20,15,105,55,90,https://raw.githubusercontent.com/PokeAPI/sprites/master/sprites/pokemon/63.png
64,0,kadabra,default,ユンゲラー,ゆんげらー,エスパー,,40,35,30,120,70,105,https://raw.githubusercontent.com/PokeAPI/sprites/master/sprites/pokemon/64.png
65,0,alakazam,default,フーディン,ふーでぃん,エスパー,,55,50,45,135,95,120,https://raw.githubusercontent.com/PokeAPI/sprites/master/sprites/pokemon/65.png
65,1,alakazam,mega,フーディン（メガシンカ）,ふーでぃん（めがしんか）,エスパー,,55,50,65,175,105,150,https://raw.githubusercontent.com/PokeAPI/sprites/master/sprites/pokemon/10037.png
66,0,machop,default,ワンリキー,わんりきー,かくとう,,70,80,50,35,35,35,https://raw.githubusercontent.com/PokeAPI/sprites/master/sprites/pokemon/66.png
67,0,machoke,default,ゴーリキー,ごーりきー,かくとう,,80,100,70,50,60,45,https://raw.githubusercontent.com/PokeAPI/sprites/master/sprites/pokemon/67.png
68,0,machamp,default,カイリキー,かいりきー,かくとう,,90,130,80,65,85,55,https://raw.githubusercontent.com/PokeAPI/sprites/master/sprites/pokemon/68.png
69,0,bellsprout,default,マダツボミ,まだつぼみ,くさ,どく,50,75,35,70,30,40,https://raw.githubusercontent.com/PokeAPI/sprites/master/sprites/pokemon/69.png
70,0,weepinbell,default,ウツドン,うつどん,くさ,どく,65,90,50,85,45,55,https://raw.githubusercontent.com/PokeAPI/sprites/master/sprites/pokemon/70.png
71,0,victreebel,default,ウツボット,うつぼっと,くさ,どく,80,105,65,100,70,70,https://raw.githubusercontent.com/PokeAPI/sprites/master/sprites/pokemon/71.png
71,1,victreebel,mega,ウツボット（メガシンカ）,うつぼっと（めがしんか）,くさ,どく,80,125,85,135,95,70,https://raw.githubusercontent.com/PokeAPI/sprites/master/sprites/pokemon/10279.png
72,0,tentacool,default,メノクラゲ,めのくらげ,みず,どく,40,40,35,50,100,70,https://raw.githubusercontent.com/PokeAPI/sprites/master/sprites/pokemon/72.png
73,0,tentacruel,default,ドククラゲ,どくくらげ,みず,どく,80,70,65,80,120,100,https://raw.githubusercontent.com/PokeAPI/sprites/master/sprites/pokemon/73.png
74,0,geodude,default,イシツブテ,いしつぶて,いわ,じめん,40,80,100,30,30,20,https://raw.githubusercontent.com/PokeAPI/sprites/master/sprites/pokemon/74.png
74,1,geodude,alola,イシツブテ（アローラのすがた）,いしつぶて（あろーらのすがた）,いわ,でんき,40,80,100,30,30,20,https://raw.githubusercontent.com/PokeAPI/sprites/master/sprites/pokemon/10109.png
75,0,graveler,default,ゴローン,ごろーん,いわ,じめん,55,95,115,45,45,35,https://raw.githubusercontent.com/PokeAPI/sprites/master/sprites/pokemon/75.png
75,1,graveler,alola,ゴローン（アローラのすがた）,ごろーん（あろーらのすがた）,いわ,でんき,55,95,115,45,45,35,https://raw.githubusercontent.com/PokeAPI/sprites/master/sprites/pokemon/10110.png
76,0,golem,default,ゴローニャ,ごろーにゃ,いわ,じめん,80,120,130,55,65,45,https://raw.githubusercontent.com/PokeAPI/sprites/master/sprites/pokemon/76.png
76,1,golem,alola,ゴローニャ（アローラのすがた）,ごろーにゃ（あろーらのすがた）,いわ,でんき,80,120,130,55,65,45,https://raw.githubusercontent.com/PokeAPI/sprites/master/sprites/pokemon/10111.png
77,0,ponyta,default,ポニータ,ぽにーた,ほのお,,50,85,55,65,65,90,https://raw.githubusercontent.com/PokeAPI/sprites/master/sprites/pokemon/77.png
77,1,ponyta,galar,ポニータ（ガラルのすがた）,ぽにーた（がらるのすがた）,エスパー,,50,85,55,65,65,90,https://raw.githubusercontent.com/PokeAPI/sprites/master/sprites/pokemon/10162.png
78,0,rapidash,default,ギャロップ,ぎゃろっぷ,ほのお,,65,100,70,80,80,105,https://raw.githubusercontent.com/PokeAPI/sprites/master/sprites/pokemon/78.png
78,1,rapidash,galar,ギャロップ（ガラルのすがた）,ぎゃろっぷ（がらるのすがた）,エスパー,フェアリー,65,100,70,80,80,105,https://raw.githubusercontent.com/PokeAPI/sprites/master/sprites/pokemon/10163.png
79,0,slowpoke,default,ヤドン,やどん,みず,エスパー,90,65,65,40,40,15,https://raw.githubusercontent.com/PokeAPI/sprites/master/sprites/pokemon/79.png
79,1,slowpoke,galar,ヤドン（ガラルのすがた）,やどん（がらるのすがた）,エスパー,,90,65,65,40,40,15,https://raw.githubusercontent.com/PokeAPI/sprites/master/sprites/pokemon/10164.png
80,0,slowbro,default,ヤドラン,やどらん,みず,エスパー,95,75,110,100,80,30,https://raw.githubusercontent.com/PokeAPI/sprites/master/sprites/pokemon/80.png
80,1,slowbro,mega,ヤドラン（メガシンカ）,やどらん（めがしんか）,みず,エスパー,95,75,180,130,80,30,https://raw.githubusercontent.com/PokeAPI/sprites/master/sprites/pokemon/10071.png
80,2,slowbro,galar,ヤドラン（ガラルのすがた）,やどらん（がらるのすがた）,どく,エスパー,95,100,95,100,70,30,https://raw.githubusercontent.com/PokeAPI/sprites/master/sprites/pokemon/10165.png
81,0,magnemite,default,コイル,こいる,でんき,はがね,25,35,70,95,55,45,https://raw.githubusercontent.com/PokeAPI/sprites/master/sprites/pokemon/81.png
82,0,magneton,default,レアコイル,れあこいる,でんき,はがね,50,60,95,120,70,70,https://raw.githubusercontent.com/PokeAPI/sprites/master/sprites/pokemon/82.png
83,0,farfetchd,default,カモネギ,かもねぎ,ノーマル,ひこう,52,90,55,58,62,60,https://raw.githubusercontent.com/PokeAPI/sprites/master/sprites/pokemon/83.png
83,1,farfetchd,galar,カモネギ（ガラルのすがた）,かもねぎ（がらるのすがた）,かくとう,,52,95,55,58,62,55,https://raw.githubusercontent.com/PokeAPI/sprites/master/sprites/pokemon/10166.png
84,0,doduo,default,ドードー,どーどー,ノーマル,ひこう,35,85,45,35,35,75,https://raw.githubusercontent.com/PokeAPI/sprites/master/sprites/pokemon/84.png
85,0,dodrio,default,ドードリオ,どーどりお,ノーマル,ひこう,60,110,70,60,60,110,https://raw.githubusercontent.com/PokeAPI/sprites/master/sprites/pokemon/85.png
86,0,seel,default,パウワウ,ぱうわう,みず,,65,45,55,45,70,45,https://raw.githubusercontent.com/PokeAPI/sprites/master/sprites/pokemon/86.png
87,0,dewgong,default,ジュゴン,じゅごん,みず,こおり,90,70,80,70,95,70,https://raw.githubusercontent.com/PokeAPI/sprites/master/sprites/pokemon/87.png
88,0,grimer,default,ベトベター,べとべたー,どく,,80,80,50,40,50,25,https://raw.githubusercontent.com/PokeAPI/sprites/master/sprites/pokemon/88.png
88,1,grimer,alola,ベトベター（アローラのすがた）,べとべたー（あろーらのすがた）,どく,あく,80,80,50,40,50,25,https://raw.githubusercontent.com/PokeAPI/sprites/master/sprites/pokemon/10112.png
89,0,muk,default,ベトベトン,べとべとん,どく,,105,105,75,65,100,50,https://raw.githubusercontent.com/PokeAPI/sprites/master/sprites/pokemon/89.png
89,1,muk,alola,ベトベトン（アローラのすがた）,べとべとん（あろーらのすがた）,どく,あく,105,105,75,65,100,50,https://raw.githubusercontent.com/PokeAPI/sprites/master/sprites/pokemon/10113.png
90,0,shellder,default,シェルダー,しぇるだー,みず,,30,65,100,45,25,40,https://raw.githubusercontent.com/PokeAPI/sprites/master/sprites/pokemon/90.png
91,0,cloyster,default,パルシェン,ぱるしぇん,みず,こおり,50,95,180,85,45,70,https://raw.githubusercontent.com/PokeAPI/sprites/master/sprites/pokemon/91.png
92,0,gastly,default,ゴース,ごーす,ゴースト,どく,30,35,30,100,35,80,https://raw.githubusercontent.com/PokeAPI/sprites/master/sprites/pokemon/92.png
93,0,haunter,default,ゴースト,ごーすと,ゴースト,どく,45,50,45,115,55,95,https://raw.githubusercontent.com/PokeAPI/sprites/master/sprites/pokemon/93.png
94,0,gengar,default,ゲンガー,げんがー,ゴースト,どく,60,65,60,130,75,110,https://raw.githubusercontent.com/PokeAPI/sprites/master/sprites/pokemon/94.png
94,1,gengar,mega,ゲンガー（メガシンカ）,げんがー（めがしんか）,ゴースト,どく,60,65,80,170,95,130,https://raw.githubusercontent.com/PokeAPI/sprites/master/sprites/pokemon/10038.png
95,0,onix,default,イワーク,いわーく,いわ,じめん,35,45,160,30,45,70,https://raw.githubusercontent.com/PokeAPI/sprites/master/sprites/pokemon/95.png
96,0,drowzee,default,スリープ,すりーぷ,エスパー,,60,48,45,43,90,42,https://raw.githubusercontent.com/PokeAPI/sprites/master/sprites/pokemon/96.png
97,0,hypno,default,スリーパー,すりーぱー,エスパー,,85,73,70,73,115,67,https://raw.githubusercontent.com/PokeAPI/sprites/master/sprites/pokemon/97.png
98,0,krabby,default,クラブ,くらぶ,みず,,30,105,90,25,25,50,https://raw.githubusercontent.com/PokeAPI/sprites/master/sprites/pokemon/98.png
99,0,kingler,default,キングラー,きんぐらー,みず,,55,130,115,50,50,75,https://raw.githubusercontent.com/PokeAPI/sprites/master/sprites/pokemon/99.png
100,0,voltorb,default,ビリリダマ,びりりだま,でんき,,40,30,50,55,55,100,https://raw.githubusercontent.com/PokeAPI/sprites/master/sprites/pokemon/100.png
100,1,voltorb,hisui,ビリリダマ（ヒスイのすがた）,びりりだま（ひすいのすがた）,でんき,くさ,40,30,50,55,55,100,https://raw.githubusercontent.com/PokeAPI/sprites/master/sprites/pokemon/10231.png
101,0,electrode,default,マルマイン,まるまいん,でんき,,60,50,70,80,80,150,https://raw.githubusercontent.com/PokeAPI/sprites/master/sprites/pokemon/101.png
101,1,electrode,hisui,マルマイン（ヒスイのすがた）,まるまいん（ひすいのすがた）,でんき,くさ,60,50,70,80,80,150,https://raw.githubusercontent.com/PokeAPI/sprites/master/sprites/pokemon/10232.png
102,0,exeggcute,default,タマタマ,たまたま,くさ,エスパー,60,40,80,60,45,40,https://raw.githubusercontent.com/PokeAPI/sprites/master/sprites/pokemon/102.png
103,0,exeggutor,default,ナッシー,なっしー,くさ,エスパー,95,95,85,125,75,55,https://raw.githubusercontent.com/PokeAPI/sprites/master/sprites/pokemon/103.png
103,1,exeggutor,alola,ナッシー（アローラのすがた）,なっしー（あろーらのすがた）,くさ,ドラゴン,95,105,85,125,75,45,https://raw.githubusercontent.com/PokeAPI/sprites/master/sprites/pokemon/10114.png
104,0,cubone,default,カラカラ,からから,じめん,,50,50,95,40,50,35,https://raw.githubusercontent.com/PokeAPI/sprites/master/sprites/pokemon/104.png
105,0,marowak,default,ガラガラ,がらがら,じめん,,60,80,110,50,80,45,https://raw.githubusercontent.com/PokeAPI/sprites/master/sprites/pokemon/105.png
105,1,marowak,alola,ガラガラ（アローラのすがた）,がらがら（あろーらのすがた）,ほのお,ゴースト,60,80,110,50,80,45,https://raw.githubusercontent.com/PokeAPI/sprites/master/sprites/pokemon/10115.png
106,0,hitmonlee,default,サワムラー,さわむらー,かくとう,,50,120,53,35,110,87,https://raw.githubusercontent.com/PokeAPI/sprites/master/sprites/pokemon/106.png
107,0,hitmonchan,default,エビワラー,えびわらー,かくとう,,50,105,79,35,110,76,https://raw.githubusercontent.com/PokeAPI/sprites/master/sprites/pokemon/107.png
108,0,lickitung,default,ベロリンガ,べろりんが,ノーマル,,90,55,75,60,75,30,https://raw.githubusercontent.com/PokeAPI/sprites/master/sprites/pokemon/108.png
109,0,koffing,default,ドガース,どがーす,どく,,40,65,95,60,45,35,https://raw.githubusercontent.com/PokeAPI/sprites/master/sprites/pokemon/109.png
110,0,weezing,default,マタドガス,またどがす,どく,,65,90,120,85,70,60,https://raw.githubusercontent.com/PokeAPI/sprites/master/sprites/pokemon/110.png
110,1,weezing,galar,マタドガス（ガラルのすがた）,またどがす（がらるのすがた）,どく,フェアリー,65,90,120,85,70,60,https://raw.githubusercontent.com/PokeAPI/sprites/master/sprites/pokemon/10167.png
111,0,rhyhorn,default,サイホーン,さいほーん,じめん,いわ,80,85,95,30,30,25,https://raw.githubusercontent.com/PokeAPI/sprites/master/sprites/pokemon/111.png
112,0,rhydon,default,サイドン,さいどん,じめん,いわ,105,130,120,45,45,40,https://raw.githubusercontent.com/PokeAPI/sprites/master/sprites/pokemon/112.png
113,0,chansey,default,ラッキー,らっきー,ノーマル,,250,5,5,35,105,50,https://raw.githubusercontent.com/PokeAPI/sprites/master/sprites/pokemon/113.png
114,0,tangela,default,モンジャラ,もんじゃら,くさ,,65,55,115,100,40,60,https://raw.githubusercontent.com/PokeAPI/sprites/master/sprites/pokemon/114.png
115,0,kangaskhan,default,ガルーラ,がるーら,ノーマル,,105,95,80,40,80,90,https://raw.githubusercontent.com/PokeAPI/sprites/master/sprites/pokemon/115.png
115,1,kangaskhan,mega,ガルーラ（メガシンカ）,がるーら（めがしんか）,ノーマル,,105,125,100,60,100,100,https://raw.githubusercontent.com/PokeAPI/sprites/master/sprites/pokemon/10039.png
116,0,horsea,default,タッツー,たっつー,みず,,30,40,70,70,25,60,https://raw.githubusercontent.com/PokeAPI/sprites/master/sprites/pokemon/116.png
117,0,seadra,default,シードラ,しーどら,みず,,55,65,95,95,45,85,https://raw.githubusercontent.com/PokeAPI/sprites/master/sprites/pokemon/117.png
118,0,goldeen,default,トサキント,とさきんと,みず,,45,67,60,35,50,63,https://raw.githubusercontent.com/PokeAPI/sprites/master/sprites/pokemon/118.png
119,0,seaking,default,アズマオウ,あずまおう,みず,,80,92,65,65,80,68,https://raw.githubusercontent.com/PokeAPI/sprites/master/sprites/pokemon/119.png
120,0,staryu,default,ヒトデマン,ひとでまん,みず,,30,45,55,70,55,85,https://raw.githubusercontent.com/PokeAPI/sprites/master/sprites/pokemon/120.png
121,0,starmie,default,スターミー,すたーみー,みず,エスパー,60,75,85,100,85,115,https://raw.githubusercontent.com/PokeAPI/sprites/master/sprites/pokemon/121.png
121,1,starmie,mega,スターミー（メガシンカ）,すたーみー（めがしんか）,みず,エスパー,60,100,105,130,105,120,
122,0,mr-mime,default,バリヤード,ばりやーど,エスパー,フェアリー,40,45,65,100,120,90,https://raw.githubusercontent.com/PokeAPI/sprites/master/sprites/pokemon/122.png
122,1,mr-mime,galar,バリヤード（ガラルのすがた）,ばりやーど（がらるのすがた）,こおり,エスパー,50,65,65,90,90,100,https://raw.githubusercontent.com/PokeAPI/sprites/master/sprites/pokemon/10168.png
123,0,scyther,default,ストライク,すとらいく,むし,ひこう,70,110,80,55,80,105,https://raw.githubusercontent.com/PokeAPI/sprites/master/sprites/pokemon/123.png
124,0,jynx,default,ルージュラ,るーじゅら,こおり,エスパー,65,50,35,115,95,95,https://raw.githubusercontent.com/PokeAPI/sprites/master/sprites/pokemon/124.png
125,0,electabuzz,default,エレブー,えれぶー,でんき,,65,83,57,95,85,105,https://raw.githubusercontent.com/PokeAPI/sprites/master/sprites/pokemon/125.png
126,0,magmar,default,ブーバー,ぶーばー,ほのお,,65,95,57,100,85,93,https://raw.githubusercontent.com/PokeAPI/sprites/master/sprites/pokemon/126.png
127,0,pinsir,default,カイロス,かいろす,むし,,65,125,100,55,70,85,https://raw.githubusercontent.com/PokeAPI/sprites/master/sprites/pokemon/127.png
127,1,pinsir,mega,カイロス（メガシンカ）,かいろす（めがしんか）,むし,ひこう,65,155,120,65,90,105,https://raw.githubusercontent.com/PokeAPI/sprites/master/sprites/pokemon/10040.png
128,0,tauros,default,ケンタロス,けんたろす,ノーマル,,75,100,95,40,70,110,https://raw.githubusercontent.com/PokeAPI/sprites/master/sprites/pokemon/128.png
128,1,tauros,paldea-combat-breed,ケンタロス（paldea-combat-breed）,けんたろす（paldea-combat-breed）,かくとう,,75,110,105,30,70,100,https://raw.githubusercontent.com/PokeAPI/sprites/master/sprites/pokemon/10250.png
128,2,tauros,paldea-blaze-breed,ケンタロス（paldea-blaze-breed）,けんたろす（paldea-blaze-breed）,かくとう,ほのお,75,110,105,30,70,100,https://raw.githubusercontent.com/PokeAPI/sprites/master/sprites/pokemon/10251.png
128,3,tauros,paldea-aqua-breed,ケンタロス（paldea-aqua-breed）,けんたろす（paldea-aqua-breed）,かくとう,みず,75,110,105,30,70,100,https://raw.githubusercontent.com/PokeAPI/sprites/master/sprites/pokemon/10252.png
129,0,magikarp,default,コイキング,こいきんぐ,みず,,20,10,55,15,20,80,https://raw.githubusercontent.com/PokeAPI/sprites/master/sprites/pokemon/129.png
130,0,gyarados,default,ギャラドス,ぎゃらどす,みず,ひこう,95,125,79,60,100,81,https://raw.githubusercontent.com/PokeAPI/sprites/master/sprites/pokemon/130.png
130,1,gyarados,mega,ギャラドス（メガシンカ）,ぎゃらどす（めがしんか）,みず,あく,95,155,109,70,130,81,https://raw.githubusercontent.com/PokeAPI/sprites/master/sprites/pokemon/10041.png
131,0,lapras,default,ラプラス,らぷらす,みず,こおり,130,85,80,85,95,60,https://raw.githubusercontent.com/PokeAPI/sprites/master/sprites/pokemon/131.png
132,0,ditto,default,メタモン,めたもん,ノーマル,,48,48,48,48,48,48,https://raw.githubusercontent.com/PokeAPI/sprites/master/sprites/pokemon/132.png
133,0,eevee,default,イーブイ,いーぶい,ノーマル,,55,55,50,45,65,55,https://raw.githubusercontent.com/PokeAPI/sprites/master/sprites/pokemon/133.png
134,0,vaporeon,default,シャワーズ,しゃわーず,みず,,130,65,60,110,95,65,https://raw.githubusercontent.com/PokeAPI/sprites/master/sprites/pokemon/134.png
135,0,jolteon,default,サンダース,さんだーす,でんき,,65,65,60,110,95,130,https://raw.githubusercontent.com/PokeAPI/sprites/master/sprites/pokemon/135.png
136,0,flareon,default,ブースター,ぶーすたー,ほのお,,65,130,60,95,110,65,https://raw.githubusercontent.com/PokeAPI/sprites/master/sprites/pokemon/136.png
137,0,porygon,default,ポリゴン,ぽりごん,ノーマル,,65,60,70,85,75,40,https://raw.githubusercontent.com/PokeAPI/sprites/master/sprites/pokemon/137.png
138,0,omanyte,default,オムナイト,おむないと,いわ,みず,35,40,100,90,55,35,https://raw.githubusercontent.com/PokeAPI/sprites/master/sprites/pokemon/138.png
139,0,omastar,default,オムスター,おむすたー,いわ,みず,70,60,125,115,70,55,https://raw.githubusercontent.com/PokeAPI/sprites/master/sprites/pokemon/139.png
140,0,kabuto,default,カブト,かぶと,いわ,みず,30,80,90,55,45,55,https://raw.githubusercontent.com/PokeAPI/sprites/master/sprites/pokemon/140.png
141,0,kabutops,default,カブトプス,かぶとぷす,いわ,みず,60,115,105,65,70,80,https://raw.githubusercontent.com/PokeAPI/sprites/master/sprites/pokemon/141.png
142,0,aerodactyl,default,プテラ,ぷてら,いわ,ひこう,80,105,65,60,75,130,https://raw.githubusercontent.com/PokeAPI/sprites/master/sprites/pokemon/142.png
142,1,aerodactyl,mega,プテラ（メガシンカ）,ぷてら（めがしんか）,いわ,ひこう,80,135,85,70,95,150,https://raw.githubusercontent.com/PokeAPI/sprites/master/sprites/pokemon/10042.png
143,0,snorlax,default,カビゴン,かびごん,ノーマル,,160,110,65,65,110,30,https://raw.githubusercontent.com/PokeAPI/sprites/master/sprites/pokemon/143.png
144,0,articuno,default,フリーザー,ふりーざー,こおり,ひこう,90,85,100,95,125,85,https://raw.githubusercontent.com/PokeAPI/sprites/master/sprites/pokemon/144.png
144,1,articuno,galar,フリーザー（ガラルのすがた）,ふりーざー（がらるのすがた）,エスパー,ひこう,90,85,85,125,100,95,https://raw.githubusercontent.com/PokeAPI/sprites/master/sprites/pokemon/10169.png
145,0,zapdos,default,サンダー,さんだー,でんき,ひこう,90,90,85,125,90,100,https://raw.githubusercontent.com/PokeAPI/sprites/master/sprites/pokemon/145.png
145,1,zapdos,galar,サンダー（ガラルのすがた）,さんだー（がらるのすがた）,かくとう,ひこう,90,125,90,85,90,100,https://raw.githubusercontent.com/PokeAPI/sprites/master/sprites/pokemon/10170.png
146,0,moltres,default,ファイヤー,ふぁいやー,ほのお,ひこう,90,100,90,125,85,90,https://raw.githubusercontent.com/PokeAPI/sprites/master/sprites/pokemon/146.png
146,1,moltres,galar,ファイヤー（ガラルのすがた）,ふぁいやー（がらるのすがた）,あく,ひこう,90,85,90,100,125,90,https://raw.githubusercontent.com/PokeAPI/sprites/master/sprites/pokemon/10171.png
147,0,dratini,default,ミニリュウ,みにりゅう,ドラゴン,,41,64,45,50,50,50,https://raw.githubusercontent.com/PokeAPI/sprites/master/sprites/pokemon/147.png
148,0,dragonair,default,ハクリュー,はくりゅー,ドラゴン,,61,84,65,70,70,70,https://raw.githubusercontent.com/PokeAPI/sprites/master/sprites/pokemon/148.png
149,0,dragonite,default,カイリュー,かいりゅー,ドラゴン,ひこう,91,134,95,100,100,80,https://raw.githubusercontent.com/PokeAPI/sprites/master/sprites/pokemon/149.png
149,1,dragonite,mega,カイリュー（メガシンカ）,かいりゅー（めがしんか）,ドラゴン,ひこう,91,124,115,145,125,100,https://raw.githubusercontent.com/PokeAPI/sprites/master/sprites/pokemon/10281.png
150,0,mewtwo,default,ミュウツー,みゅうつー,エスパー,,106,110,90,154,90,130,https://raw.githubusercontent.com/PokeAPI/sprites/master/sprites/pokemon/150.png
150,1,mewtwo,mega-x,ミュウツー（メガシンカX）,みゅうつー（めがしんかX）,エスパー,かくとう,106,190,100,154,100,130,https://raw.githubusercontent.com/PokeAPI/sprites/master/sprites/pokemon/10043.png
150,2,mewtwo,mega-y,ミュウツー（メガシンカY）,みゅうつー（めがしんかY）,エスパー,,106,150,70,194,120,140,https://raw.githubusercontent.com/PokeAPI/sprites/master/sprites/pokemon/10044.png
151,0,mew,default,ミュウ,みゅう,エスパー,,100,100,100,100,100,100,https://raw.githubusercontent.com/PokeAPI/sprites/master/sprites/pokemon/151.png
152,0,chikorita,default,チコリータ,ちこりーた,くさ,,45,49,65,49,65,45,https://raw.githubusercontent.com/PokeAPI/sprites/master/sprites/pokemon/152.png
153,0,bayleef,default,ベイリーフ,べいりーふ,くさ,,60,62,80,63,80,60,https://raw.githubusercontent.com/PokeAPI/sprites/master/sprites/pokemon/153.png
154,0,meganium,default,メガニウム,めがにうむ,くさ,,80,82,100,83,100,80,https://raw.githubusercontent.com/PokeAPI/sprites/master/sprites/pokemon/154.png
154,1,meganium,mega,メガニウム（メガシンカ）,めがにうむ（めがしんか）,くさ,フェアリー,80,92,115,143,115,80,
155,0,cyndaquil,default,ヒノアラシ,ひのあらし,ほのお,,39,52,43,60,50,65,https://raw.githubusercontent.com/PokeAPI/sprites/master/sprites/pokemon/155.png
156,0,quilava,default,マグマラシ,まぐまらし,ほのお,,58,64,58,80,65,80,https://raw.githubusercontent.com/PokeAPI/sprites/master/sprites/pokemon/156.png
157,0,typhlosion,default,バクフーン,ばくふーん,ほのお,,78,84,78,109,85,100,https://raw.githubusercontent.com/PokeAPI/sprites/master/sprites/pokemon/157.png
157,1,typhlosion,hisui,バクフーン（ヒスイのすがた）,ばくふーん（ひすいのすがた）,ほのお,ゴースト,73,84,78,119,85,95,https://raw.githubusercontent.com/PokeAPI/sprites/master/sprites/pokemon/10233.png
158,0,totodile,default,ワニノコ,わにのこ,みず,,50,65,64,44,48,43,https://raw.githubusercontent.com/PokeAPI/sprites/master/sprites/pokemon/158.png
159,0,croconaw,default,アリゲイツ,ありげいつ,みず,,65,80,80,59,63,58,https://raw.githubusercontent.com/PokeAPI/sprites/master/sprites/pokemon/159.png
160,0,feraligatr,default,オーダイル,おーだいる,みず,,85,105,100,79,83,78,https://raw.githubusercontent.com/PokeAPI/sprites/master/sprites/pokemon/160.png
160,1,feraligatr,mega,オーダイル（メガシンカ）,おーだいる（めがしんか）,みず,ドラゴン,85,160,125,89,93,78,
161,0,sentret,default,オタチ,おたち,ノーマル,,35,46,34,35,45,20,https://raw.githubusercontent.com/PokeAPI/sprites/master/sprites/pokemon/161.png
162,0,furret,default,オオタチ,おおたち,ノーマル,,85,76,64,45,55,90,https://raw.githubusercontent.com/PokeAPI/sprites/master/sprites/pokemon/162.png
163,0,hoothoot,default,ホーホー,ほーほー,ノーマル,ひこう,60,30,30,36,56,50,https://raw.githubusercontent.com/PokeAPI/sprites/master/sprites/pokemon/163.png
164,0,noctowl,default,ヨルノズク,よるのずく,ノーマル,ひこう,100,50,50,86,96,70,https://raw.githubusercontent.com/PokeAPI/sprites/master/sprites/pokemon/164.png
165,0,ledyba,default,レディバ,れでぃば,むし,ひこう,40,20,30,40,80,55,https://raw.githubusercontent.com/PokeAPI/sprites/master/sprites/pokemon/165.png
166,0,ledian,default,レディアン,れでぃあん,むし,ひこう,55,35,50,55,110,85,https://raw.githubusercontent.com/PokeAPI/sprites/master/sprites/pokemon/166.png
167,0,spinarak,default,イトマル,いとまる,むし,どく,40,60,40,40,40,30,https://raw.githubusercontent.com/PokeAPI/sprites/master/sprites/pokemon/167.png
168,0,ariados,default,アリアドス,ありあどす,むし,どく,70,90,70,60,70,40,https://raw.githubusercontent.com/PokeAPI/sprites/master/sprites/pokemon/168.png
169,0,crobat,default,クロバット,くろばっと,どく,ひこう,85,90,80,70,80,130,https://raw.githubusercontent.com/PokeAPI/sprites/master/sprites/pokemon/169.png
170,0,chinchou,default,チョンチー,ちょんちー,みず,でんき,75,38,38,56,56,67,https://raw.githubusercontent.com/PokeAPI/sprites/master/sprites/pokemon/170.png
171,0,lanturn,default,ランターン,らんたーん,みず,でんき,125,58,58,76,76,67,https://raw.githubusercontent.com/PokeAPI/sprites/master/sprites/pokemon/171.png
172,0,pichu,default,ピチュー,ぴちゅー,でんき,,20,40,15,35,35,60,https://raw.githubusercontent.com/PokeAPI/sprites/master/sprites/pokemon/172.png
173,0,cleffa,default,ピィ,ぴぃ,フェアリー,,50,25,28,45,55,15,https://raw.githubusercontent.com/PokeAPI/sprites/master/sprites/pokemon/173.png
174,0,igglybuff,default,ププリン,ぷぷりん,ノーマル,フェアリー,90,30,15,40,20,15,https://raw.githubusercontent.com/PokeAPI/sprites/master/sprites/pokemon/174.png
175,0,togepi,default,トゲピー,とげぴー,フェアリー,,35,20,65,40,65,20,https://raw.githubusercontent.com/PokeAPI/sprites/master/sprites/pokemon/175.png
176,0,togetic,default,トゲチック,とげちっく,フェアリー,ひこう,55,40,85,80,105,40,https://raw.githubusercontent.com/PokeAPI/sprites/master/sprites/pokemon/176.png
177,0,natu,default,ネイティ,ねいてぃ,エスパー,ひこう,40,50,45,70,45,70,https://raw.githubusercontent.com/PokeAPI/sprites/master/sprites/pokemon/177.png
178,0,xatu,default,ネイティオ,ねいてぃお,エスパー,ひこう,65,75,70,95,70,95,https://raw.githubusercontent.com/PokeAPI/sprites/master/sprites/pokemon/178.png
179,0,mareep,default,メリープ,めりーぷ,でんき,,55,40,40,65,45,35,https://raw.githubusercontent.com/PokeAPI/sprites/master/sprites/pokemon/179.png
180,0,flaaffy,default,モココ,もここ,でんき,,70,55,55,80,60,45,https://raw.githubusercontent.com/PokeAPI/sprites/master/sprites/pokemon/180.png
181,0,ampharos,default,デンリュウ,でんりゅう,でんき,,90,75,85,115,90,55,https://raw.githubusercontent.com/PokeAPI/sprites/master/sprites/pokemon/181.png
181,1,ampharos,mega,デンリュウ（メガシンカ）,でんりゅう（めがしんか）,でんき,ドラゴン,90,95,105,165,110,45,https://raw.githubusercontent.com/PokeAPI/sprites/master/sprites/pokemon/10045.png
182,0,bellossom,default,キレイハナ,きれいはな,くさ,,75,80,95,90,100,50,https://raw.githubusercontent.com/PokeAPI/sprites/master/sprites/pokemon/182.png
183,0,marill,default,マリル,まりる,みず,フェアリー,70,20,50,20,50,40,https://raw.githubusercontent.com/PokeAPI/sprites/master/sprites/pokemon/183.png
184,0,azumarill,default,マリルリ,まりるり,みず,フェアリー,100,50,80,60,80,50,https://raw.githubusercontent.com/PokeAPI/sprites/master/sprites/pokemon/184.png
185,0,sudowoodo,default,ウソッキー,うそっきー,いわ,,70,100,115,30,65,30,https://raw.githubusercontent.com/PokeAPI/sprites/master/sprites/pokemon/185.png
186,0,politoed,default,ニョロトノ,にょろとの,みず,,90,75,75,90,100,70,https://raw.githubusercontent.com/PokeAPI/sprites/master/sprites/pokemon/186.png
187,0,hoppip,default,ハネッコ,はねっこ,くさ,ひこう,35,35,40,35,55,50,https://raw.githubusercontent.com/PokeAPI/sprites/master/sprites/pokemon/187.png
188,0,skiploom,default,ポポッコ,ぽぽっこ,くさ,ひこう,55,45,50,45,65,80,https://raw.githubusercontent.com/PokeAPI/sprites/master/sprites/pokemon/188.png
189,0,jumpluff,default,ワタッコ,わたっこ,くさ,ひこう,75,55,70,55,95,110,https://raw.githubusercontent.com/PokeAPI/sprites/master/sprites/pokemon/189.png
190,0,aipom,default,エイパム,えいぱむ,ノーマル,,55,70,55,40,55,85,https://raw.githubusercontent.com/PokeAPI/sprites/master/sprites/pokemon/190.png
191,0,sunkern,default,ヒマナッツ,ひまなっつ,くさ,,30,30,30,30,30,30,https://raw.githubusercontent.com/PokeAPI/sprites/master/sprites/pokemon/191.png
192,0,sunflora,default,キマワリ,きまわり,くさ,,75,75,55,105,85,30,https://raw.githubusercontent.com/PokeAPI/sprites/master/sprites/pokemon/192.png
193,0,yanma,default,ヤンヤンマ,やんやんま,むし,ひこう,65,65,45,75,45,95,https://raw.githubusercontent.com/PokeAPI/sprites/master/sprites/pokemon/193.png
194,0,wooper,default,ウパー,うぱー,みず,じめん,55,45,45,25,25,15,https://raw.githubusercontent.com/PokeAPI/sprites/master/sprites/pokemon/194.png
194,1,wooper,paldea,ウパー（パルデアのすがた）,うぱー（ぱるであのすがた）,どく,じめん,55,45,45,25,25,15,https://raw.githubusercontent.com/PokeAPI/sprites/master/sprites/pokemon/10253.png
195,0,quagsire,default,ヌオー,ぬおー,みず,じめん,95,85,85,65,65,35,https://raw.githubusercontent.com/PokeAPI/sprites/master/sprites/pokemon/195.png
196,0,espeon,default,エーフィ,えーふぃ,エスパー,,65,65,60,130,95,110,https://raw.githubusercontent.com/PokeAPI/sprites/master/sprites/pokemon/196.png
197,0,umbreon,default,ブラッキー,ぶらっきー,あく,,95,65,110,60,130,65,https://raw.githubusercontent.com/PokeAPI/sprites/master/sprites/pokemon/197.png
198,0,murkrow,default,ヤミカラス,やみからす,あく,ひこう,60,85,42,85,42,91,https://raw.githubusercontent.com/PokeAPI/sprites/master/sprites/pokemon/198.png
199,0,slowking,default,ヤドキング,やどきんぐ,みず,エスパー,95,75,80,100,110,30,https://raw.githubusercontent.com/PokeAPI/sprites/master/sprites/pokemon/199.png
199,1,slowking,galar,ヤドキング（ガラルのすがた）,やどきんぐ（がらるのすがた）,どく,エスパー,95,65,80,110,110,30,https://raw.githubusercontent.com/PokeAPI/sprites/master/sprites/pokemon/10172.png
200,0,misdreavus,default,ムウマ,むうま,ゴースト,,60,60,60,85,85,85,https://raw.githubusercontent.com/PokeAPI/sprites/master/sprites/pokemon/200.png
201,0,unown,default,アンノーン,あんのーん,エスパー,,48,72,48,72,48,48,https://raw.githubusercontent.com/PokeAPI/sprites/master/sprites/pokemon/201.png
202,0,wobbuffet,default,ソーナンス,そーなんす,エスパー,,190,33,58,33,58,33,https://raw.githubusercontent.com/PokeAPI/sprites/master/sprites/pokemon/202.png
203,0,girafarig,default,キリンリキ,きりんりき,ノーマル,エスパー,70,80,65,90,65,85,https://raw.githubusercontent.com/PokeAPI/sprites/master/sprites/pokemon/203.png
204,0,pineco,default,クヌギダマ,くぬぎだま,むし,,50,65,90,35,35,15,https://raw.githubusercontent.com/PokeAPI/sprites/master/sprites/pokemon/204.png
205,0,forretress,default,フォレトス,ふぉれとす,むし,はがね,75,90,140,60,60,40,https://raw.githubusercontent.com/PokeAPI/sprites/master/sprites/pokemon/205.png
206,0,dunsparce,default,ノコッチ,のこっち,ノーマル,,100,70,70,65,65,45,https://raw.githubusercontent.com/PokeAPI/sprites/master/sprites/pokemon/206.png
207,0,gligar,default,グライガー,ぐらいがー,じめん,ひこう,65,75,105,35,65,85,https://raw.githubusercontent.com/PokeAPI/sprites/master/sprites/pokemon/207.png
208,0,steelix,default,ハガネール,はがねーる,はがね,じめん,75,85,200,55,65,30,https://raw.githubusercontent.com/PokeAPI/sprites/master/sprites/pokemon/208.png
208,1,steelix,mega,ハガネール（メガシンカ）,はがねーる（めがしんか）,はがね,じめん,75,125,230,55,95,30,https://raw.githubusercontent.com/PokeAPI/sprites/master/sprites/pokemon/10072.png
209,0,snubbull,default,ブルー,ぶるー,フェアリー,,60,80,50,40,40,30,https://raw.githubusercontent.com/PokeAPI/sprites/master/sprites/pokemon/209.png
210,0,granbull,default,グランブル,ぐらんぶる,フェアリー,,90,120,75,60,60,45,https://raw.githubusercontent.com/PokeAPI/sprites/master/sprites/pokemon/210.png
211,0,qwilfish,default,ハリーセン,はりーせん,みず,どく,65,95,85,55,55,85,https://raw.githubusercontent.com/PokeAPI/sprites/master/sprites/pokemon/211.png
211,1,qwilfish,hisui,ハリーセン（ヒスイのすがた）,はりーせん（ひすいのすがた）,あく,どく,65,95,85,55,55,85,https://raw.githubusercontent.com/PokeAPI/sprites/master/sprites/pokemon/10234.png
212,0,scizor,default,ハッサム,はっさむ,むし,はがね,70,130,100,55,80,65,https://raw.githubusercontent.com/PokeAPI/sprites/master/sprites/pokemon/212.png
212,1,scizor,mega,ハッサム（メガシンカ）,はっさむ（めがしんか）,むし,はがね,70,150,140,65,100,75,https://raw.githubusercontent.com/PokeAPI/sprites/master/sprites/pokemon/10046.png
213,0,shuckle,default,ツボツボ,つぼつぼ,むし,いわ,20,10,230,10,230,5,https://raw.githubusercontent.com/PokeAPI/sprites/master/sprites/pokemon/213.png
214,0,heracross,default,ヘラクロス,へらくろす,むし,かくとう,80,125,75,40,95,85,https://raw.githubusercontent.com/PokeAPI/sprites/master/sprites/pokemon/214.png
214,1,heracross,mega,ヘラクロス（メガシンカ）,へらくろす（めがしんか）,むし,かくとう,80,185,115,40,105,75,https://raw.githubusercontent.com/PokeAPI/sprites/master/sprites/pokemon/10047.png
215,0,sneasel,default,ニューラ,にゅーら,あく,こおり,55,95,55,35,75,115,https://raw.githubusercontent.com/PokeAPI/sprites/master/sprites/pokemon/215.png
215,1,sneasel,hisui,ニューラ（ヒスイのすがた）,にゅーら（ひすいのすがた）,かくとう,どく,55,95,55,35,75,115,https://raw.githubusercontent.com/PokeAPI/sprites/master/sprites/pokemon/10235.png
216,0,teddiursa,default,ヒメグマ,ひめぐま,ノーマル,,60,80,50,50,50,40,https://raw.githubusercontent.com/PokeAPI/sprites/master/sprites/pokemon/216.png
217,0,ursaring,default,リングマ,りんぐま,ノーマル,,90,130,75,75,75,55,https://raw.githubusercontent.com/PokeAPI/sprites/master/sprites/pokemon/217.png
218,0,slugma,default,マグマッグ,まぐまっぐ,ほのお,,40,40,40,70,40,20,https://raw.githubusercontent.com/PokeAPI/sprites/master/sprites/pokemon/218.png
219,0,magcargo,default,マグカルゴ,まぐかるご,ほのお,いわ,60,50,120,90,80,30,https://raw.githubusercontent.com/PokeAPI/sprites/master/sprites/pokemon/219.png
220,0,swinub,default,ウリムー,うりむー,こおり,じめん,50,50,40,30,30,50,https://raw.githubusercontent.com/PokeAPI/sprites/master/sprites/pokemon/220.png
221,0,piloswine,default,イノムー,いのむー,こおり,じめん,100,100,80,60,60,50,https://raw.githubusercontent.com/PokeAPI/sprites/master/sprites/pokemon/221.png
222,0,corsola,default,サニーゴ,さにーご,みず,いわ,65,55,95,65,95,35,https://raw.githubusercontent.com/PokeAPI/sprites/master/sprites/pokemon/222.png
222,1,corsola,galar,サニーゴ（ガラルのすがた）,さにーご（がらるのすがた）,ゴースト,,60,55,100,65,100,30,https://raw.githubusercontent.com/PokeAPI/sprites/master/sprites/pokemon/10173.png
223,0,remoraid,default,テッポウオ,てっぽうお,みず,,35,65,35,65,35,65,https://raw.githubusercontent.com/PokeAPI/sprites/master/sprites/pokemon/223.png
224,0,octillery,default,オクタン,おくたん,みず,,75,105,75,105,75,45,https://raw.githubusercontent.com/PokeAPI/sprites/master/sprites/pokemon/224.png
225,0,delibird,default,デリバード,でりばーど,こおり,ひこう,45,55,45,65,45,75,https://raw.githubusercontent.com/PokeAPI/sprites/master/sprites/pokemon/225.png
226,0,mantine,default,マンタイン,まんたいん,みず,ひこう,85,40,70,80,140,70,https://raw.githubusercontent.com/PokeAPI/sprites/master/sprites/pokemon/226.png
227,0,skarmory,default,エアームド,えあーむど,はがね,ひこう,65,80,140,40,70,70,https://raw.githubusercontent.com/PokeAPI/sprites/master/sprites/pokemon/227.png
227,1,skarmory,mega,エアームド（メガシンカ）,えあーむど（めがしんか）,はがね,ひこう,65,140,110,40,100,110,
228,0,houndour,default,デルビル,でるびる,あく,ほのお,45,60,30,80,50,65,https://raw.githubusercontent.com/PokeAPI/sprites/master/sprites/pokemon/228.png
229,0,houndoom,default,ヘルガー,へるがー,あく,ほのお,75,90,50,110,80,95,https://raw.githubusercontent.com/PokeAPI/sprites/master/sprites/pokemon/229.png
229,1,houndoom,mega,ヘルガー（メガシンカ）,へるがー（めがしんか）,あく,ほのお,75,90,90,140,90,115,https://raw.githubusercontent.com/PokeAPI/sprites/master/sprites/pokemon/10048.png
230,0,kingdra,default,キングドラ,きんぐどら,みず,ドラゴン,75,95,95,95,95,85,https://raw.githubusercontent.com/PokeAPI/sprites/master/sprites/pokemon/230.png
231,0,phanpy,default,ゴマゾウ,ごまぞう,じめん,,90,60,60,40,40,40,https://raw.githubusercontent.com/PokeAPI/sprites/master/sprites/pokemon/231.png
232,0,donphan,default,ドンファン,どんふぁん,じめん,,90,120,120,60,60,50,https://raw.githubusercontent.com/PokeAPI/sprites/master/sprites/pokemon/232.png
233,0,porygon2,default,ポリゴン２,ぽりごん２,ノーマル,,85,80,90,105,95,60,https://raw.githubusercontent.com/PokeAPI/sprites/master/sprites/pokemon/233.png
234,0,stantler,default,オドシシ,おどしし,ノーマル,,73,95,62,85,65,85,https://raw.githubusercontent.com/PokeAPI/sprites/master/sprites/pokemon/234.png
235,0,smeargle,default,ドーブル,どーぶる,ノーマル,,55,20,35,20,45,75,https://raw.githubusercontent.com/PokeAPI/sprites/master/sprites/pokemon/235.png
236,0,tyrogue,default,バルキー,ばるきー,かくとう,,35,35,35,35,35,35,https://raw.githubusercontent.com/PokeAPI/sprites/master/sprites/pokemon/236.png
237,0,hitmontop,default,カポエラー,かぽえらー,かくとう,,50,95,95,35,110,70,https://raw.githubusercontent.com/PokeAPI/sprites/master/sprites/pokemon/237.png
238,0,smoochum,default,ムチュール,むちゅーる,こおり,エスパー,45,30,15,85,65,65,https://raw.githubusercontent.com/PokeAPI/sprites/master/sprites/pokemon/238.png
239,0,elekid,default,エレキッド,えれきっど,でんき,,45,63,37,65,55,95,https://raw.githubusercontent.com/PokeAPI/sprites/master/sprites/pokemon/239.png
240,0,magby,default,ブビィ,ぶびぃ,ほのお,,45,75,37,70,55,83,https://raw.githubusercontent.com/PokeAPI/sprites/master/sprites/pokemon/240.png
241,0,miltank,default,ミルタンク,みるたんく,ノーマル,,95,80,105,40,70,100,https://raw.githubusercontent.com/PokeAPI/sprites/master/sprites/pokemon/241.png
242,0,blissey,default,ハピナス,はぴなす,ノーマル,,255,10,10,75,135,55,https://raw.githubusercontent.com/PokeAPI/sprites/master/sprites/pokemon/242.png
243,0,raikou,default,ライコウ,らいこう,でんき,,90,85,75,115,100,115,https://raw.githubusercontent.com/PokeAPI/sprites/master/sprites/pokemon/243.png
244,0,entei,default,エンテイ,えんてい,ほのお,,115,115,85,90,75,100,https://raw.githubusercontent.com/PokeAPI/sprites/master/sprites/pokemon/244.png
245,0,suicune,default,スイクン,すいくん,みず,,100,75,115,90,115,85,https://raw.githubusercontent.com/PokeAPI/sprites/master/sprites/pokemon/245.png
246,0,larvitar,default,ヨーギラス,よーぎらす,いわ,じめん,50,64,50,45,50,41,https://raw.githubusercontent.com/PokeAPI/sprites/master/sprites/pokemon/246.png
247,0,pupitar,default,サナギラス,さなぎらす,いわ,じめん,70,84,70,65,70,51,https://raw.githubusercontent.com/PokeAPI/sprites/master/sprites/pokemon/247.png
248,0,tyranitar,default,バンギラス,ばんぎらす,いわ,あく,100,134,110,95,100,61,https://raw.githubusercontent.com/PokeAPI/sprites/master/sprites/pokemon/248.png
248,1,tyranitar,mega,バンギラス（メガシンカ）,ばんぎらす（めがしんか）,いわ,あく,100,164,150,95,120,71,https://raw.githubusercontent.com/PokeAPI/sprites/master/sprites/pokemon/10049.png
249,0,lugia,default,ルギア,るぎあ,エスパー,ひこう,106,90,130,90,154,110,https://raw.githubusercontent.com/PokeAPI/sprites/master/sprites/pokemon/249.png
250,0,ho-oh,default,ホウオウ,ほうおう,ほのお,ひこう,106,130,90,110,154,90,https://raw.githubusercontent.com/PokeAPI/sprites/master/sprites/pokemon/250.png
251,0,celebi,default,セレビィ,せれびぃ,エスパー,くさ,100,100,100,100,100,100,https://raw.githubusercontent.com/PokeAPI/sprites/master/sprites/pokemon/251.png
252,0,treecko,default,キモリ,きもり,くさ,,40,45,35,65,55,70,https://raw.githubusercontent.com/PokeAPI/sprites/master/sprites/pokemon/252.png
253,0,grovyle,default,ジュプトル,じゅぷとる,くさ,,50,65,45,85,65,95,https://raw.githubusercontent.com/PokeAPI/sprites/master/sprites/pokemon/253.png
254,0,sceptile,default,ジュカイン,じゅかいん,くさ,,70,85,65,105,85,120,https://raw.githubusercontent.com/PokeAPI/sprites/master/sprites/pokemon/254.png
254,1,sceptile,mega,ジュカイン（メガシンカ）,じゅかいん（めがしんか）,くさ,ドラゴン,70,110,75,145,85,145,https://raw.githubusercontent.com/PokeAPI/sprites/master/sprites/pokemon/10065.png
255,0,torchic,default,アチャモ,あちゃも,ほのお,,45,60,40,70,50,45,https://raw.githubusercontent.com/PokeAPI/sprites/master/sprites/pokemon/255.png
256,0,combusken,default,ワカシャモ,わかしゃも,ほのお,かくとう,60,85,60,85,60,55,https://raw.githubusercontent.com/PokeAPI/sprites/master/sprites/pokemon/256.png
257,0,blaziken,default,バシャーモ,ばしゃーも,ほのお,かくとう,80,120,70,110,70,80,https://raw.githubusercontent.com/PokeAPI/sprites/master/sprites/pokemon/257.png
257,1,blaziken,mega,バシャーモ（メガシンカ）,ばしゃーも（めがしんか）,ほのお,かくとう,80,160,80,130,80,100,https://raw.githubusercontent.com/PokeAPI/sprites/master/sprites/pokemon/10050.png
258,0,mudkip,default,ミズゴロウ,みずごろう,みず,,50,70,50,50,50,40,https://raw.githubusercontent.com/PokeAPI/sprites/master/sprites/pokemon/258.png
259,0,marshtomp,default,ヌマクロー,ぬまくろー,みず,じめん,70,85,70,60,70,50,https://raw.githubusercontent.com/PokeAPI/sprites/master/sprites/pokemon/259.png
260,0,swampert,default,ラグラージ,らぐらーじ,みず,じめん,100,110,90,85,90,60,https://raw.githubusercontent.com/PokeAPI/sprites/master/sprites/pokemon/260.png
260,1,swampert,mega,ラグラージ（メガシンカ）,らぐらーじ（めがしんか）,みず,じめん,100,150,110,95,110,70,https://raw.githubusercontent.com/PokeAPI/sprites/master/sprites/pokemon/10064.png
261,0,poochyena,default,ポチエナ,ぽちえな,あく,,35,55,35,30,30,35,https://raw.githubusercontent.com/PokeAPI/sprites/master/sprites/pokemon/261.png
262,0,mightyena,default,グラエナ,ぐらえな,あく,,70,90,70,60,60,70,https://raw.githubusercontent.com/PokeAPI/sprites/master/sprites/pokemon/262.png
263,0,zigzagoon,default,ジグザグマ,じぐざぐま,ノーマル,,38,30,41,30,41,60,https://raw.githubusercontent.com/PokeAPI/sprites/master/sprites/pokemon/263.png
263,1,zigzagoon,galar,ジグザグマ（ガラルのすがた）,じぐざぐま（がらるのすがた）,あく,ノーマル,38,30,41,30,41,60,https://raw.githubusercontent.com/PokeAPI/sprites/master/sprites/pokemon/10174.png
264,0,linoone,default,マッスグマ,まっすぐま,ノーマル,,78,70,61,50,61,100,https://raw.githubusercontent.com/PokeAPI/sprites/master/sprites/pokemon/264.png
264,1,linoone,galar,マッスグマ（ガラルのすがた）,まっすぐま（がらるのすがた）,あく,ノーマル,78,70,61,50,61,100,https://raw.githubusercontent.com/PokeAPI/sprites/master/sprites/pokemon/10175.png
265,0,wurmple,default,ケムッソ,けむっそ,むし,,45,45,35,20,30,20,https://raw.githubusercontent.com/PokeAPI/sprites/master/sprites/pokemon/265.png
266,0,silcoon,default,カラサリス,からさりす,むし,,50,35,55,25,25,15,https://raw.githubusercontent.com/PokeAPI/sprites/master/sprites/pokemon/266.png
267,0,beautifly,default,アゲハント,あげはんと,むし,ひこう,60,70,50,100,50,65,https://raw.githubusercontent.com/PokeAPI/sprites/master/sprites/pokemon/267.png
268,0,cascoon,default,マユルド,まゆるど,むし,,50,35,55,25,25,15,https://raw.githubusercontent.com/PokeAPI/sprites/master/sprites/pokemon/268.png
269,0,dustox,default,ドクケイル,どくけいる,むし,どく,60,50,70,50,90,65,https://raw.githubusercontent.com/PokeAPI/sprites/master/sprites/pokemon/269.png
270,0,lotad,default,ハスボー,はすぼー,みず,くさ,40,30,30,40,50,30,https://raw.githubusercontent.com/PokeAPI/sprites/master/sprites/pokemon/270.png
271,0,lombre,default,ハスブレロ,はすぶれろ,みず,くさ,60,50,50,60,70,50,https://raw.githubusercontent.com/PokeAPI/sprites/master/sprites/pokemon/271.png
272,0,ludicolo,default,ルンパッパ,るんぱっぱ,みず,くさ,80,70,70,90,100,70,https://raw.githubusercontent.com/PokeAPI/sprites/master/sprites/pokemon/272.png
273,0,seedot,default,タネボー,たねぼー,くさ,,40,40,50,30,30,30,https://raw.githubusercontent.com/PokeAPI/sprites/master/sprites/pokemon/273.png
274,0,nuzleaf,default,コノハナ,このはな,くさ,あく,70,70,40,60,40,60,https://raw.githubusercontent.com/PokeAPI/sprites/master/sprites/pokemon/274.png
275,0,shiftry,default,ダーテング,だーてんぐ,くさ,あく,90,100,60,90,60,80,https://raw.githubusercontent.com/PokeAPI/sprites/master/sprites/pokemon/275.png
276,0,taillow,default,スバメ,すばめ,ノーマル,ひこう,40,55,30,30,30,85,https://raw.githubusercontent.com/PokeAPI/sprites/master/sprites/pokemon/276.png
277,0,swellow,default,オオスバメ,おおすばめ,ノーマル,ひこう,60,85,60,75,50,125,https://raw.githubusercontent.com/PokeAPI/sprites/master/sprites/pokemon/277.png
278,0,wingull,default,キャモメ,きゃもめ,みず,ひこう,40,30,30,55,30,85,https://raw.githubusercontent.com/PokeAPI/sprites/master/sprites/pokemon/278.png
279,0,pelipper,default,ペリッパー,ぺりっぱー,みず,ひこう,60,50,100,95,70,65,https://raw.githubusercontent.com/PokeAPI/sprites/master/sprites/pokemon/279.png
280,0,ralts,default,ラルトス,らるとす,エスパー,フェアリー,28,25,25,45,35,40,https://raw.githubusercontent.com/PokeAPI/sprites/master/sprites/pokemon/280.png
281,0,kirlia,default,キルリア,きるりあ,エスパー,フェアリー,38,35,35,65,55,50,https://raw.githubusercontent.com/PokeAPI/sprites/master/sprites/pokemon/281.png
282,0,gardevoir,default,サーナイト,さーないと,エスパー,フェアリー,68,65,65,125,115,80,https://raw.githubusercontent.com/PokeAPI/sprites/master/sprites/pokemon/282.png
282,1,gardevoir,mega,サーナイト（メガシンカ）,さーないと（めがしんか）,エスパー,フェアリー,68,85,65,165,135,100,https://raw.githubusercontent.com/PokeAPI/sprites/master/sprites/pokemon/10051.png
283,0,surskit,default,アメタマ,あめたま,むし,みず,40,30,32,50,52,65,https://raw.githubusercontent.com/PokeAPI/sprites/master/sprites/pokemon/283.png
284,0,masquerain,default,アメモース,あめもーす,むし,ひこう,70,60,62,100,82,80,https://raw.githubusercontent.com/PokeAPI/sprites/master/sprites/pokemon/284.png
285,0,shroomish,default,キノココ,きのここ,くさ,,60,40,60,40,60,35,https://raw.githubusercontent.com/PokeAPI/sprites/master/sprites/pokemon/285.png
286,0,breloom,default,キノガッサ,きのがっさ,くさ,かくとう,60,130,80,60,60,70,https://raw.githubusercontent.com/PokeAPI/sprites/master/sprites/pokemon/286.png
287,0,slakoth,default,ナマケロ,なまけろ,ノーマル,,60,60,60,35,35,30,https://raw.githubusercontent.com/PokeAPI/sprites/master/sprites/pokemon/287.png
288,0,vigoroth,default,ヤルキモノ,やるきもの,ノーマル,,80,80,80,55,55,90,https://raw.githubusercontent.com/PokeAPI/sprites/master/sprites/pokemon/288.png
289,0,slaking,default,ケッキング,けっきんぐ,ノーマル,,150,160,100,95,65,100,https://raw.githubusercontent.com/PokeAPI/sprites/master/sprites/pokemon/289.png
290,0,nincada,default,ツチニン,つちにん,むし,じめん,31,45,90,30,30,40,https://raw.githubusercontent.com/PokeAPI/sprites/master/sprites/pokemon/290.png
291,0,ninjask,default,テッカニン,てっかにん,むし,ひこう,61,90,45,50,50,160,https://raw.githubusercontent.com/PokeAPI/sprites/master/sprites/pokemon/291.png
292,0,shedinja,default,ヌケニン,ぬけにん,むし,ゴースト,1,90,45,30,30,40,https://raw.githubusercontent.com/PokeAPI/sprites/master/sprites/pokemon/292.png
293,0,whismur,default,ゴニョニョ,ごにょにょ,ノーマル,,64,51,23,51,23,28,https://raw.githubusercontent.com/PokeAPI/sprites/master/sprites/pokemon/293.png
294,0,loudred,default,ドゴーム,どごーむ,ノーマル,,84,71,43,71,43,48,https://raw.githubusercontent.com/PokeAPI/sprites/master/sprites/pokemon/294.png
295,0,exploud,default,バクオング,ばくおんぐ,ノーマル,,104,91,63,91,73,68,https://raw.githubusercontent.com/PokeAPI/sprites/master/sprites/pokemon/295.png
296,0,makuhita,default,マクノシタ,まくのした,かくとう,,72,60,30,20,30,25,https://raw.githubusercontent.com/PokeAPI/sprites/master/sprites/pokemon/296.png
297,0,hariyama,default,ハリテヤマ,はりてやま,かくとう,,144,120,60,40,60,50,https://raw.githubusercontent.com/PokeAPI/sprites/master/sprites/pokemon/297.png
298,0,azurill,default,ルリリ,るりり,ノーマル,フェアリー,50,20,40,20,40,20,https://raw.githubusercontent.com/PokeAPI/sprites/master/sprites/pokemon/298.png
299,0,nosepass,default,ノズパス,のずぱす,いわ,,30,45,135,45,90,30,https://raw.githubusercontent.com/PokeAPI/sprites/master/sprites/pokemon/299.png
300,0,skitty,default,エネコ,えねこ,ノーマル,,50,45,45,35,35,50,https://raw.githubusercontent.com/PokeAPI/sprites/master/sprites/pokemon/300.png
301,0,delcatty,default,エネコロロ,えねころろ,ノーマル,,70,65,65,55,55,90,https://raw.githubusercontent.com/PokeAPI/sprites/master/sprites/pokemon/301.png
302,0,sableye,default,ヤミラミ,やみらみ,あく,ゴースト,50,75,75,65,65,50,https://raw.githubusercontent.com/PokeAPI/sprites/master/sprites/pokemon/302.png
302,1,sableye,mega,ヤミラミ（メガシンカ）,やみらみ（めがしんか）,あく,ゴースト,50,85,125,85,115,20,https://raw.githubusercontent.com/PokeAPI/sprites/master/sprites/pokemon/10066.png
303,0,mawile,default,クチート,くちーと,はがね,フェアリー,50,85,85,55,55,50,https://raw.githubusercontent.com/PokeAPI/sprites/master/sprites/pokemon/303.png
303,1,mawile,mega,クチート（メガシンカ）,くちーと（めがしんか）,はがね,フェアリー,50,105,125,55,95,50,https://raw.githubusercontent.com/PokeAPI/sprites/master/sprites/pokemon/10052.png
304,0,aron,default,ココドラ,ここどら,はがね,いわ,50,70,100,40,40,30,https://raw.githubusercontent.com/PokeAPI/sprites/master/sprites/pokemon/304.png
305,0,lairon,default,コドラ,こどら,はがね,いわ,60,90,140,50,50,40,https://raw.githubusercontent.com/PokeAPI/sprites/master/sprites/pokemon/305.png
306,0,aggron,default,ボスゴドラ,ぼすごどら,はがね,いわ,70,110,180,60,60,50,https://raw.githubusercontent.com/PokeAPI/sprites/master/sprites/pokemon/306.png
306,1,aggron,mega,ボスゴドラ（メガシンカ）,ぼすごどら（めがしんか）,はがね,,70,140,230,60,80,50,https://raw.githubusercontent.com/PokeAPI/sprites/master/sprites/pokemon/10053.png
307,0,meditite,default,アサナン,あさなん,かくとう,エスパー,30,40,55,40,55,60,https://raw.githubusercontent.com/PokeAPI/sprites/master/sprites/pokemon/307.png
308,0,medicham,default,チャーレム,ちゃーれむ,かくとう,エスパー,60,60,75,60,75,80,https://raw.githubusercontent.com/PokeAPI/sprites/master/sprites/pokemon/308.png
308,1,medicham,mega,チャーレム（メガシンカ）,ちゃーれむ（めがしんか）,かくとう,エスパー,60,100,85,80,85,100,https://raw.githubusercontent.com/PokeAPI/sprites/master/sprites/pokemon/10054.png
309,0,electrike,default,ラクライ,らくらい,でんき,,40,45,40,65,40,65,https://raw.githubusercontent.com/PokeAPI/sprites/master/sprites/pokemon/309.png
310,0,manectric,default,ライボルト,らいぼると,でんき,,70,75,60,105,60,105,https://raw.githubusercontent.com/PokeAPI/sprites/master/sprites/pokemon/310.png
310,1,manectric,mega,ライボルト（メガシンカ）,らいぼると（めがしんか）,でんき,,70,75,80,135,80,135,https://raw.githubusercontent.com/PokeAPI/sprites/master/sprites/pokemon/10055.png
311,0,plusle,default,プラスル,ぷらする,でんき,,60,50,40,85,75,95,https://raw.githubusercontent.com/PokeAPI/sprites/master/sprites/pokemon/311.png
312,0,minun,default,マイナン,まいなん,でんき,,60,40,50,75,85,95,https://raw.githubusercontent.com/PokeAPI/sprites/master/sprites/pokemon/312.png
313,0,volbeat,default,バルビート,ばるびーと,むし,,65,73,75,47,85,85,https://raw.githubusercontent.com/PokeAPI/sprites/master/sprites/pokemon/313.png
314,0,illumise,default,イルミーゼ,いるみーぜ,むし,,65,47,75,73,85,85,https://raw.githubusercontent.com/PokeAPI/sprites/master/sprites/pokemon/314.png
315,0,roselia,default,ロゼリア,ろぜりあ,くさ,どく,50,60,45,100,80,65,https://raw.githubusercontent.com/PokeAPI/sprites/master/sprites/pokemon/315.png
316,0,gulpin,default,ゴクリン,ごくりん,どく,,70,43,53,43,53,40,https://raw.githubusercontent.com/PokeAPI/sprites/master/sprites/pokemon/316.png
317,0,swalot,default,マルノーム,まるのーむ,どく,,100,73,83,73,83,55,https://raw.githubusercontent.com/PokeAPI/sprites/master/sprites/pokemon/317.png
318,0,carvanha,default,キバニア,きばにあ,みず,あく,45,90,20,65,20,65,https://raw.githubusercontent.com/PokeAPI/sprites/master/sprites/pokemon/318.png
319,0,sharpedo,default,サメハダー,さめはだー,みず,あく,70,120,40,95,40,95,https://raw.githubusercontent.com/PokeAPI/sprites/master/sprites/pokemon/319.png
319,1,sharpedo,mega,サメハダー（メガシンカ）,さめはだー（めがしんか）,みず,あく,70,140,70,110,65,105,https://raw.githubusercontent.com/PokeAPI/sprites/master/sprites/pokemon/10070.png
320,0,wailmer,default,ホエルコ,ほえるこ,みず,,130,70,35,70,35,60,https://raw.githubusercontent.com/PokeAPI/sprites/master/sprites/pokemon/320.png
321,0,wailord,default,ホエルオー,ほえるおー,みず,,170,90,45,90,45,60,https://raw.githubusercontent.com/PokeAPI/sprites/master/sprites/pokemon/321.png
322,0,numel,default,ドンメル,どんめる,ほのお,じめん,60,60,40,65,45,35,https://raw.githubusercontent.com/PokeAPI/sprites/master/sprites/pokemon/322.png
323,0,camerupt,default,バクーダ,ばくーだ,ほのお,じめん,70,100,70,105,75,40,https://raw.githubusercontent.com/PokeAPI/sprites/master/sprites/pokemon/323.png
323,1,camerupt,mega,バクーダ（メガシンカ）,ばくーだ（めがしんか）,ほのお,じめん,70,120,100,145,105,20,https://raw.githubusercontent.com/PokeAPI/sprites/master/sprites/pokemon/10087.png
324,0,torkoal,default,コータス,こーたす,ほのお,,70,85,140,85,70,20,https://raw.githubusercontent.com/PokeAPI/sprites/master/sprites/pokemon/324.png
325,0,spoink,default,バネブー,ばねぶー,エスパー,,60,25,35,70,80,60,https://raw.githubusercontent.com/PokeAPI/sprites/master/sprites/pokemon/325.png
326,0,grumpig,default,ブーピッグ,ぶーぴっぐ,エスパー,,80,45,65,90,110,80,https://raw.githubusercontent.com/PokeAPI/sprites/master/sprites/pokemon/326.png
327,0,spinda,default,パッチール,ぱっちーる,ノーマル,,60,60,60,60,60,60,https://raw.githubusercontent.com/PokeAPI/sprites/master/sprites/pokemon/327.png
328,0,trapinch,default,ナックラー,なっくらー,じめん,,45,100,45,45,45,10,https://raw.githubusercontent.com/PokeAPI/sprites/master/sprites/pokemon/328.png
329,0,vibrava,default,ビブラーバ,びぶらーば,じめん,ドラゴン,50,70,50,50,50,70,https://raw.githubusercontent.com/PokeAPI/sprites/master/sprites/pokemon/329.png
330,0,flygon,default,フライゴン,ふらいごん,じめん,ドラゴン,80,100,80,80,80,100,https://raw.githubusercontent.com/PokeAPI/sprites/master/sprites/pokemon/330.png
331,0,cacnea,default,サボネア,さぼねあ,くさ,,50,85,40,85,40,35,https://raw.githubusercontent.com/PokeAPI/sprites/master/sprites/pokemon/331.png
332,0,cacturne,default,ノクタス,のくたす,くさ,あく,70,115,60,115,60,55,https://raw.githubusercontent.com/PokeAPI/sprites/master/sprites/pokemon/332.png
333,0,swablu,default,チルット,ちるっと,ノーマル,ひこう,45,40,60,40,75,50,https://raw.githubusercontent.com/PokeAPI/sprites/master/sprites/pokemon/333.png
334,0,altaria,default,チルタリス,ちるたりす,ドラゴン,ひこう,75,70,90,70,105,80,https://raw.githubusercontent.com/PokeAPI/sprites/master/sprites/pokemon/334.png
334,1,altaria,mega,チルタリス（メガシンカ）,ちるたりす（めがしんか）,ドラゴン,フェアリー,75,110,110,110,105,80,https://raw.githubusercontent.com/PokeAPI/sprites/master/sprites/pokemon/10067.png
335,0,zangoose,default,ザングース,ざんぐーす,ノーマル,,73,115,60,60,60,90,https://raw.githubusercontent.com/PokeAPI/sprites/master/sprites/pokemon/335.png
336,0,seviper,default,ハブネーク,はぶねーく,どく,,73,100,60,100,60,65,https://raw.githubusercontent.com/PokeAPI/sprites/master/sprites/pokemon/336.png
337,0,lunatone,default,ルナトーン,るなとーん,いわ,エスパー,90,55,65,95,85,70,https://raw.githubusercontent.com/PokeAPI/sprites/master/sprites/pokemon/337.png
338,0,solrock,default,ソルロック,そるろっく,いわ,エスパー,90,95,85,55,65,70,https://raw.githubusercontent.com/PokeAPI/sprites/master/sprites/pokemon/338.png
339,0,barboach,default,ドジョッチ,どじょっち,みず,じめん,50,48,43,46,41,60,https://raw.githubusercontent.com/PokeAPI/sprites/master/sprites/pokemon/339.png
340,0,whiscash,default,ナマズン,なまずん,みず,じめん,110,78,73,76,71,60,https://raw.githubusercontent.com/PokeAPI/sprites/master/sprites/pokemon/340.png
341,0,corphish,default,ヘイガニ,へいがに,みず,,43,80,65,50,35,35,https://raw.githubusercontent.com/PokeAPI/sprites/master/sprites/pokemon/341.png
342,0,crawdaunt,default,シザリガー,しざりがー,みず,あく,63,120,85,90,55,55,https://raw.githubusercontent.com/PokeAPI/sprites/master/sprites/pokemon/342.png
343,0,baltoy,default,ヤジロン,やじろん,じめん,エスパー,40,40,55,40,70,55,https://raw.githubusercontent.com/PokeAPI/sprites/master/sprites/pokemon/343.png
344,0,claydol,default,ネンドール,ねんどーる,じめん,エスパー,60,70,105,70,120,75,https://raw.githubusercontent.com/PokeAPI/sprites/master/sprites/pokemon/344.png
345,0,lileep,default,リリーラ,りりーら,いわ,くさ,66,41,77,61,87,23,https://raw.githubusercontent.com/PokeAPI/sprites/master/sprites/pokemon/345.png
346,0,cradily,default,ユレイドル,ゆれいどる,いわ,くさ,86,81,97,81,107,43,https://raw.githubusercontent.com/PokeAPI/sprites/master/sprites/pokemon/346.png
347,0,anorith,default,アノプス,あのぷす,いわ,むし,45,95,50,40,50,75,https://raw.githubusercontent.com/PokeAPI/sprites/master/sprites/pokemon/347.png
348,0,armaldo,default,アーマルド,あーまるど,いわ,むし,75,125,100,70,80,45,https://raw.githubusercontent.com/PokeAPI/sprites/master/sprites/pokemon/348.png
349,0,feebas,default,ヒンバス,ひんばす,みず,,20,15,20,10,55,80,https://raw.githubusercontent.com/PokeAPI/sprites/master/sprites/pokemon/349.png
350,0,milotic,default,ミロカロス,みろかろす,みず,,95,60,79,100,125,81,https://raw.githubusercontent.com/PokeAPI/sprites/master/sprites/pokemon/350.png
351,0,castform,default,ポワルン,ぽわるん,ノーマル,,70,70,70,70,70,70,https://raw.githubusercontent.com/PokeAPI/sprites/master/sprites/pokemon/351.png
351,1,castform,sunny,ポワルン（sunny）,ぽわるん（sunny）,ほのお,,70,70,70,70,70,70,https://raw.githubusercontent.com/PokeAPI/sprites/master/sprites/pokemon/10013.png
351,2,castform,rainy,ポワルン（rainy）,ぽわるん（rainy）,みず,,70,70,70,70,70,70,https://raw.githubusercontent.com/PokeAPI/sprites/master/sprites/pokemon/10014.png
351,3,castform,snowy,ポワルン（snowy）,ぽわるん（snowy）,こおり,,70,70,70,70,70,70,https://raw.githubusercontent.com/PokeAPI/sprites/master/sprites/pokemon/10015.png
352,0,kecleon,default,カクレオン,かくれおん,ノーマル,,60,90,70,60,120,40,https://raw.githubusercontent.com/PokeAPI/sprites/master/sprites/pokemon/352.png
353,0,shuppet,default,カゲボウズ,かげぼうず,ゴースト,,44,75,35,63,33,45,https://raw.githubusercontent.com/PokeAPI/sprites/master/sprites/pokemon/353.png
354,0,banette,default,ジュペッタ,じゅぺった,ゴースト,,64,115,65,83,63,65,https://raw.githubusercontent.com/PokeAPI/sprites/master/sprites/pokemon/354.png
354,1,banette,mega,ジュペッタ（メガシンカ）,じゅぺった（めがしんか）,ゴースト,,64,165,75,93,83,75,https://raw.githubusercontent.com/PokeAPI/sprites/master/sprites/pokemon/10056.png
355,0,duskull,default,ヨマワル,よまわる,ゴースト,,20,40,90,30,90,25,https://raw.githubusercontent.com/PokeAPI/sprites/master/sprites/pokemon/355.png
356,0,dusclops,default,サマヨール,さまよーる,ゴースト,,40,70,130,60,130,25,https://raw.githubusercontent.com/PokeAPI/sprites/master/sprites/pokemon/356.png
357,0,tropius,default,トロピウス,とろぴうす,くさ,ひこう,99,68,83,72,87,51,https://raw.githubusercontent.com/PokeAPI/sprites/master/sprites/pokemon/357.png
358,0,chimecho,default,チリーン,ちりーん,エスパー,,75,50,80,95,90,65,https://raw.githubusercontent.com/PokeAPI/sprites/master/sprites/pokemon/358.png
358,1,chimecho,mega,チリーン（メガシンカ）,ちりーん（めがしんか）,エスパー,はがね,75,50,110,135,120,65,
359,0,absol,default,アブソル,あぶそる,あく,,65,130,60,75,60,75,https://raw.githubusercontent.com/PokeAPI/sprites/master/sprites/pokemon/359.png
359,1,absol,mega,アブソル（メガシンカ）,あぶそる（めがしんか）,あく,,65,150,60,115,60,115,https://raw.githubusercontent.com/PokeAPI/sprites/master/sprites/pokemon/10057.png
359,2,absol,mega-z,アブソル（mega-z）,あぶそる（mega-z）,あく,ゴースト,65,154,60,75,60,151,
360,0,wynaut,default,ソーナノ,そーなの,エスパー,,95,23,48,23,48,23,https://raw.githubusercontent.com/PokeAPI/sprites/master/sprites/pokemon/360.png
361,0,snorunt,default,ユキワラシ,ゆきわらし,こおり,,50,50,50,50,50,50,https://raw.githubusercontent.com/PokeAPI/sprites/master/sprites/pokemon/361.png
362,0,glalie,default,オニゴーリ,おにごーり,こおり,,80,80,80,80,80,80,https://raw.githubusercontent.com/PokeAPI/sprites/master/sprites/pokemon/362.png
362,1,glalie,mega,オニゴーリ（メガシンカ）,おにごーり（めがしんか）,こおり,,80,120,80,120,80,100,https://raw.githubusercontent.com/PokeAPI/sprites/master/sprites/pokemon/10074.png
363,0,spheal,default,タマザラシ,たまざらし,こおり,みず,70,40,50,55,50,25,https://raw.githubusercontent.com/PokeAPI/sprites/master/sprites/pokemon/363.png
364,0,sealeo,default,トドグラー,とどぐらー,こおり,みず,90,60,70,75,70,45,https://raw.githubusercontent.com/PokeAPI/sprites/master/sprites/pokemon/364.png
365,0,walrein,default,トドゼルガ,とどぜるが,こおり,みず,110,80,90,95,90,65,https://raw.githubusercontent.com/PokeAPI/sprites/master/sprites/pokemon/365.png
366,0,clamperl,default,パールル,ぱーるる,みず,,35,64,85,74,55,32,https://raw.githubusercontent.com/PokeAPI/sprites/master/sprites/pokemon/366.png
367,0,huntail,default,ハンテール,はんてーる,みず,,55,104,105,94,75,52,https://raw.githubusercontent.com/PokeAPI/sprites/master/sprites/pokemon/367.png
368,0,gorebyss,default,サクラビス,さくらびす,みず,,55,84,105,114,75,52,https://raw.githubusercontent.com/PokeAPI/sprites/master/sprites/pokemon/368.png
369,0,relicanth,default,ジーランス,じーらんす,みず,いわ,100,90,130,45,65,55,https://raw.githubusercontent.com/PokeAPI/sprites/master/sprites/pokemon/369.png
370,0,luvdisc,default,ラブカス,らぶかす,みず,,43,30,55,40,65,97,https://raw.githubusercontent.com/PokeAPI/sprites/master/sprites/pokemon/370.png
371,0,bagon,default,タツベイ,たつべい,ドラゴン,,45,75,60,40,30,50,https://raw.githubusercontent.com/PokeAPI/sprites/master/sprites/pokemon/371.png
372,0,shelgon,default,コモルー,こもるー,ドラゴン,,65,95,100,60,50,50,https://raw.githubusercontent.com/PokeAPI/sprites/master/sprites/pokemon/372.png
373,0,salamence,default,ボーマンダ,ぼーまんだ,ドラゴン,ひこう,95,135,80,110,80,100,https://raw.githubusercontent.com/PokeAPI/sprites/master/sprites/pokemon/373.png
373,1,salamence,mega,ボーマンダ（メガシンカ）,ぼーまんだ（めがしんか）,ドラゴン,ひこう,95,145,130,120,90,120,https://raw.githubusercontent.com/PokeAPI/sprites/master/sprites/pokemon/10089.png
374,0,beldum,default,ダンバル,だんばる,はがね,エスパー,40,55,80,35,60,30,https://raw.githubusercontent.com/PokeAPI/sprites/master/sprites/pokemon/374.png
375,0,metang,default,メタング,めたんぐ,はがね,エスパー,60,75,100,55,80,50,https://raw.githubusercontent.com/PokeAPI/sprites/master/sprites/pokemon/375.png
376,0,metagross,default,メタグロス,めたぐろす,はがね,エスパー,80,135,130,95,90,70,https://raw.githubusercontent.com/PokeAPI/sprites/master/sprites/pokemon/376.png
376,1,metagross,mega,メタグロス（メガシンカ）,めたぐろす（めがしんか）,はがね,エスパー,80,145,150,105,110,110,https://raw.githubusercontent.com/PokeAPI/sprites/master/sprites/pokemon/10076.png
377,0,regirock,default,レジロック,れじろっく,いわ,,80,100,200,50,100,50,https://raw.githubusercontent.com/PokeAPI/sprites/master/sprites/pokemon/377.png
378,0,regice,default,レジアイス,れじあいす,こおり,,80,50,100,100,200,50,https://raw.githubusercontent.com/PokeAPI/sprites/master/sprites/pokemon/378.png
379,0,registeel,default,レジスチル,れじすちる,はがね,,80,75,150,75,150,50,https://raw.githubusercontent.com/PokeAPI/sprites/master/sprites/pokemon/379.png
380,0,latias,default,ラティアス,らてぃあす,ドラゴン,エスパー,80,80,90,110,130,110,https://raw.githubusercontent.com/PokeAPI/sprites/master/sprites/pokemon/380.png
380,1,latias,mega,ラティアス（メガシンカ）,らてぃあす（めがしんか）,ドラゴン,エスパー,80,100,120,140,150,110,https://raw.githubusercontent.com/PokeAPI/sprites/master/sprites/pokemon/10062.png
381,0,latios,default,ラティオス,らてぃおす,ドラゴン,エスパー,80,90,80,130,110,110,https://raw.githubusercontent.com/PokeAPI/sprites/master/sprites/pokemon/381.png
381,1,latios,mega,ラティオス（メガシンカ）,らてぃおす（めがしんか）,ドラゴン,エスパー,80,130,100,160,120,110,https://raw.githubusercontent.com/PokeAPI/sprites/master/sprites/pokemon/10063.png
382,0,kyogre,default,カイオーガ,かいおーが,みず,,100,100,90,150,140,90,https://raw.githubusercontent.com/PokeAPI/sprites/master/sprites/pokemon/382.png
382,1,kyogre,primal,カイオーガ（primal）,かいおーが（primal）,みず,,100,150,90,180,160,90,https://raw.githubusercontent.com/PokeAPI/sprites/master/sprites/pokemon/10077.png
383,0,groudon,default,グラードン,ぐらーどん,じめん,,100,150,140,100,90,90,https://raw.githubusercontent.com/PokeAPI/sprites/master/sprites/pokemon/383.png
383,1,groudon,primal,グラードン（primal）,ぐらーどん（primal）,じめん,ほのお,100,180,160,150,90,90,https://raw.githubusercontent.com/PokeAPI/sprites/master/sprites/pokemon/10078.png
384,0,rayquaza,default,レックウザ,れっくうざ,ドラゴン,ひこう,105,150,90,150,90,95,https://raw.githubusercontent.com/PokeAPI/sprites/master/sprites/pokemon/384.png
384,1,rayquaza,mega,レックウザ（メガシンカ）,れっくうざ（めがしんか）,ドラゴン,ひこう,105,180,100,180,100,115,https://raw.githubusercontent.com/PokeAPI/sprites/master/sprites/pokemon/10079.png
385,0,jirachi,default,ジラーチ,じらーち,はがね,エスパー,100,100,100,100,100,100,https://raw.githubusercontent.com/PokeAPI/sprites/master/sprites/pokemon/385.png
386,0,deoxys,default,デオキシス,でおきしす,エスパー,,50,150,50,150,50,150,https://raw.githubusercontent.com/PokeAPI/sprites/master/sprites/pokemon/386.png
386,1,deoxys,attack,デオキシス（attack）,でおきしす（attack）,エスパー,,50,180,20,180,20,150,https://raw.githubusercontent.com/PokeAPI/sprites/master/sprites/pokemon/10001.png
386,2,deoxys,defense,デオキシス（defense）,でおきしす（defense）,エスパー,,50,70,160,70,160,90,https://raw.githubusercontent.com/PokeAPI/sprites/master/sprites/pokemon/10002.png
386,3,deoxys,speed,デオキシス（speed）,でおきしす（speed）,エスパー,,50,95,90,95,90,180,https://raw.githubusercontent.com/PokeAPI/sprites/master/sprites/pokemon/10003.png
387,0,turtwig,default,ナエトル,なえとる,くさ,,55,68,64,45,55,31,https://raw.githubusercontent.com/PokeAPI/sprites/master/sprites/pokemon/387.png
388,0,grotle,default,ハヤシガメ,はやしがめ,くさ,,75,89,85,55,65,36,https://raw.githubusercontent.com/PokeAPI/sprites/master/sprites/pokemon/388.png
389,0,torterra,default,ドダイトス,どだいとす,くさ,じめん,95,109,105,75,85,56,https://raw.githubusercontent.com/PokeAPI/sprites/master/sprites/pokemon/389.png
390,0,chimchar,default,ヒコザル,ひこざる,ほのお,,44,58,44,58,44,61,https://raw.githubusercontent.com/PokeAPI/sprites/master/sprites/pokemon/390.png
391,0,monferno,default,モウカザル,もうかざる,ほのお,かくとう,64,78,52,78,52,81,https://raw.githubusercontent.com/PokeAPI/sprites/master/sprites/pokemon/391.png
392,0,infernape,default,ゴウカザル,ごうかざる,ほのお,かくとう,76,104,71,104,71,108,https://raw.githubusercontent.com/PokeAPI/sprites/master/sprites/pokemon/392.png
393,0,piplup,default,ポッチャマ,ぽっちゃま,みず,,53,51,53,61,56,40,https://raw.githubusercontent.com/PokeAPI/sprites/master/sprites/pokemon/393.png
394,0,prinplup,default,ポッタイシ,ぽったいし,みず,,64,66,68,81,76,50,https://raw.githubusercontent.com/PokeAPI/sprites/master/sprites/pokemon/394.png
395,0,empoleon,default,エンペルト,えんぺると,みず,はがね,84,86,88,111,101,60,https://raw.githubusercontent.com/PokeAPI/sprites/master/sprites/pokemon/395.png
396,0,starly,default,ムックル,むっくる,ノーマル,ひこう,40,55,30,30,30,60,https://raw.githubusercontent.com/PokeAPI/sprites/master/sprites/pokemon/396.png
397,0,staravia,default,ムクバード,むくばーど,ノーマル,ひこう,55,75,50,40,40,80,https://raw.githubusercontent.com/PokeAPI/sprites/master/sprites/pokemon/397.png
398,0,staraptor,default,ムクホーク,むくほーく,ノーマル,ひこう,85,120,70,50,60,100,https://raw.githubusercontent.com/PokeAPI/sprites/master/sprites/pokemon/398.png
398,1,staraptor,mega,ムクホーク（メガシンカ）,むくほーく（めがしんか）,かくとう,ひこう,85,140,100,60,90,110,
399,0,bidoof,default,ビッパ,びっぱ,ノーマル,,59,45,40,35,40,31,https://raw.githubusercontent.com/PokeAPI/sprites/master/sprites/pokemon/399.png
400,0,bibarel,default,ビーダル,びーだる,ノーマル,みず,79,85,60,55,60,71,https://raw.githubusercontent.com/PokeAPI/sprites/master/sprites/pokemon/400.png
401,0,kricketot,default,コロボーシ,ころぼーし,むし,,37,25,41,25,41,25,https://raw.githubusercontent.com/PokeAPI/sprites/master/sprites/pokemon/401.png
402,0,kricketune,default,コロトック,ころとっく,むし,,77,85,51,55,51,65,https://raw.githubusercontent.com/PokeAPI/sprites/master/sprites/pokemon/402.png
403,0,shinx,default,コリンク,こりんく,でんき,,45,65,34,40,34,45,https://raw.githubusercontent.com/PokeAPI/sprites/master/sprites/pokemon/403.png
404,0,luxio,default,ルクシオ,るくしお,でんき,,60,85,49,60,49,60,https://raw.githubusercontent.com/PokeAPI/sprites/master/sprites/pokemon/404.png
405,0,luxray,default,レントラー,れんとらー,でんき,,80,120,79,95,79,70,https://raw.githubusercontent.com/PokeAPI/sprites/master/sprites/pokemon/405.png
406,0,budew,default,スボミー,すぼみー,くさ,どく,40,30,35,50,70,55,https://raw.githubusercontent.com/PokeAPI/sprites/master/sprites/pokemon/406.png
407,0,roserade,default,ロズレイド,ろずれいど,くさ,どく,60,70,65,125,105,90,https://raw.githubusercontent.com/PokeAPI/sprites/master/sprites/pokemon/407.png
408,0,cranidos,default,ズガイドス,ずがいどす,いわ,,67,125,40,30,30,58,https://raw.githubusercontent.com/PokeAPI/sprites/master/sprites/pokemon/408.png
409,0,rampardos,default,ラムパルド,らむぱるど,いわ,,97,165,60,65,50,58,https://raw.githubusercontent.com/PokeAPI/sprites/master/sprites/pokemon/409.png
410,0,shieldon,default,タテトプス,たてとぷす,いわ,はがね,30,42,118,42,88,30,https://raw.githubusercontent.com/PokeAPI/sprites/master/sprites/pokemon/410.png
411,0,bastiodon,default,トリデプス,とりでぷす,いわ,はがね,60,52,168,47,138,30,https://raw.githubusercontent.com/PokeAPI/sprites/master/sprites/pokemon/411.png
412,0,burmy,default,ミノムッチ,みのむっち,むし,,40,29,45,29,45,36,https://raw.githubusercontent.com/PokeAPI/sprites/master/sprites/pokemon/412.png
413,0,wormadam,default,ミノマダム,みのまだむ,むし,くさ,60,59,85,79,105,36,https://raw.githubusercontent.com/PokeAPI/sprites/master/sprites/pokemon/413.png
413,1,wormadam,sandy,ミノマダム（sandy）,みのまだむ（sandy）,むし,じめん,60,79,105,59,85,36,https://raw.githubusercontent.com/PokeAPI/sprites/master/sprites/pokemon/10004.png
413,2,wormadam,trash,ミノマダム（trash）,みのまだむ（trash）,むし,はがね,60,69,95,69,95,36,https://raw.githubusercontent.com/PokeAPI/sprites/master/sprites/pokemon/10005.png
414,0,mothim,default,ガーメイル,がーめいる,むし,ひこう,70,94,50,94,50,66,https://raw.githubusercontent.com/PokeAPI/sprites/master/sprites/pokemon/414.png
415,0,combee,default,ミツハニー,みつはにー,むし,ひこう,30,30,42,30,42,70,https://raw.githubusercontent.com/PokeAPI/sprites/master/sprites/pokemon/415.png
416,0,vespiquen,default,ビークイン,びーくいん,むし,ひこう,70,80,102,80,102,40,https://raw.githubusercontent.com/PokeAPI/sprites/master/sprites/pokemon/416.png
417,0,pachirisu,default,パチリス,ぱちりす,でんき,,60,45,70,45,90,95,https://raw.githubusercontent.com/PokeAPI/sprites/master/sprites/pokemon/417.png
418,0,buizel,default,ブイゼル,ぶいぜる,みず,,55,65,35,60,30,85,https://raw.githubusercontent.com/PokeAPI/sprites/master/sprites/pokemon/418.png
419,0,floatzel,default,フローゼル,ふろーぜる,みず,,85,105,55,85,50,115,https://raw.githubusercontent.com/PokeAPI/sprites/master/sprites/pokemon/419.png
420,0,cherubi,default,チェリンボ,ちぇりんぼ,くさ,,45,35,45,62,53,35,https://raw.githubusercontent.com/PokeAPI/sprites/master/sprites/pokemon/420.png
421,0,cherrim,default,チェリム,ちぇりむ,くさ,,70,60,70,87,78,85,https://raw.githubusercontent.com/PokeAPI/sprites/master/sprites/pokemon/421.png
422,0,shellos,default,カラナクシ,からなくし,みず,,76,48,48,57,62,34,https://raw.githubusercontent.com/PokeAPI/sprites/master/sprites/pokemon/422.png
423,0,gastrodon,default,トリトドン,とりとどん,みず,じめん,111,83,68,92,82,39,https://raw.githubusercontent.com/PokeAPI/sprites/master/sprites/pokemon/423.png
424,0,ambipom,default,エテボース,えてぼーす,ノーマル,,75,100,66,60,66,115,https://raw.githubusercontent.com/PokeAPI/sprites/master/sprites/pokemon/424.png
425,0,drifloon,default,フワンテ,ふわんて,ゴースト,ひこう,90,50,34,60,44,70,https://raw.githubusercontent.com/PokeAPI/sprites/master/sprites/pokemon/425.png
426,0,drifblim,default,フワライド,ふわらいど,ゴースト,ひこう,150,80,44,90,54,80,https://raw.githubusercontent.com/PokeAPI/sprites/master/sprites/pokemon/426.png
427,0,buneary,default,ミミロル,みみろる,ノーマル,,55,66,44,44,56,85,https://raw.githubusercontent.com/PokeAPI/sprites/master/sprites/pokemon/427.png
428,0,lopunny,default,ミミロップ,みみろっぷ,ノーマル,,65,76,84,54,96,105,https://raw.githubusercontent.com/PokeAPI/sprites/master/sprites/pokemon/428.png
428,1,lopunny,mega,ミミロップ（メガシンカ）,みみろっぷ（めがしんか）,ノーマル,かくとう,65,136,94,54,96,135,https://raw.githubusercontent.com/PokeAPI/sprites/master/sprites/pokemon/10088.png
429,0,mismagius,default,ムウマージ,むうまーじ,ゴースト,,60,60,60,105,105,105,https://raw.githubusercontent.com/PokeAPI/sprites/master/sprites/pokemon/429.png
430,0,honchkrow,default,ドンカラス,どんからす,あく,ひこう,100,125,52,105,52,71,https://raw.githubusercontent.com/PokeAPI/sprites/master/sprites/pokemon/430.png
431,0,glameow,default,ニャルマー,にゃるまー,ノーマル,,49,55,42,42,37,85,https://raw.githubusercontent.com/PokeAPI/sprites/master/sprites/pokemon/431.png
432,0,purugly,default,ブニャット,ぶにゃっと,ノーマル,,71,82,64,64,59,112,https://raw.githubusercontent.com/PokeAPI/sprites/master/sprites/pokemon/432.png
433,0,chingling,default,リーシャン,りーしゃん,エスパー,,45,30,50,65,50,45,https://raw.githubusercontent.com/PokeAPI/sprites/master/sprites/pokemon/433.png
434,0,stunky,default,スカンプー,すかんぷー,どく,あく,63,63,47,41,41,74,https://raw.githubusercontent.com/PokeAPI/sprites/master/sprites/pokemon/434.png
435,0,skuntank,default,スカタンク,すかたんく,どく,あく,103,93,67,71,61,84,https://raw.githubusercontent.com/PokeAPI/sprites/master/sprites/pokemon/435.png
436,0,bronzor,default,ドーミラー,どーみらー,はがね,エスパー,57,24,86,24,86,23,https://raw.githubusercontent.com/PokeAPI/sprites/master/sprites/pokemon/436.png
437,0,bronzong,default,ドータクン,どーたくん,はがね,エスパー,67,89,116,79,116,33,https://raw.githubusercontent.com/PokeAPI/sprites/master/sprites/pokemon/437.png
438,0,bonsly,default,ウソハチ,うそはち,いわ,,50,80,95,10,45,10,https://raw.githubusercontent.com/PokeAPI/sprites/master/sprites/pokemon/438.png
439,0,mime-jr,default,マネネ,まねね,エスパー,フェアリー,20,25,45,70,90,60,https://raw.githubusercontent.com/PokeAPI/sprites/master/sprites/pokemon/439.png
440,0,happiny,default,ピンプク,ぴんぷく,ノーマル,,100,5,5,15,65,30,https://raw.githubusercontent.com/PokeAPI/sprites/master/sprites/pokemon/440.png
441,0,chatot,default,ペラップ,ぺらっぷ,ノーマル,ひこう,76,65,45,92,42,91,https://raw.githubusercontent.com/PokeAPI/sprites/master/sprites/pokemon/441.png
442,0,spiritomb,default,ミカルゲ,みかるげ,ゴースト,あく,50,92,108,92,108,35,https://raw.githubusercontent.com/PokeAPI/sprites/master/sprites/pokemon/442.png
443,0,gible,default,フカマル,ふかまる,ドラゴン,じめん,58,70,45,40,45,42,https://raw.githubusercontent.com/PokeAPI/sprites/master/sprites/pokemon/443.png
444,0,gabite,default,ガバイト,がばいと,ドラゴン,じめん,68,90,65,50,55,82,https://raw.githubusercontent.com/PokeAPI/sprites/master/sprites/pokemon/444.png
445,0,garchomp,default,ガブリアス,がぶりあす,ドラゴン,じめん,108,130,95,80,85,102,https://raw.githubusercontent.com/PokeAPI/sprites/master/sprites/pokemon/445.png
445,1,garchomp,mega,ガブリアス（メガシンカ）,がぶりあす（めがしんか）,ドラゴン,じめん,108,170,115,120,95,92,https://raw.githubusercontent.com/PokeAPI/sprites/master/sprites/pokemon/10058.png
445,2,garchomp,mega-z,ガブリアス（mega-z）,がぶりあす（mega-z）,ドラゴン,,108,130,85,141,85,151,
446,0,munchlax,default,ゴンベ,ごんべ,ノーマル,,135,85,40,40,85,5,https://raw.githubusercontent.com/PokeAPI/sprites/master/sprites/pokemon/446.png
447,0,riolu,default,リオル,りおる,かくとう,,40,70,40,35,40,60,https://raw.githubusercontent.com/PokeAPI/sprites/master/sprites/pokemon/447.png
448,0,lucario,default,ルカリオ,るかりお,かくとう,はがね,70,110,70,115,70,90,https://raw.githubusercontent.com/PokeAPI/sprites/master/sprites/pokemon/448.png
448,1,lucario,mega,ルカリオ（メガシンカ）,るかりお（めがしんか）,かくとう,はがね,70,145,88,140,70,112,https://raw.githubusercontent.com/PokeAPI/sprites/master/sprites/pokemon/10059.png
448,2,lucario,mega-z,ルカリオ（mega-z）,るかりお（mega-z）,かくとう,はがね,70,100,70,164,70,151,
449,0,hippopotas,default,ヒポポタス,ひぽぽたす,じめん,,68,72,78,38,42,32,https://raw.githubusercontent.com/PokeAPI/sprites/master/sprites/pokemon/449.png
450,0,hippowdon,default,カバルドン,かばるどん,じめん,,108,112,118,68,72,47,https://raw.githubusercontent.com/PokeAPI/sprites/master/sprites/pokemon/450.png
451,0,skorupi,default,スコルピ,すこるぴ,どく,むし,40,50,90,30,55,65,https://raw.githubusercontent.com/PokeAPI/sprites/master/sprites/pokemon/451.png
452,0,drapion,default,ドラピオン,どらぴおん,どく,あく,70,90,110,60,75,95,https://raw.githubusercontent.com/PokeAPI/sprites/master/sprites/pokemon/452.png
453,0,croagunk,default,グレッグル,ぐれっぐる,どく,かくとう,48,61,40,61,40,50,https://raw.githubusercontent.com/PokeAPI/sprites/master/sprites/pokemon/453.png
454,0,toxicroak,default,ドクロッグ,どくろっぐ,どく,かくとう,83,106,65,86,65,85,https://raw.githubusercontent.com/PokeAPI/sprites/master/sprites/pokemon/454.png
455,0,carnivine,default,マスキッパ,ますきっぱ,くさ,,74,100,72,90,72,46,https://raw.githubusercontent.com/PokeAPI/sprites/master/sprites/pokemon/455.png
456,0,finneon,default,ケイコウオ,けいこうお,みず,,49,49,56,49,61,66,https://raw.githubusercontent.com/PokeAPI/sprites/master/sprites/pokemon/456.png
457,0,lumineon,default,ネオラント,ねおらんと,みず,,69,69,76,69,86,91,https://raw.githubusercontent.com/PokeAPI/sprites/master/sprites/pokemon/457.png
458,0,mantyke,default,タマンタ,たまんた,みず,ひこう,45,20,50,60,120,50,https://raw.githubusercontent.com/PokeAPI/sprites/master/sprites/pokemon/458.png
459,0,snover,default,ユキカブリ,ゆきかぶり,くさ,こおり,60,62,50,62,60,40,https://raw.githubusercontent.com/PokeAPI/sprites/master/sprites/pokemon/459.png
460,0,abomasnow,default,ユキノオー,ゆきのおー,くさ,こおり,90,92,75,92,85,60,https://raw.githubusercontent.com/PokeAPI/sprites/master/sprites/pokemon/460.png
460,1,abomasnow,mega,ユキノオー（メガシンカ）,ゆきのおー（めがしんか）,くさ,こおり,90,132,105,132,105,30,https://raw.githubusercontent.com/PokeAPI/sprites/master/sprites/pokemon/10060.png
461,0,weavile,default,マニューラ,まにゅーら,あく,こおり,70,120,65,45,85,125,https://raw.githubusercontent.com/PokeAPI/sprites/master/sprites/pokemon/461.png
462,0,magnezone,default,ジバコイル,じばこいる,でんき,はがね,70,70,115,130,90,60,https://raw.githubusercontent.com/PokeAPI/sprites/master/sprites/pokemon/462.png
463,0,lickilicky,default,ベロベルト,べろべると,ノーマル,,110,85,95,80,95,50,https://raw.githubusercontent.com/PokeAPI/sprites/master/sprites/pokemon/463.png
464,0,rhyperior,default,ドサイドン,どさいどん,じめん,いわ,115,140,130,55,55,40,https://raw.githubusercontent.com/PokeAPI/sprites/master/sprites/pokemon/464.png
465,0,tangrowth,default,モジャンボ,もじゃんぼ,くさ,,100,100,125,110,50,50,https://raw.githubusercontent.com/PokeAPI/sprites/master/sprites/pokemon/465.png
466,0,electivire,default,エレキブル,えれきぶる,でんき,,75,123,67,95,85,95,https://raw.githubusercontent.com/PokeAPI/sprites/master/sprites/pokemon/466.png
467,0,magmortar,default,ブーバーン,ぶーばーん,ほのお,,75,95,67,125,95,83,https://raw.githubusercontent.com/PokeAPI/sprites/master/sprites/pokemon/467.png
468,0,togekiss,default,トゲキッス,とげきっす,フェアリー,ひこう,85,50,95,120,115,80,https://raw.githubusercontent.com/PokeAPI/sprites/master/sprites/pokemon/468.png
469,0,yanmega,default,メガヤンマ,めがやんま,むし,ひこう,86,76,86,116,56,95,https://raw.githubusercontent.com/PokeAPI/sprites/master/sprites/pokemon/469.png
470,0,leafeon,default,リーフィア,りーふぃあ,くさ,,65,110,130,60,65,95,https://raw.githubusercontent.com/PokeAPI/sprites/master/sprites/pokemon/470.png
471,0,glaceon,default,グレイシア,ぐれいしあ,こおり,,65,60,110,130,95,65,https://raw.githubusercontent.com/PokeAPI/sprites/master/sprites/pokemon/471.png
472,0,gliscor,default,グライオン,ぐらいおん,じめん,ひこう,75,95,125,45,75,95,https://raw.githubusercontent.com/PokeAPI/sprites/master/sprites/pokemon/472.png
473,0,mamoswine,default,マンムー,まんむー,こおり,じめん,110,130,80,70,60,80,https://raw.githubusercontent.com/PokeAPI/sprites/master/sprites/pokemon/473.png
474,0,porygon-z,default,ポリゴンＺ,ぽりごんＺ,ノーマル,,85,80,70,135,75,90,https://raw.githubusercontent.com/PokeAPI/sprites/master/sprites/pokemon/474.png
475,0,gallade,default,エルレイド,えるれいど,エスパー,かくとう,68,125,65,65,115,80,https://raw.githubusercontent.com/PokeAPI/sprites/master/sprites/pokemon/475.png
475,1,gallade,mega,エルレイド（メガシンカ）,えるれいど（めがしんか）,エスパー,かくとう,68,165,95,65,115,110,https://raw.githubusercontent.com/PokeAPI/sprites/master/sprites/pokemon/10068.png
476,0,probopass,default,ダイノーズ,だいのーず,いわ,はがね,60,55,145,75,150,40,https://raw.githubusercontent.com/PokeAPI/sprites/master/sprites/pokemon/476.png
477,0,dusknoir,default,ヨノワール,よのわーる,ゴースト,,45,100,135,65,135,45,https://raw.githubusercontent.com/PokeAPI/sprites/master/sprites/pokemon/477.png
478,0,froslass,default,ユキメノコ,ゆきめのこ,こおり,ゴースト,70,80,70,80,70,110,https://raw.githubusercontent.com/PokeAPI/sprites/master/sprites/pokemon/478.png
478,1,froslass,mega,ユキメノコ（メガシンカ）,ゆきめのこ（めがしんか）,こおり,ゴースト,70,80,70,140,100,120,
479,0,rotom,default,ロトム,ろとむ,でんき,ゴースト,50,50,77,95,77,91,https://raw.githubusercontent.com/PokeAPI/sprites/master/sprites/pokemon/479.png
479,1,rotom,heat,ロトム（ヒート）,ろとむ（ひーと）,でんき,ほのお,50,65,107,105,107,86,https://raw.githubusercontent.com/PokeAPI/sprites/master/sprites/pokemon/10008.png
479,2,rotom,wash,ロトム（ウォッシュ）,ろとむ（うぉっしゅ）,でんき,みず,50,65,107,105,107,86,https://raw.githubusercontent.com/PokeAPI/sprites/master/sprites/pokemon/10009.png
479,3,rotom,frost,ロトム（フロスト）,ろとむ（ふろすと）,でんき,こおり,50,65,107,105,107,86,https://raw.githubusercontent.com/PokeAPI/sprites/master/sprites/pokemon/10010.png
479,4,rotom,fan,ロトム（スピン）,ろとむ（すぴん）,でんき,ひこう,50,65,107,105,107,86,https://raw.githubusercontent.com/PokeAPI/sprites/master/sprites/pokemon/10011.png
479,5,rotom,mow,ロトム（カット）,ろとむ（かっと）,でんき,くさ,50,65,107,105,107,86,https://raw.githubusercontent.com/PokeAPI/sprites/master/sprites/pokemon/10012.png
480,0,uxie,default,ユクシー,ゆくしー,エスパー,,75,75,130,75,130,95,https://raw.githubusercontent.com/PokeAPI/sprites/master/sprites/pokemon/480.png
481,0,mesprit,default,エムリット,えむりっと,エスパー,,80,105,105,105,105,80,https://raw.githubusercontent.com/PokeAPI/sprites/master/sprites/pokemon/481.png
482,0,azelf,default,アグノム,あぐのむ,エスパー,,75,125,70,125,70,115,https://raw.githubusercontent.com/PokeAPI/sprites/master/sprites/pokemon/482.png
483,0,dialga,default,ディアルガ,でぃあるが,はがね,ドラゴン,100,120,120,150,100,90,https://raw.githubusercontent.com/PokeAPI/sprites/master/sprites/pokemon/483.png
483,1,dialga,origin,ディアルガ（origin）,でぃあるが（origin）,はがね,ドラゴン,100,100,120,150,120,90,https://raw.githubusercontent.com/PokeAPI/sprites/master/sprites/pokemon/10245.png
484,0,palkia,default,パルキア,ぱるきあ,みず,ドラゴン,90,120,100,150,120,100,https://raw.githubusercontent.com/PokeAPI/sprites/master/sprites/pokemon/484.png
484,1,palkia,origin,パルキア（origin）,ぱるきあ（origin）,みず,ドラゴン,90,100,100,150,120,120,https://raw.githubusercontent.com/PokeAPI/sprites/master/sprites/pokemon/10246.png
485,0,heatran,default,ヒードラン,ひーどらん,ほのお,はがね,91,90,106,130,106,77,https://raw.githubusercontent.com/PokeAPI/sprites/master/sprites/pokemon/485.png
485,1,heatran,mega,ヒードラン（メガシンカ）,ひーどらん（めがしんか）,ほのお,はがね,91,120,106,175,141,67,
486,0,regigigas,default,レジギガス,れじぎがす,ノーマル,,110,160,110,80,110,100,https://raw.githubusercontent.com/PokeAPI/sprites/master/sprites/pokemon/486.png
487,0,giratina,default,ギラティナ,ぎらてぃな,ゴースト,ドラゴン,150,100,120,100,120,90,https://raw.githubusercontent.com/PokeAPI/sprites/master/sprites/pokemon/487.png
487,1,giratina,origin,ギラティナ（origin）,ぎらてぃな（origin）,ゴースト,ドラゴン,150,120,100,120,100,90,https://raw.githubusercontent.com/PokeAPI/sprites/master/sprites/pokemon/10007.png
488,0,cresselia,default,クレセリア,くれせりあ,エスパー,,120,70,110,75,120,85,https://raw.githubusercontent.com/PokeAPI/sprites/master/sprites/pokemon/488.png
489,0,phione,default,フィオネ,ふぃおね,みず,,80,80,80,80,80,80,https://raw.githubusercontent.com/PokeAPI/sprites/master/sprites/pokemon/489.png
490,0,manaphy,default,マナフィ,まなふぃ,みず,,100,100,100,100,100,100,https://raw.githubusercontent.com/PokeAPI/sprites/master/sprites/pokemon/490.png
491,0,darkrai,default,ダークライ,だーくらい,あく,,70,90,90,135,90,125,https://raw.githubusercontent.com/PokeAPI/sprites/master/sprites/pokemon/491.png
491,1,darkrai,mega,ダークライ（メガシンカ）,だーくらい（めがしんか）,あく,,70,120,130,165,130,85,
492,0,shaymin,default,シェイミ,しぇいみ,くさ,,100,100,100,100,100,100,https://raw.githubusercontent.com/PokeAPI/sprites/master/sprites/pokemon/492.png
492,1,shaymin,sky,シェイミ（sky）,しぇいみ（sky）,くさ,ひこう,100,103,75,120,75,127,https://raw.githubusercontent.com/PokeAPI/sprites/master/sprites/pokemon/10006.png
493,0,arceus,default,アルセウス,あるせうす,ノーマル,,120,120,120,120,120,120,https://raw.githubusercontent.com/PokeAPI/sprites/master/sprites/pokemon/493.png
494,0,victini,default,ビクティニ,びくてぃに,エスパー,ほのお,100,100,100,100,100,100,https://raw.githubusercontent.com/PokeAPI/sprites/master/sprites/pokemon/494.png
495,0,snivy,default,ツタージャ,つたーじゃ,くさ,,45,45,55,45,55,63,https://raw.githubusercontent.com/PokeAPI/sprites/master/sprites/pokemon/495.png
496,0,servine,default,ジャノビー,じゃのびー,くさ,,60,60,75,60,75,83,https://raw.githubusercontent.com/PokeAPI/sprites/master/sprites/pokemon/496.png
497,0,serperior,default,ジャローダ,じゃろーだ,くさ,,75,75,95,75,95,113,https://raw.githubusercontent.com/PokeAPI/sprites/master/sprites/pokemon/497.png
498,0,tepig,default,ポカブ,ぽかぶ,ほのお,,65,63,45,45,45,45,https://raw.githubusercontent.com/PokeAPI/sprites/master/sprites/pokemon/498.png
499,0,pignite,default,チャオブー,ちゃおぶー,ほのお,かくとう,90,93,55,70,55,55,https://raw.githubusercontent.com/PokeAPI/sprites/master/sprites/pokemon/499.png
500,0,emboar,default,エンブオー,えんぶおー,ほのお,かくとう,110,123,65,100,65,65,https://raw.githubusercontent.com/PokeAPI/sprites/master/sprites/pokemon/500.png
500,1,emboar,mega,エンブオー（メガシンカ）,えんぶおー（めがしんか）,ほのお,かくとう,110,148,75,110,110,75,
501,0,oshawott,default,ミジュマル,みじゅまる,みず,,55,55,45,63,45,45,https://raw.githubusercontent.com/PokeAPI/sprites/master/sprites/pokemon/501.png
502,0,dewott,default,フタチマル,ふたちまる,みず,,75,75,60,83,60,60,https://raw.githubusercontent.com/PokeAPI/sprites/master/sprites/pokemon/502.png
503,0,samurott,default,ダイケンキ,だいけんき,みず,,95,100,85,108,70,70,https://raw.githubusercontent.com/PokeAPI/sprites/master/sprites/pokemon/503.png
503,1,samurott,hisui,ダイケンキ（ヒスイのすがた）,だいけんき（ひすいのすがた）,みず,あく,90,108,80,100,65,85,https://raw.githubusercontent.com/PokeAPI/sprites/master/sprites/pokemon/10236.png
504,0,patrat,default,ミネズミ,みねずみ,ノーマル,,45,55,39,35,39,42,https://raw.githubusercontent.com/PokeAPI/sprites/master/sprites/pokemon/504.png
505,0,watchog,default,ミルホッグ,みるほっぐ,ノーマル,,60,85,69,60,69,77,https://raw.githubusercontent.com/PokeAPI/sprites/master/sprites/pokemon/505.png
506,0,lillipup,default,ヨーテリー,よーてりー,ノーマル,,45,60,45,25,45,55,https://raw.githubusercontent.com/PokeAPI/sprites/master/sprites/pokemon/506.png
507,0,herdier,default,ハーデリア,はーでりあ,ノーマル,,65,80,65,35,65,60,https://raw.githubusercontent.com/PokeAPI/sprites/master/sprites/pokemon/507.png
508,0,stoutland,default,ムーランド,むーらんど,ノーマル,,85,110,90,45,90,80,https://raw.githubusercontent.com/PokeAPI/sprites/master/sprites/pokemon/508.png
509,0,purrloin,default,チョロネコ,ちょろねこ,あく,,41,50,37,50,37,66,https://raw.githubusercontent.com/PokeAPI/sprites/master/sprites/pokemon/509.png
510,0,liepard,default,レパルダス,れぱるだす,あく,,64,88,50,88,50,106,https://raw.githubusercontent.com/PokeAPI/sprites/master/sprites/pokemon/510.png
511,0,pansage,default,ヤナップ,やなっぷ,くさ,,50,53,48,53,48,64,https://raw.githubusercontent.com/PokeAPI/sprites/master/sprites/pokemon/511.png
512,0,simisage,default,ヤナッキー,やなっきー,くさ,,75,98,63,98,63,101,https://raw.githubusercontent.com/PokeAPI/sprites/master/sprites/pokemon/512.png
513,0,pansear,default,バオップ,ばおっぷ,ほのお,,50,53,48,53,48,64,https://raw.githubusercontent.com/PokeAPI/sprites/master/sprites/pokemon/513.png
514,0,simisear,default,バオッキー,ばおっきー,ほのお,,75,98,63,98,63,101,https://raw.githubusercontent.com/PokeAPI/sprites/master/sprites/pokemon/514.png
515,0,panpour,default,ヒヤップ,ひやっぷ,みず,,50,53,48,53,48,64,https://raw.githubusercontent.com/PokeAPI/sprites/master/sprites/pokemon/515.png
516,0,simipour,default,ヒヤッキー,ひやっきー,みず,,75,98,63,98,63,101,https://raw.githubusercontent.com/PokeAPI/sprites/master/sprites/pokemon/516.png
517,0,munna,default,ムンナ,むんな,エスパー,,76,25,45,67,55,24,https://raw.githubusercontent.com/PokeAPI/sprites/master/sprites/pokemon/517.png
518,0,musharna,default,ムシャーナ,むしゃーな,エスパー,,116,55,85,107,95,29,https://raw.githubusercontent.com/PokeAPI/sprites/master/sprites/pokemon/518.png
519,0,pidove,default,マメパト,まめぱと,ノーマル,ひこう,50,55,50,36,30,43,https://raw.githubusercontent.com/PokeAPI/sprites/master/sprites/pokemon/519.png
520,0,tranquill,default,ハトーボー,はとーぼー,ノーマル,ひこう,62,77,62,50,42,65,https://raw.githubusercontent.com/PokeAPI/sprites/master/sprites/pokemon/520.png
521,0,unfezant,default,ケンホロウ,けんほろう,ノーマル,ひこう,80,115,80,65,55,93,https://raw.githubusercontent.com/PokeAPI/sprites/master/sprites/pokemon/521.png
522,0,blitzle,default,シママ,しまま,でんき,,45,60,32,50,32,76,https://raw.githubusercontent.com/PokeAPI/sprites/master/sprites/pokemon/522.png
523,0,zebstrika,default,ゼブライカ,ぜぶらいか,でんき,,75,100,63,80,63,116,https://raw.githubusercontent.com/PokeAPI/sprites/master/sprites/pokemon/523.png
524,0,roggenrola,default,ダンゴロ,だんごろ,いわ,,55,75,85,25,25,15,https://raw.githubusercontent.com/PokeAPI/sprites/master/sprites/pokemon/524.png
525,0,boldore,default,ガントル,がんとる,いわ,,70,105,105,50,40,20,https://raw.githubusercontent.com/PokeAPI/sprites/master/sprites/pokemon/525.png
526,0,gigalith,default,ギガイアス,ぎがいあす,いわ,,85,135,130,60,80,25,https://raw.githubusercontent.com/PokeAPI/sprites/master/sprites/pokemon/526.png
527,0,woobat,default,コロモリ,ころもり,エスパー,ひこう,65,45,43,55,43,72,https://raw.githubusercontent.com/PokeAPI/sprites/master/sprites/pokemon/527.png
528,0,swoobat,default,ココロモリ,こころもり,エスパー,ひこう,67,57,55,77,55,114,https://raw.githubusercontent.com/PokeAPI/sprites/master/sprites/pokemon/528.png
529,0,drilbur,default,モグリュー,もぐりゅー,じめん,,60,85,40,30,45,68,https://raw.githubusercontent.com/PokeAPI/sprites/master/sprites/pokemon/529.png
530,0,excadrill,default,ドリュウズ,どりゅうず,じめん,はがね,110,135,60,50,65,88,https://raw.githubusercontent.com/PokeAPI/sprites/master/sprites/pokemon/530.png
530,1,excadrill,mega,ドリュウズ（メガシンカ）,どりゅうず（めがしんか）,じめん,はがね,110,165,100,65,65,103,
531,0,audino,default,タブンネ,たぶんね,ノーマル,,103,60,86,60,86,50,https://raw.githubusercontent.com/PokeAPI/sprites/master/sprites/pokemon/531.png
531,1,audino,mega,タブンネ（メガシンカ）,たぶんね（めがしんか）,ノーマル,フェアリー,103,60,126,80,126,50,https://raw.githubusercontent.com/PokeAPI/sprites/master/sprites/pokemon/10069.png
532,0,timburr,default,ドッコラー,どっこらー,かくとう,,75,80,55,25,35,35,https://raw.githubusercontent.com/PokeAPI/sprites/master/sprites/pokemon/532.png
533,0,gurdurr,default,ドテッコツ,どてっこつ,かくとう,,85,105,85,40,50,40,https://raw.githubusercontent.com/PokeAPI/sprites/master/sprites/pokemon/533.png
534,0,conkeldurr,default,ローブシン,ろーぶしん,かくとう,,105,140,95,55,65,45,https://raw.githubusercontent.com/PokeAPI/sprites/master/sprites/pokemon/534.png
535,0,tympole,default,オタマロ,おたまろ,みず,,50,50,40,50,40,64,https://raw.githubusercontent.com/PokeAPI/sprites/master/sprites/pokemon/535.png
536,0,palpitoad,default,ガマガル,がまがる,みず,じめん,75,65,55,65,55,69,https://raw.githubusercontent.com/PokeAPI/sprites/master/sprites/pokemon/536.png
537,0,seismitoad,default,ガマゲロゲ,がまげろげ,みず,じめん,105,95,75,85,75,74,https://raw.githubusercontent.com/PokeAPI/sprites/master/sprites/pokemon/537.png
538,0,throh,default,ナゲキ,なげき,かくとう,,120,100,85,30,85,45,https://raw.githubusercontent.com/PokeAPI/sprites/master/sprites/pokemon/538.png
539,0,sawk,default,ダゲキ,だげき,かくとう,,75,125,75,30,75,85,https://raw.githubusercontent.com/PokeAPI/sprites/master/sprites/pokemon/539.png
540,0,sewaddle,default,クルミル,くるみる,むし,くさ,45,53,70,40,60,42,https://raw.githubusercontent.com/PokeAPI/sprites/master/sprites/pokemon/540.png
541,0,swadloon,default,クルマユ,くるまゆ,むし,くさ,55,63,90,50,80,42,https://raw.githubusercontent.com/PokeAPI/sprites/master/sprites/pokemon/541.png
542,0,leavanny,default,ハハコモリ,ははこもり,むし,くさ,75,103,80,70,80,92,https://raw.githubusercontent.com/PokeAPI/sprites/master/sprites/pokemon/542.png
543,0,venipede,default,フシデ,ふしで,むし,どく,30,45,59,30,39,57,https://raw.githubusercontent.com/PokeAPI/sprites/master/sprites/pokemon/543.png
544,0,whirlipede,default,ホイーガ,ほいーが,むし,どく,40,55,99,40,79,47,https://raw.githubusercontent.com/PokeAPI/sprites/master/sprites/pokemon/544.png
545,0,scolipede,default,ペンドラー,ぺんどらー,むし,どく,60,100,89,55,69,112,https://raw.githubusercontent.com/PokeAPI/sprites/master/sprites/pokemon/545.png
545,1,scolipede,mega,ペンドラー（メガシンカ）,ぺんどらー（めがしんか）,むし,どく,60,140,149,75,99,62,
546,0,cottonee,default,モンメン,もんめん,くさ,フェアリー,40,27,60,37,50,66,https://raw.githubusercontent.com/PokeAPI/sprites/master/sprites/pokemon/546.png
547,0,whimsicott,default,エルフーン,えるふーん,くさ,フェアリー,60,67,85,77,75,116,https://raw.githubusercontent.com/PokeAPI/sprites/master/sprites/pokemon/547.png
548,0,petilil,default,チュリネ,ちゅりね,くさ,,45,35,50,70,50,30,https://raw.githubusercontent.com/PokeAPI/sprites/master/sprites/pokemon/548.png
549,0,lilligant,default,ドレディア,どれでぃあ,くさ,,70,60,75,110,75,90,https://raw.githubusercontent.com/PokeAPI/sprites/master/sprites/pokemon/549.png
549,1,lilligant,hisui,ドレディア（ヒスイのすがた）,どれでぃあ（ひすいのすがた）,くさ,かくとう,70,105,75,50,75,105,https://raw.githubusercontent.com/PokeAPI/sprites/master/sprites/pokemon/10237.png
550,0,basculin,default,バスラオ,ばすらお,みず,,70,92,65,80,55,98,https://raw.githubusercontent.com/PokeAPI/sprites/master/sprites/pokemon/550.png
550,1,basculin,blue-striped,バスラオ（blue-striped）,ばすらお（blue-striped）,みず,,70,92,65,80,55,98,https://raw.githubusercontent.com/PokeAPI/sprites/master/sprites/pokemon/10016.png
550,2,basculin,white-striped,バスラオ（white-striped）,ばすらお（white-striped）,みず,,70,92,65,80,55,98,https://raw.githubusercontent.com/PokeAPI/sprites/master/sprites/pokemon/10247.png
551,0,sandile,default,メグロコ,めぐろこ,じめん,あく,50,72,35,35,35,65,https://raw.githubusercontent.com/PokeAPI/sprites/master/sprites/pokemon/551.png
552,0,krokorok,default,ワルビル,わるびる,じめん,あく,60,82,45,45,45,74,https://raw.githubusercontent.com/PokeAPI/sprites/master/sprites/pokemon/552.png
553,0,krookodile,default,ワルビアル,わるびある,じめん,あく,95,117,80,65,70,92,https://raw.githubusercontent.com/PokeAPI/sprites/master/sprites/pokemon/553.png
554,0,darumaka,default,ダルマッカ,だるまっか,ほのお,,70,90,45,15,45,50,https://raw.githubusercontent.com/PokeAPI/sprites/master/sprites/pokemon/554.png
554,1,darumaka,galar,ダルマッカ（ガラルのすがた）,だるまっか（がらるのすがた）,こおり,,70,90,45,15,45,50,https://raw.githubusercontent.com/PokeAPI/sprites/master/sprites/pokemon/10176.png
555,0,darmanitan,default,ヒヒダルマ,ひひだるま,ほのお,,105,140,55,30,55,95,https://raw.githubusercontent.com/PokeAPI/sprites/master/sprites/pokemon/555.png
555,1,darmanitan,zen,ヒヒダルマ（zen）,ひひだるま（zen）,ほのお,エスパー,105,30,105,140,105,55,https://raw.githubusercontent.com/PokeAPI/sprites/master/sprites/pokemon/10017.png
555,2,darmanitan,galar-standard,ヒヒダルマ（galar-standard）,ひひだるま（galar-standard）,こおり,,105,140,55,30,55,95,https://raw.githubusercontent.com/PokeAPI/sprites/master/sprites/pokemon/10177.png
555,3,darmanitan,galar-zen,ヒヒダルマ（galar-zen）,ひひだるま（galar-zen）,こおり,ほのお,105,160,55,30,55,135,https://raw.githubusercontent.com/PokeAPI/sprites/master/sprites/pokemon/10178.png
556,0,maractus,default,マラカッチ,まらかっち,くさ,,75,86,67,106,67,60,https://raw.githubusercontent.com/PokeAPI/sprites/master/sprites/pokemon/556.png
557,0,dwebble,default,イシズマイ,いしずまい,むし,いわ,50,65,85,35,35,55,https://raw.githubusercontent.com/PokeAPI/sprites/master/sprites/pokemon/557.png
558,0,crustle,default,イワパレス,いわぱれす,むし,いわ,70,105,125,65,75,45,https://raw.githubusercontent.com/PokeAPI/sprites/master/sprites/pokemon/558.png
559,0,scraggy,default,ズルッグ,ずるっぐ,あく,かくとう,50,75,70,35,70,48,https://raw.githubusercontent.com/PokeAPI/sprites/master/sprites/pokemon/559.png
560,0,scrafty,default,ズルズキン,ずるずきん,あく,かくとう,65,90,115,45,115,58,https://raw.githubusercontent.com/PokeAPI/sprites/master/sprites/pokemon/560.png
560,1,scrafty,mega,ズルズキン（メガシンカ）,ずるずきん（めがしんか）,あく,かくとう,65,130,135,55,135,68,
561,0,sigilyph,default,シンボラー,しんぼらー,エスパー,ひこう,72,58,80,103,80,97,https://raw.githubusercontent.com/PokeAPI/sprites/master/sprites/pokemon/561.png
562,0,yamask,default,デスマス,ですます,ゴースト,,38,30,85,55,65,30,https://raw.githubusercontent.com/PokeAPI/sprites/master/sprites/pokemon/562.png
562,1,yamask,galar,デスマス（ガラルのすがた）,ですます（がらるのすがた）,じめん,ゴースト,38,55,85,30,65,30,https://raw.githubusercontent.com/PokeAPI/sprites/master/sprites/pokemon/10179.png
563,0,cofagrigus,default,デスカーン,ですかーん,ゴースト,,58,50,145,95,105,30,https://raw.githubusercontent.com/PokeAPI/sprites/master/sprites/pokemon/563.png
564,0,tirtouga,default,プロトーガ,ぷろとーが,みず,いわ,54,78,103,53,45,22,https://raw.githubusercontent.com/PokeAPI/sprites/master/sprites/pokemon/564.png
565,0,carracosta,default,アバゴーラ,あばごーら,みず,いわ,74,108,133,83,65,32,https://raw.githubusercontent.com/PokeAPI/sprites/master/sprites/pokemon/565.png
566,0,archen,default,アーケン,あーけん,いわ,ひこう,55,112,45,74,45,70,https://raw.githubusercontent.com/PokeAPI/sprites/master/sprites/pokemon/566.png
567,0,archeops,default,アーケオス,あーけおす,いわ,ひこう,75,140,65,112,65,110,https://raw.githubusercontent.com/PokeAPI/sprites/master/sprites/pokemon/567.png
568,0,trubbish,default,ヤブクロン,やぶくろん,どく,,50,50,62,40,62,65,https://raw.githubusercontent.com/PokeAPI/sprites/master/sprites/pokemon/568.png
569,0,garbodor,default,ダストダス,だすとだす,どく,,80,95,82,60,82,75,https://raw.githubusercontent.com/PokeAPI/sprites/master/sprites/pokemon/569.png
570,0,zorua,default,ゾロア,ぞろあ,あく,,40,65,40,80,40,65,https://raw.githubusercontent.com/PokeAPI/sprites/master/sprites/pokemon/570.png
570,1,zorua,hisui,ゾロア（ヒスイのすがた）,ぞろあ（ひすいのすがた）,ノーマル,ゴースト,35,60,40,85,40,70,https://raw.githubusercontent.com/PokeAPI/sprites/master/sprites/pokemon/10238.png
571,0,zoroark,default,ゾロアーク,ぞろあーく,あく,,60,105,60,120,60,105,https://raw.githubusercontent.com/PokeAPI/sprites/master/sprites/pokemon/571.png
571,1,zoroark,hisui,ゾロアーク（ヒスイのすがた）,ぞろあーく（ひすいのすがた）,ノーマル,ゴースト,55,100,60,125,60,110,https://raw.githubusercontent.com/PokeAPI/sprites/master/sprites/pokemon/10239.png
572,0,minccino,default,チラーミィ,ちらーみぃ,ノーマル,,55,50,40,40,40,75,https://raw.githubusercontent.com/PokeAPI/sprites/master/sprites/pokemon/572.png
573,0,cinccino,default,チラチーノ,ちらちーの,ノーマル,,75,95,60,65,60,115,https://raw.githubusercontent.com/PokeAPI/sprites/master/sprites/pokemon/573.png
574,0,gothita,default,ゴチム,ごちむ,エスパー,,45,30,50,55,65,45,https://raw.githubusercontent.com/PokeAPI/sprites/master/sprites/pokemon/574.png
575,0,gothorita,default,ゴチミル,ごちみる,エスパー,,60,45,70,75,85,55,https://raw.githubusercontent.com/PokeAPI/sprites/master/sprites/pokemon/575.png
576,0,gothitelle,default,ゴチルゼル,ごちるぜる,エスパー,,70,55,95,95,110,65,https://raw.githubusercontent.com/PokeAPI/sprites/master/sprites/pokemon/576.png
577,0,solosis,default,ユニラン,ゆにらん,エスパー,,45,30,40,105,50,20,https://raw.githubusercontent.com/PokeAPI/sprites/master/sprites/pokemon/577.png
578,0,duosion,default,ダブラン,だぶらん,エスパー,,65,40,50,125,60,30,https://raw.githubusercontent.com/PokeAPI/sprites/master/sprites/pokemon/578.png
579,0,reuniclus,default,ランクルス,らんくるす,エスパー,,110,65,75,125,85,30,https://raw.githubusercontent.com/PokeAPI/sprites/master/sprites/pokemon/579.png
580,0,ducklett,default,コアルヒー,こあるひー,みず,ひこう,62,44,50,44,50,55,https://raw.githubusercontent.com/PokeAPI/sprites/master/sprites/pokemon/580.png
581,0,swanna,default,スワンナ,すわんな,みず,ひこう,75,87,63,87,63,98,https://raw.githubusercontent.com/PokeAPI/sprites/master/sprites/pokemon/581.png
582,0,vanillite,default,バニプッチ,ばにぷっち,こおり,,36,50,50,65,60,44,https://raw.githubusercontent.com/PokeAPI/sprites/master/sprites/pokemon/582.png
583,0,vanillish,default,バニリッチ,ばにりっち,こおり,,51,65,65,80,75,59,https://raw.githubusercontent.com/PokeAPI/sprites/master/sprites/pokemon/583.png
584,0,vanilluxe,default,バイバニラ,ばいばにら,こおり,,71,95,85,110,95,79,https://raw.githubusercontent.com/PokeAPI/sprites/master/sprites/pokemon/584.png
585,0,deerling,default,シキジカ,しきじか,ノーマル,くさ,60,60,50,40,50,75,https://raw.githubusercontent.com/PokeAPI/sprites/master/sprites/pokemon/585.png
586,0,sawsbuck,default,メブキジカ,めぶきじか,ノーマル,くさ,80,100,70,60,70,95,https://raw.githubusercontent.com/PokeAPI/sprites/master/sprites/pokemon/586.png
587,0,emolga,default,エモンガ,えもんが,でんき,ひこう,55,75,60,75,60,103,https://raw.githubusercontent.com/PokeAPI/sprites/master/sprites/pokemon/587.png
588,0,karrablast,default,カブルモ,かぶるも,むし,,50,75,45,40,45,60,https://raw.githubusercontent.com/PokeAPI/sprites/master/sprites/pokemon/588.png
589,0,escavalier,default,シュバルゴ,しゅばるご,むし,はがね,70,135,105,60,105,20,https://raw.githubusercontent.com/PokeAPI/sprites/master/sprites/pokemon/589.png
590,0,foongus,default,タマゲタケ,たまげたけ,くさ,どく,69,55,45,55,55,15,https://raw.githubusercontent.com/PokeAPI/sprites/master/sprites/pokemon/590.png
591,0,amoonguss,default,モロバレル,もろばれる,くさ,どく,114,85,70,85,80,30,https://raw.githubusercontent.com/PokeAPI/sprites/master/sprites/pokemon/591.png
592,0,frillish,default,プルリル,ぷるりる,みず,ゴースト,55,40,50,65,85,40,https://raw.githubusercontent.com/PokeAPI/sprites/master/sprites/pokemon/592.png
593,0,jellicent,default,ブルンゲル,ぶるんげる,みず,ゴースト,100,60,70,85,105,60,https://raw.githubusercontent.com/PokeAPI/sprites/master/sprites/pokemon/593.png
594,0,alomomola,default,ママンボウ,ままんぼう,みず,,165,75,80,40,45,65,https://raw.githubusercontent.com/PokeAPI/sprites/master/sprites/pokemon/594.png
595,0,joltik,default,バチュル,ばちゅる,むし,でんき,50,47,50,57,50,65,https://raw.githubusercontent.com/PokeAPI/sprites/master/sprites/pokemon/595.png
596,0,galvantula,default,デンチュラ,でんちゅら,むし,でんき,70,77,60,97,60,108,https://raw.githubusercontent.com/PokeAPI/sprites/master/sprites/pokemon/596.png
597,0,ferroseed,default,テッシード,てっしーど,くさ,はがね,44,50,91,24,86,10,https://raw.githubusercontent.com/PokeAPI/sprites/master/sprites/pokemon/597.png
598,0,ferrothorn,default,ナットレイ,なっとれい,くさ,はがね,74,94,131,54,116,20,https://raw.githubusercontent.com/PokeAPI/sprites/master/sprites/pokemon/598.png
599,0,klink,default,ギアル,ぎある,はがね,,40,55,70,45,60,30,https://raw.githubusercontent.com/PokeAPI/sprites/master/sprites/pokemon/599.png
600,0,klang,default,ギギアル,ぎぎある,はがね,,60,80,95,70,85,50,https://raw.githubusercontent.com/PokeAPI/sprites/master/sprites/pokemon/600.png
601,0,klinklang,default,ギギギアル,ぎぎぎある,はがね,,60,100,115,70,85,90,https://raw.githubusercontent.com/PokeAPI/sprites/master/sprites/pokemon/601.png
602,0,tynamo,default,シビシラス,しびしらす,でんき,,35,55,40,45,40,60,https://raw.githubusercontent.com/PokeAPI/sprites/master/sprites/pokemon/602.png
603,0,eelektrik,default,シビビール,しびびーる,でんき,,65,85,70,75,70,40,https://raw.githubusercontent.com/PokeAPI/sprites/master/sprites/pokemon/603.png
604,0,eelektross,default,シビルドン,しびるどん,でんき,,85,115,80,105,80,50,https://raw.githubusercontent.com/PokeAPI/sprites/master/sprites/pokemon/604.png
604,1,eelektross,mega,シビルドン（メガシンカ）,しびるどん（めがしんか）,でんき,,85,145,80,135,90,80,
605,0,elgyem,default,リグレー,りぐれー,エスパー,,55,55,55,85,55,30,https://raw.githubusercontent.com/PokeAPI/sprites/master/sprites/pokemon/605.png
606,0,beheeyem,default,オーベム,おーべむ,エスパー,,75,75,75,125,95,40,https://raw.githubusercontent.com/PokeAPI/sprites/master/sprites/pokemon/606.png
607,0,litwick,default,ヒトモシ,ひともし,ゴースト,ほのお,50,30,55,65,55,20,https://raw.githubusercontent.com/PokeAPI/sprites/master/sprites/pokemon/607.png
608,0,lampent,default,ランプラー,らんぷらー,ゴースト,ほのお,60,40,60,95,60,55,https://raw.githubusercontent.com/PokeAPI/sprites/master/sprites/pokemon/608.png
609,0,chandelure,default,シャンデラ,しゃんでら,ゴースト,ほのお,60,55,90,145,90,80,https://raw.githubusercontent.com/PokeAPI/sprites/master/sprites/pokemon/609.png
609,1,chandelure,mega,シャンデラ（メガシンカ）,しゃんでら（めがしんか）,ゴースト,ほのお,60,75,110,175,110,90,
610,0,axew,default,キバゴ,きばご,ドラゴン,,46,87,60,30,40,57,https://raw.githubusercontent.com/PokeAPI/sprites/master/sprites/pokemon/610.png
611,0,fraxure,default,オノンド,おのんど,ドラゴン,,66,117,70,40,50,67,https://raw.githubusercontent.com/PokeAPI/sprites/master/sprites/pokemon/611.png
612,0,haxorus,default,オノノクス,おののくす,ドラゴン,,76,147,90,60,70,97,https://raw.githubusercontent.com/PokeAPI/sprites/master/sprites/pokemon/612.png
613,0,cubchoo,default,クマシュン,くましゅん,こおり,,55,70,40,60,40,40,https://raw.githubusercontent.com/PokeAPI/sprites/master/sprites/pokemon/613.png
614,0,beartic,default,ツンベアー,つんべあー,こおり,,95,130,80,70,80,50,https://raw.githubusercontent.com/PokeAPI/sprites/master/sprites/pokemon/614.png
615,0,cryogonal,default,フリージオ,ふりーじお,こおり,,80,50,50,95,135,105,https://raw.githubusercontent.com/PokeAPI/sprites/master/sprites/pokemon/615.png
616,0,shelmet,default,チョボマキ,ちょぼまき,むし,,50,40,85,40,65,25,https://raw.githubusercontent.com/PokeAPI/sprites/master/sprites/pokemon/616.png
617,0,accelgor,default,アギルダー,あぎるだー,むし,,80,70,40,100,60,145,https://raw.githubusercontent.com/PokeAPI/sprites/master/sprites/pokemon/617.png
618,0,stunfisk,default,マッギョ,まっぎょ,じめん,でんき,109,66,84,81,99,32,https://raw.githubusercontent.com/PokeAPI/sprites/master/sprites/pokemon/618.png
618,1,stunfisk,galar,マッギョ（ガラルのすがた）,まっぎょ（がらるのすがた）,じめん,はがね,109,81,99,66,84,32,https://raw.githubusercontent.com/PokeAPI/sprites/master/sprites/pokemon/10180.png
619,0,mienfoo,default,コジョフー,こじょふー,かくとう,,45,85,50,55,50,65,https://raw.githubusercontent.com/PokeAPI/sprites/master/sprites/pokemon/619.png
620,0,mienshao,default,コジョンド,こじょんど,かくとう,,65,125,60,95,60,105,https://raw.githubusercontent.com/PokeAPI/sprites/master/sprites/pokemon/620.png
621,0,druddigon,default,クリムガン,くりむがん,ドラゴン,,77,120,90,60,90,48,https://raw.githubusercontent.com/PokeAPI/sprites/master/sprites/pokemon/621.png
622,0,golett,default,ゴビット,ごびっと,じめん,ゴースト,59,74,50,35,50,35,https://raw.githubusercontent.com/PokeAPI/sprites/master/sprites/pokemon/622.png
623,0,golurk,default,ゴルーグ,ごるーぐ,じめん,ゴースト,89,124,80,55,80,55,https://raw.githubusercontent.com/PokeAPI/sprites/master/sprites/pokemon/623.png
623,1,golurk,mega,ゴルーグ（メガシンカ）,ごるーぐ（めがしんか）,じめん,ゴースト,89,159,105,70,105,55,
624,0,pawniard,default,コマタナ,こまたな,あく,はがね,45,85,70,40,40,60,https://raw.githubusercontent.com/PokeAPI/sprites/master/sprites/pokemon/624.png
625,0,bisharp,default,キリキザン,きりきざん,あく,はがね,65,125,100,60,70,70,https://raw.githubusercontent.com/PokeAPI/sprites/master/sprites/pokemon/625.png
626,0,bouffalant,default,バッフロン,ばっふろん,ノーマル,,95,110,95,40,95,55,https://raw.githubusercontent.com/PokeAPI/sprites/master/sprites/pokemon/626.png
627,0,rufflet,default,ワシボン,わしぼん,ノーマル,ひこう,70,83,50,37,50,60,https://raw.githubusercontent.com/PokeAPI/sprites/master/sprites/pokemon/627.png
628,0,braviary,default,ウォーグル,うぉーぐる,ノーマル,ひこう,100,123,75,57,75,80,https://raw.githubusercontent.com/PokeAPI/sprites/master/sprites/pokemon/628.png
628,1,braviary,hisui,ウォーグル（ヒスイのすがた）,うぉーぐる（ひすいのすがた）,エスパー,ひこう,110,83,70,112,70,65,https://raw.githubusercontent.com/PokeAPI/sprites/master/sprites/pokemon/10240.png
629,0,vullaby,default,バルチャイ,ばるちゃい,あく,ひこう,70,55,75,45,65,60,https://raw.githubusercontent.com/PokeAPI/sprites/master/sprites/pokemon/629.png
630,0,mandibuzz,default,バルジーナ,ばるじーな,あく,ひこう,110,65,105,55,95,80,https://raw.githubusercontent.com/PokeAPI/sprites/master/sprites/pokemon/630.png
631,0,heatmor,default,クイタラン,くいたらん,ほのお,,85,97,66,105,66,65,https://raw.githubusercontent.com/PokeAPI/sprites/master/sprites/pokemon/631.png
632,0,durant,default,アイアント,あいあんと,むし,はがね,58,109,112,48,48,109,https://raw.githubusercontent.com/PokeAPI/sprites/master/sprites/pokemon/632.png
633,0,deino,default,モノズ,ものず,あく,ドラゴン,52,65,50,45,50,38,https://raw.githubusercontent.com/PokeAPI/sprites/master/sprites/pokemon/633.png
634,0,zweilous,default,ジヘッド,じへっど,あく,ドラゴン,72,85,70,65,70,58,https://raw.githubusercontent.com/PokeAPI/sprites/master/sprites/pokemon/634.png
635,0,hydreigon,default,サザンドラ,さざんどら,あく,ドラゴン,92,105,90,125,90,98,https://raw.githubusercontent.com/PokeAPI/sprites/master/sprites/pokemon/635.png
636,0,larvesta,default,メラルバ,めらるば,むし,ほのお,55,85,55,50,55,60,https://raw.githubusercontent.com/PokeAPI/sprites/master/sprites/pokemon/636.png
637,0,volcarona,default,ウルガモス,うるがもす,むし,ほのお,85,60,65,135,105,100,https://raw.githubusercontent.com/PokeAPI/sprites/master/sprites/pokemon/637.png
638,0,cobalion,default,コバルオン,こばるおん,はがね,かくとう,91,90,129,90,72,108,https://raw.githubusercontent.com/PokeAPI/sprites/master/sprites/pokemon/638.png
639,0,terrakion,default,テラキオン,てらきおん,いわ,かくとう,91,129,90,72,90,108,https://raw.githubusercontent.com/PokeAPI/sprites/master/sprites/pokemon/639.png
640,0,virizion,default,ビリジオン,びりじおん,くさ,かくとう,91,90,72,90,129,108,https://raw.githubusercontent.com/PokeAPI/sprites/master/sprites/pokemon/640.png
641,0,tornadus,default,トルネロス,とるねろす,ひこう,,79,115,70,125,80,111,https://raw.githubusercontent.com/PokeAPI/sprites/master/sprites/pokemon/641.png
641,1,tornadus,therian,トルネロス（therian）,とるねろす（therian）,ひこう,,79,100,80,110,90,121,https://raw.githubusercontent.com/PokeAPI/sprites/master/sprites/pokemon/10019.png
642,0,thundurus,default,ボルトロス,ぼるとろす,でんき,ひこう,79,115,70,125,80,111,https://raw.githubusercontent.com/PokeAPI/sprites/master/sprites/pokemon/642.png
642,1,thundurus,therian,ボルトロス（therian）,ぼるとろす（therian）,でんき,ひこう,79,105,70,145,80,101,https://raw.githubusercontent.com/PokeAPI/sprites/master/sprites/pokemon/10020.png
643,0,reshiram,default,レシラム,れしらむ,ドラゴン,ほのお,100,120,100,150,120,90,https://raw.githubusercontent.com/PokeAPI/sprites/master/sprites/pokemon/643.png
644,0,zekrom,default,ゼクロム,ぜくろむ,ドラゴン,でんき,100,150,120,120,100,90,https://raw.githubusercontent.com/PokeAPI/sprites/master/sprites/pokemon/644.png
645,0,landorus,default,ランドロス,らんどろす,じめん,ひこう,89,125,90,115,80,101,https://raw.githubusercontent.com/PokeAPI/sprites/master/sprites/pokemon/645.png
645,1,landorus,therian,ランドロス（therian）,らんどろす（therian）,じめん,ひこう,89,145,90,105,80,91,https://raw.githubusercontent.com/PokeAPI/sprites/master/sprites/pokemon/10021.png
646,0,kyurem,default,キュレム,きゅれむ,ドラゴン,こおり,125,130,90,130,90,95,https://raw.githubusercontent.com/PokeAPI/sprites/master/sprites/pokemon/646.png
646,1,kyurem,black,キュレム（black）,きゅれむ（black）,ドラゴン,こおり,125,170,100,120,90,95,https://raw.githubusercontent.com/PokeAPI/sprites/master/sprites/pokemon/10022.png
646,2,kyurem,white,キュレム（white）,きゅれむ（white）,ドラゴン,こおり,125,120,90,170,100,95,https://raw.githubusercontent.com/PokeAPI/sprites/master/sprites/pokemon/10023.png
647,0,keldeo,default,ケルディオ,けるでぃお,みず,かくとう,91,72,90,129,90,108,https://raw.githubusercontent.com/PokeAPI/sprites/master/sprites/pokemon/647.png
647,1,keldeo,resolute,ケルディオ（resolute）,けるでぃお（resolute）,みず,かくとう,91,72,90,129,90,108,https://raw.githubusercontent.com/PokeAPI/sprites/master/sprites/pokemon/10024.png
648,0,meloetta,default,メロエッタ,めろえった,ノーマル,エスパー,100,77,77,128,128,90,https://raw.githubusercontent.com/PokeAPI/sprites/master/sprites/pokemon/648.png
648,1,meloetta,pirouette,メロエッタ（pirouette）,めろえった（pirouette）,ノーマル,かくとう,100,128,90,77,77,128,https://raw.githubusercontent.com/PokeAPI/sprites/master/sprites/pokemon/10018.png
649,0,genesect,default,ゲノセクト,げのせくと,むし,はがね,71,120,95,120,95,99,https://raw.githubusercontent.com/PokeAPI/sprites/master/sprites/pokemon/649.png
650,0,chespin,default,ハリマロン,はりまろん,くさ,,56,61,65,48,45,38,https://raw.githubusercontent.com/PokeAPI/sprites/master/sprites/pokemon/650.png
651,0,quilladin,default,ハリボーグ,はりぼーぐ,くさ,,61,78,95,56,58,57,https://raw.githubusercontent.com/PokeAPI/sprites/master/sprites/pokemon/651.png
652,0,chesnaught,default,ブリガロン,ぶりがろん,くさ,かくとう,88,107,122,74,75,64,https://raw.githubusercontent.com/PokeAPI/sprites/master/sprites/pokemon/652.png
652,1,chesnaught,mega,ブリガロン（メガシンカ）,ぶりがろん（めがしんか）,くさ,かくとう,88,137,172,74,115,44,
653,0,fennekin,default,フォッコ,ふぉっこ,ほのお,,40,45,40,62,60,60,https://raw.githubusercontent.com/PokeAPI/sprites/master/sprites/pokemon/653.png
654,0,braixen,default,テールナー,てーるなー,ほのお,,59,59,58,90,70,73,https://raw.githubusercontent.com/PokeAPI/sprites/master/sprites/pokemon/654.png
655,0,delphox,default,マフォクシー,まふぉくしー,ほのお,エスパー,75,69,72,114,100,104,https://raw.githubusercontent.com/PokeAPI/sprites/master/sprites/pokemon/655.png
655,1,delphox,mega,マフォクシー（メガシンカ）,まふぉくしー（めがしんか）,ほのお,エスパー,75,69,72,159,125,134,
656,0,froakie,default,ケロマツ,けろまつ,みず,,41,56,40,62,44,71,https://raw.githubusercontent.com/PokeAPI/sprites/master/sprites/pokemon/656.png
657,0,frogadier,default,ゲコガシラ,げこがしら,みず,,54,63,52,83,56,97,https://raw.githubusercontent.com/PokeAPI/sprites/master/sprites/pokemon/657.png
658,0,greninja,default,ゲッコウガ,げっこうが,みず,あく,72,95,67,103,71,122,https://raw.githubusercontent.com/PokeAPI/sprites/master/sprites/pokemon/658.png
658,1,greninja,battle-bond,ゲッコウガ（battle-bond）,げっこうが（battle-bond）,みず,あく,72,95,67,103,71,122,https://raw.githubusercontent.com/PokeAPI/sprites/master/sprites/pokemon/10116.png
658,2,greninja,ash,ゲッコウガ（ash）,げっこうが（ash）,みず,あく,72,145,67,153,71,132,https://raw.githubusercontent.com/PokeAPI/sprites/master/sprites/pokemon/10117.png
658,3,greninja,mega,ゲッコウガ（メガシンカ）,げっこうが（めがしんか）,みず,あく,72,125,77,133,81,142,
659,0,bunnelby,default,ホルビー,ほるびー,ノーマル,,38,36,38,32,36,57,https://raw.githubusercontent.com/PokeAPI/sprites/master/sprites/pokemon/659.png
660,0,diggersby,default,ホルード,ほるーど,ノーマル,じめん,85,56,77,50,77,78,https://raw.githubusercontent.com/PokeAPI/sprites/master/sprites/pokemon/660.png
661,0,fletchling,default,ヤヤコマ,ややこま,ノーマル,ひこう,45,50,43,40,38,62,https://raw.githubusercontent.com/PokeAPI/sprites/master/sprites/pokemon/661.png
662,0,fletchinder,default,ヒノヤコマ,ひのやこま,ほのお,ひこう,62,73,55,56,52,84,https://raw.githubusercontent.com/PokeAPI/sprites/master/sprites/pokemon/662.png
663,0,talonflame,default,ファイアロー,ふぁいあろー,ほのお,ひこう,78,81,71,74,69,126,https://raw.githubusercontent.com/PokeAPI/sprites/master/sprites/pokemon/663.png
664,0,scatterbug,default,コフキムシ,こふきむし,むし,,38,35,40,27,25,35,https://raw.githubusercontent.com/PokeAPI/sprites/master/sprites/pokemon/664.png
665,0,spewpa,default,コフーライ,こふーらい,むし,,45,22,60,27,30,29,https://raw.githubusercontent.com/PokeAPI/sprites/master/sprites/pokemon/665.png
666,0,vivillon,default,ビビヨン,びびよん,むし,ひこう,80,52,50,90,50,89,https://raw.githubusercontent.com/PokeAPI/sprites/master/sprites/pokemon/666.png
667,0,litleo,default,シシコ,ししこ,ほのお,ノーマル,62,50,58,73,54,72,https://raw.githubusercontent.com/PokeAPI/sprites/master/sprites/pokemon/667.png
668,0,pyroar,default,カエンジシ,かえんじし,ほのお,ノーマル,86,68,72,109,66,106,https://raw.githubusercontent.com/PokeAPI/sprites/master/sprites/pokemon/668.png
668,1,pyroar,mega,カエンジシ（メガシンカ）,かえんじし（めがしんか）,ほのお,ノーマル,86,88,92,129,86,126,
669,0,flabebe,default,フラベベ,ふらべべ,フェアリー,,44,38,39,61,79,42,https://raw.githubusercontent.com/PokeAPI/sprites/master/sprites/pokemon/669.png
670,0,floette,default,フラエッテ,ふらえって,フェアリー,,54,45,47,75,98,52,https://raw.githubusercontent.com/PokeAPI/sprites/master/sprites/pokemon/670.png
670,1,floette,eternal,フラエッテ（eternal）,ふらえって（eternal）,フェアリー,,74,65,67,125,128,92,https://raw.githubusercontent.com/PokeAPI/sprites/master/sprites/pokemon/10061.png
670,2,floette,mega,フラエッテ（メガシンカ）,ふらえって（めがしんか）,フェアリー,,74,85,87,155,148,102,
671,0,florges,default,フラージェス,ふらーじぇす,フェアリー,,78,65,68,112,154,75,https://raw.githubusercontent.com/PokeAPI/sprites/master/sprites/pokemon/671.png
672,0,skiddo,default,メェークル,めぇーくる,くさ,,66,65,48,62,57,52,https://raw.githubusercontent.com/PokeAPI/sprites/master/sprites/pokemon/672.png
673,0,gogoat,default,ゴーゴート,ごーごーと,くさ,,123,100,62,97,81,68,https://raw.githubusercontent.com/PokeAPI/sprites/master/sprites/pokemon/673.png
674,0,pancham,default,ヤンチャム,やんちゃむ,かくとう,,67,82,62,46,48,43,https://raw.githubusercontent.com/PokeAPI/sprites/master/sprites/pokemon/674.png
675,0,pangoro,default,ゴロンダ,ごろんだ,かくとう,あく,95,124,78,69,71,58,https://raw.githubusercontent.com/PokeAPI/sprites/master/sprites/pokemon/675.png
676,0,furfrou,default,トリミアン,とりみあん,ノーマル,,75,80,60,65,90,102,https://raw.githubusercontent.com/PokeAPI/sprites/master/sprites/pokemon/676.png
677,0,espurr,default,ニャスパー,にゃすぱー,エスパー,,62,48,54,63,60,68,https://raw.githubusercontent.com/PokeAPI/sprites/master/sprites/pokemon/677.png
678,0,meowstic,default,ニャオニクス,にゃおにくす,エスパー,,74,48,76,83,81,104,https://raw.githubusercontent.com/PokeAPI/sprites/master/sprites/pokemon/678.png
678,1,meowstic,female,ニャオニクス（female）,にゃおにくす（female）,エスパー,,74,48,76,83,81,104,https://raw.githubusercontent.com/PokeAPI/sprites/master/sprites/pokemon/10025.png
678,2,meowstic,mega,ニャオニクス（メガシンカ）,にゃおにくす（めがしんか）,エスパー,,74,48,76,143,101,124,
679,0,honedge,default,ヒトツキ,ひとつき,はがね,ゴースト,45,80,100,35,37,28,https://raw.githubusercontent.com/PokeAPI/sprites/master/sprites/pokemon/679.png
680,0,doublade,default,ニダンギル,にだんぎる,はがね,ゴースト,59,110,150,45,49,35,https://raw.githubusercontent.com/PokeAPI/sprites/master/sprites/pokemon/680.png
681,0,aegislash,default,ギルガルド,ぎるがるど,はがね,ゴースト,60,50,140,50,140,60,https://raw.githubusercontent.com/PokeAPI/sprites/master/sprites/pokemon/681.png
681,1,aegislash,blade,ギルガルド（blade）,ぎるがるど（blade）,はがね,ゴースト,60,140,50,140,50,60,https://raw.githubusercontent.com/PokeAPI/sprites/master/sprites/pokemon/10026.png
682,0,spritzee,default,シュシュプ,しゅしゅぷ,フェアリー,,78,52,60,63,65,23,https://raw.githubusercontent.com/PokeAPI/sprites/master/sprites/pokemon/682.png
683,0,aromatisse,default,フレフワン,ふれふわん,フェアリー,,101,72,72,99,89,29,https://raw.githubusercontent.com/PokeAPI/sprites/master/sprites/pokemon/683.png
684,0,swirlix,default,ペロッパフ,ぺろっぱふ,フェアリー,,62,48,66,59,57,49,https://raw.githubusercontent.com/PokeAPI/sprites/master/sprites/pokemon/684.png
685,0,slurpuff,default,ペロリーム,ぺろりーむ,フェアリー,,82,80,86,85,75,72,https://raw.githubusercontent.com/PokeAPI/sprites/master/sprites/pokemon/685.png
686,0,inkay,default,マーイーカ,まーいーか,あく,エスパー,53,54,53,37,46,45,https://raw.githubusercontent.com/PokeAPI/sprites/master/sprites/pokemon/686.png
687,0,malamar,default,カラマネロ,からまねろ,あく,エスパー,86,92,88,68,75,73,https://raw.githubusercontent.com/PokeAPI/sprites/master/sprites/pokemon/687.png
687,1,malamar,mega,カラマネロ（メガシンカ）,からまねろ（めがしんか）,あく,エスパー,86,102,88,98,120,88,
688,0,binacle,default,カメテテ,かめてて,いわ,みず,42,52,67,39,56,50,https://raw.githubusercontent.com/PokeAPI/sprites/master/sprites/pokemon/688.png
689,0,barbaracle,default,ガメノデス,がめのです,いわ,みず,72,105,115,54,86,68,https://raw.githubusercontent.com/PokeAPI/sprites/master/sprites/pokemon/689.png
689,1,barbaracle,mega,ガメノデス（メガシンカ）,がめのです（めがしんか）,いわ,かくとう,72,140,130,64,106,88,
690,0,skrelp,default,クズモー,くずもー,どく,みず,50,60,60,60,60,30,https://raw.githubusercontent.com/PokeAPI/sprites/master/sprites/pokemon/690.png
691,0,dragalge,default,ドラミドロ,どらみどろ,どく,ドラゴン,65,75,90,97,123,44,https://raw.githubusercontent.com/PokeAPI/sprites/master/sprites/pokemon/691.png
691,1,dragalge,mega,ドラミドロ（メガシンカ）,どらみどろ（めがしんか）,どく,ドラゴン,65,85,105,132,163,44,
692,0,clauncher,default,ウデッポウ,うでっぽう,みず,,50,53,62,58,63,44,https://raw.githubusercontent.com/PokeAPI/sprites/master/sprites/pokemon/692.png
693,0,clawitzer,default,ブロスター,ぶろすたー,みず,,71,73,88,120,89,59,https://raw.githubusercontent.com/PokeAPI/sprites/master/sprites/pokemon/693.png
694,0,helioptile,default,エリキテル,えりきてる,でんき,ノーマル,44,38,33,61,43,70,https://raw.githubusercontent.com/PokeAPI/sprites/master/sprites/pokemon/694.png
695,0,heliolisk,default,エレザード,えれざーど,でんき,ノーマル,62,55,52,109,94,109,https://raw.githubusercontent.com/PokeAPI/sprites/master/sprites/pokemon/695.png
696,0,tyrunt,default,チゴラス,ちごらす,いわ,ドラゴン,58,89,77,45,45,48,https://raw.githubusercontent.com/PokeAPI/sprites/master/sprites/pokemon/696.png
697,0,tyrantrum,default,ガチゴラス,がちごらす,いわ,ドラゴン,82,121,119,69,59,71,https://raw.githubusercontent.com/PokeAPI/sprites/master/sprites/pokemon/697.png
698,0,amaura,default,アマルス,あまるす,いわ,こおり,77,59,50,67,63,46,https://raw.githubusercontent.com/PokeAPI/sprites/master/sprites/pokemon/698.png
699,0,aurorus,default,アマルルガ,あまるるが,いわ,こおり,123,77,72,99,92,58,https://raw.githubusercontent.com/PokeAPI/sprites/master/sprites/pokemon/699.png
700,0,sylveon,default,ニンフィア,にんふぃあ,フェアリー,,95,65,65,110,130,60,https://raw.githubusercontent.com/PokeAPI/sprites/master/sprites/pokemon/700.png
701,0,hawlucha,default,ルチャブル,るちゃぶる,かくとう,ひこう,78,92,75,74,63,118,https://raw.githubusercontent.com/PokeAPI/sprites/master/sprites/pokemon/701.png
701,1,hawlucha,mega,ルチャブル（メガシンカ）,るちゃぶる（めがしんか）,かくとう,ひこう,78,137,100,74,93,118,
702,0,dedenne,default,デデンネ,ででんね,でんき,フェアリー,67,58,57,81,67,101,https://raw.githubusercontent.com/PokeAPI/sprites/master/sprites/pokemon/702.png
703,0,carbink,default,メレシー,めれしー,いわ,フェアリー,50,50,150,50,150,50,https://raw.githubusercontent.com/PokeAPI/sprites/master/sprites/pokemon/703.png
704,0,goomy,default,ヌメラ,ぬめら,ドラゴン,,45,50,35,55,75,40,https://raw.githubusercontent.com/PokeAPI/sprites/master/sprites/pokemon/704.png
705,0,sliggoo,default,ヌメイル,ぬめいる,ドラゴン,,68,75,53,83,113,60,https://raw.githubusercontent.com/PokeAPI/sprites/master/sprites/pokemon/705.png
705,1,sliggoo,hisui,ヌメイル（ヒスイのすがた）,ぬめいる（ひすいのすがた）,はがね,ドラゴン,58,75,83,83,113,40,https://raw.githubusercontent.com/PokeAPI/sprites/master/sprites/pokemon/10241.png
706,0,goodra,default,ヌメルゴン,ぬめるごん,ドラゴン,,90,100,70,110,150,80,https://raw.githubusercontent.com/PokeAPI/sprites/master/sprites/pokemon/706.png
706,1,goodra,hisui,ヌメルゴン（ヒスイのすがた）,ぬめるごん（ひすいのすがた）,はがね,ドラゴン,80,100,100,110,150,60,https://raw.githubusercontent.com/PokeAPI/sprites/master/sprites/pokemon/10242.png
707,0,klefki,default,クレッフィ,くれっふぃ,はがね,フェアリー,57,80,91,80,87,75,https://raw.githubusercontent.com/PokeAPI/sprites/master/sprites/pokemon/707.png
708,0,phantump,default,ボクレー,ぼくれー,ゴースト,くさ,43,70,48,50,60,38,https://raw.githubusercontent.com/PokeAPI/sprites/master/sprites/pokemon/708.png
709,0,trevenant,default,オーロット,おーろっと,ゴースト,くさ,85,110,76,65,82,56,https://raw.githubusercontent.com/PokeAPI/sprites/master/sprites/pokemon/709.png
710,0,pumpkaboo,default,バケッチャ,ばけっちゃ,ゴースト,くさ,49,66,70,44,55,51,https://raw.githubusercontent.com/PokeAPI/sprites/master/sprites/pokemon/710.png
710,1,pumpkaboo,small,バケッチャ（small）,ばけっちゃ（small）,ゴースト,くさ,44,66,70,44,55,56,https://raw.githubusercontent.com/PokeAPI/sprites/master/sprites/pokemon/10027.png
710,2,pumpkaboo,large,バケッチャ（large）,ばけっちゃ（large）,ゴースト,くさ,54,66,70,44,55,46,https://raw.githubusercontent.com/PokeAPI/sprites/master/sprites/pokemon/10028.png
710,3,pumpkaboo,super,バケッチャ（super）,ばけっちゃ（super）,ゴースト,くさ,59,66,70,44,55,41,https://raw.githubusercontent.com/PokeAPI/sprites/master/sprites/pokemon/10029.png
711,0,gourgeist,default,パンプジン,ぱんぷじん,ゴースト,くさ,65,90,122,58,75,84,https://raw.githubusercontent.com/PokeAPI/sprites/master/sprites/pokemon/711.png
711,1,gourgeist,small,パンプジン（small）,ぱんぷじん（small）,ゴースト,くさ,55,85,122,58,75,99,https://raw.githubusercontent.com/PokeAPI/sprites/master/sprites/pokemon/10030.png
711,2,gourgeist,large,パンプジン（large）,ぱんぷじん（large）,ゴースト,くさ,75,95,122,58,75,69,https://raw.githubusercontent.com/PokeAPI/sprites/master/sprites/pokemon/10031.png
711,3,gourgeist,super,パンプジン（super）,ぱんぷじん（super）,ゴースト,くさ,85,100,122,58,75,54,https://raw.githubusercontent.com/PokeAPI/sprites/master/sprites/pokemon/10032.png
712,0,bergmite,default,カチコール,かちこーる,こおり,,55,69,85,32,35,28,https://raw.githubusercontent.com/PokeAPI/sprites/master/sprites/pokemon/712.png
713,0,avalugg,default,クレベース,くれべーす,こおり,,95,117,184,44,46,28,https://raw.githubusercontent.com/PokeAPI/sprites/master/sprites/pokemon/713.png
713,1,avalugg,hisui,クレベース（ヒスイのすがた）,くれべーす（ひすいのすがた）,こおり,いわ,95,127,184,34,36,38,https://raw.githubusercontent.com/PokeAPI/sprites/master/sprites/pokemon/10243.png
714,0,noibat,default,オンバット,おんばっと,ひこう,ドラゴン,40,30,35,45,40,55,https://raw.githubusercontent.com/PokeAPI/sprites/master/sprites/pokemon/714.png
715,0,noivern,default,オンバーン,おんばーん,ひこう,ドラゴン,85,70,80,97,80,123,https://raw.githubusercontent.com/PokeAPI/sprites/master/sprites/pokemon/715.png
716,0,xerneas,default,ゼルネアス,ぜるねあす,フェアリー,,126,131,95,131,98,99,https://raw.githubusercontent.com/PokeAPI/sprites/master/sprites/pokemon/716.png
717,0,yveltal,default,イベルタル,いべるたる,あく,ひこう,126,131,95,131,98,99,https://raw.githubusercontent.com/PokeAPI/sprites/master/sprites/pokemon/717.png
718,0,zygarde,default,ジガルデ,じがるで,ドラゴン,じめん,108,100,121,81,95,95,https://raw.githubusercontent.com/PokeAPI/sprites/master/sprites/pokemon/718.png
718,1,zygarde,10-power-construct,ジガルデ（10-power-construct）,じがるで（10-power-construct）,ドラゴン,じめん,54,100,71,61,85,115,https://raw.githubusercontent.com/PokeAPI/sprites/master/sprites/pokemon/10118.png
718,2,zygarde,50-power-construct,ジガルデ（50-power-construct）,じがるで（50-power-construct）,ドラゴン,じめん,108,100,121,81,95,95,https://raw.githubusercontent.com/PokeAPI/sprites/master/sprites/pokemon/10119.png
718,3,zygarde,complete,ジガルデ（complete）,じがるで（complete）,ドラゴン,じめん,216,100,121,91,95,85,https://raw.githubusercontent.com/PokeAPI/sprites/master/sprites/pokemon/10120.png
718,4,zygarde,10,ジガルデ（10）,じがるで（10）,ドラゴン,じめん,54,100,71,61,85,115,https://raw.githubusercontent.com/PokeAPI/sprites/master/sprites/pokemon/10181.png
718,5,zygarde,mega,ジガルデ（メガシンカ）,じがるで（めがしんか）,ドラゴン,じめん,216,70,91,216,85,100,
719,0,diancie,default,ディアンシー,でぃあんしー,いわ,フェアリー,50,100,150,100,150,50,https://raw.githubusercontent.com/PokeAPI/sprites/master/sprites/pokemon/719.png
719,1,diancie,mega,ディアンシー（メガシンカ）,でぃあんしー（めがしんか）,いわ,フェアリー,50,160,110,160,110,110,https://raw.githubusercontent.com/PokeAPI/sprites/master/sprites/pokemon/10075.png
720,0,hoopa,default,フーパ,ふーぱ,エスパー,ゴースト,80,110,60,150,130,70,https://raw.githubusercontent.com/PokeAPI/sprites/master/sprites/pokemon/720.png
720,1,hoopa,unbound,フーパ（unbound）,ふーぱ（unbound）,エスパー,あく,80,160,60,170,130,80,https://raw.githubusercontent.com/PokeAPI/sprites/master/sprites/pokemon/10086.png
721,0,volcanion,default,ボルケニオン,ぼるけにおん,ほのお,みず,80,110,120,130,90,70,https://raw.githubusercontent.com/PokeAPI/sprites/master/sprites/pokemon/721.png
722,0,rowlet,default,モクロー,もくろー,くさ,ひこう,68,55,55,50,50,42,https://raw.githubusercontent.com/PokeAPI/sprites/master/sprites/pokemon/722.png
723,0,dartrix,default,フクスロー,ふくすろー,くさ,ひこう,78,75,75,70,70,52,https://raw.githubusercontent.com/PokeAPI/sprites/master/sprites/pokemon/723.png
724,0,decidueye,default,ジュナイパー,じゅないぱー,くさ,ゴースト,78,107,75,100,100,70,https://raw.githubusercontent.com/PokeAPI/sprites/master/sprites/pokemon/724.png
724,1,decidueye,hisui,ジュナイパー（ヒスイのすがた）,じゅないぱー（ひすいのすがた）,くさ,かくとう,88,112,80,95,95,60,https://raw.githubusercontent.com/PokeAPI/sprites/master/sprites/pokemon/10244.png
725,0,litten,default,ニャビー,にゃびー,ほのお,,45,65,40,60,40,70,https://raw.githubusercontent.com/PokeAPI/sprites/master/sprites/pokemon/725.png
726,0,torracat,default,ニャヒート,にゃひーと,ほのお,,65,85,50,80,50,90,https://raw.githubusercontent.com/PokeAPI/sprites/master/sprites/pokemon/726.png
727,0,incineroar,default,ガオガエン,がおがえん,ほのお,あく,95,115,90,80,90,60,https://raw.githubusercontent.com/PokeAPI/sprites/master/sprites/pokemon/727.png
728,0,popplio,default,アシマリ,あしまり,みず,,50,54,54,66,56,40,https://raw.githubusercontent.com/PokeAPI/sprites/master/sprites/pokemon/728.png
729,0,brionne,default,オシャマリ,おしゃまり,みず,,60,69,69,91,81,50,https://raw.githubusercontent.com/PokeAPI/sprites/master/sprites/pokemon/729.png
730,0,primarina,default,アシレーヌ,あしれーぬ,みず,フェアリー,80,74,74,126,116,60,https://raw.githubusercontent.com/PokeAPI/sprites/master/sprites/pokemon/730.png
731,0,pikipek,default,ツツケラ,つつけら,ノーマル,ひこう,35,75,30,30,30,65,https://raw.githubusercontent.com/PokeAPI/sprites/master/sprites/pokemon/731.png
732,0,trumbeak,default,ケララッパ,けららっぱ,ノーマル,ひこう,55,85,50,40,50,75,https://raw.githubusercontent.com/PokeAPI/sprites/master/sprites/pokemon/732.png
733,0,toucannon,default,ドデカバシ,どでかばし,ノーマル,ひこう,80,120,75,75,75,60,https://raw.githubusercontent.com/PokeAPI/sprites/master/sprites/pokemon/733.png
734,0,yungoos,default,ヤングース,やんぐーす,ノーマル,,48,70,30,30,30,45,https://raw.githubusercontent.com/PokeAPI/sprites/master/sprites/pokemon/734.png
735,0,gumshoos,default,デカグース,でかぐーす,ノーマル,,88,110,60,55,60,45,https://raw.githubusercontent.com/PokeAPI/sprites/master/sprites/pokemon/735.png
736,0,grubbin,default,アゴジムシ,あごじむし,むし,,47,62,45,55,45,46,https://raw.githubusercontent.com/PokeAPI/sprites/master/sprites/pokemon/736.png
737,0,charjabug,default,デンヂムシ,でんぢむし,むし,でんき,57,82,95,55,75,36,https://raw.githubusercontent.com/PokeAPI/sprites/master/sprites/pokemon/737.png
738,0,vikavolt,default,クワガノン,くわがのん,むし,でんき,77,70,90,145,75,43,https://raw.githubusercontent.com/PokeAPI/sprites/master/sprites/pokemon/738.png
739,0,crabrawler,default,マケンカニ,まけんかに,かくとう,,47,82,57,42,47,63,https://raw.githubusercontent.com/PokeAPI/sprites/master/sprites/pokemon/739.png
740,0,crabominable,default,ケケンカニ,けけんかに,かくとう,こおり,97,132,77,62,67,43,https://raw.githubusercontent.com/PokeAPI/sprites/master/sprites/pokemon/740.png
740,1,crabominable,mega,ケケンカニ（メガシンカ）,けけんかに（めがしんか）,かくとう,こおり,97,157,122,62,107,33,
741,0,oricorio,default,オドリドリ,おどりどり,ほのお,ひこう,75,70,70,98,70,93,https://raw.githubusercontent.com/PokeAPI/sprites/master/sprites/pokemon/741.png
741,1,oricorio,pom-pom,オドリドリ（pom-pom）,おどりどり（pom-pom）,でんき,ひこう,75,70,70,98,70,93,https://raw.githubusercontent.com/PokeAPI/sprites/master/sprites/pokemon/10123.png
741,2,oricorio,pau,オドリドリ（pau）,おどりどり（pau）,エスパー,ひこう,75,70,70,98,70,93,https://raw.githubusercontent.com/PokeAPI/sprites/master/sprites/pokemon/10124.png
741,3,oricorio,sensu,オドリドリ（sensu）,おどりどり（sensu）,ゴースト,ひこう,75,70,70,98,70,93,https://raw.githubusercontent.com/PokeAPI/sprites/master/sprites/pokemon/10125.png
742,0,cutiefly,default,アブリー,あぶりー,むし,フェアリー,40,45,40,55,40,84,https://raw.githubusercontent.com/PokeAPI/sprites/master/sprites/pokemon/742.png
743,0,ribombee,default,アブリボン,あぶりぼん,むし,フェアリー,60,55,60,95,70,124,https://raw.githubusercontent.com/PokeAPI/sprites/master/sprites/pokemon/743.png
744,0,rockruff,default,イワンコ,いわんこ,いわ,,45,65,40,30,40,60,https://raw.githubusercontent.com/PokeAPI/sprites/master/sprites/pokemon/744.png
744,1,rockruff,own-tempo,イワンコ（own-tempo）,いわんこ（own-tempo）,いわ,,45,65,40,30,40,60,https://raw.githubusercontent.com/PokeAPI/sprites/master/sprites/pokemon/10151.png
745,0,lycanroc,default,ルガルガン,るがるがん,いわ,,75,115,65,55,65,112,https://raw.githubusercontent.com/PokeAPI/sprites/master/sprites/pokemon/745.png
745,1,lycanroc,midnight,ルガルガン（midnight）,るがるがん（midnight）,いわ,,85,115,75,55,75,82,https://raw.githubusercontent.com/PokeAPI/sprites/master/sprites/pokemon/10126.png
745,2,lycanroc,dusk,ルガルガン（dusk）,るがるがん（dusk）,いわ,,75,117,65,55,65,110,https://raw.githubusercontent.com/PokeAPI/sprites/master/sprites/pokemon/10152.png
746,0,wishiwashi,default,ヨワシ,よわし,みず,,45,20,20,25,25,40,https://raw.githubusercontent.com/PokeAPI/sprites/master/sprites/pokemon/746.png
746,1,wishiwashi,school,ヨワシ（school）,よわし（school）,みず,,45,140,130,140,135,30,https://raw.githubusercontent.com/PokeAPI/sprites/master/sprites/pokemon/10127.png
747,0,mareanie,default,ヒドイデ,ひどいで,どく,みず,50,53,62,43,52,45,https://raw.githubusercontent.com/PokeAPI/sprites/master/sprites/pokemon/747.png
748,0,toxapex,default,ドヒドイデ,どひどいで,どく,みず,50,63,152,53,142,35,https://raw.githubusercontent.com/PokeAPI/sprites/master/sprites/pokemon/748.png
749,0,mudbray,default,ドロバンコ,どろばんこ,じめん,,70,100,70,45,55,45,https://raw.githubusercontent.com/PokeAPI/sprites/master/sprites/pokemon/749.png
750,0,mudsdale,default,バンバドロ,ばんばどろ,じめん,,100,125,100,55,85,35,https://raw.githubusercontent.com/PokeAPI/sprites/master/sprites/pokemon/750.png
751,0,dewpider,default,シズクモ,しずくも,みず,むし,38,40,52,40,72,27,https://raw.githubusercontent.com/PokeAPI/sprites/master/sprites/pokemon/751.png
752,0,araquanid,default,オニシズクモ,おにしずくも,みず,むし,68,70,92,50,132,42,https://raw.githubusercontent.com/PokeAPI/sprites/master/sprites/pokemon/752.png
753,0,fomantis,default,カリキリ,かりきり,くさ,,40,55,35,50,35,35,https://raw.githubusercontent.com/PokeAPI/sprites/master/sprites/pokemon/753.png
754,0,lurantis,default,ラランテス,ららんてす,くさ,,70,105,90,80,90,45,https://raw.githubusercontent.com/PokeAPI/sprites/master/sprites/pokemon/754.png
755,0,morelull,default,ネマシュ,ねましゅ,くさ,フェアリー,40,35,55,65,75,15,https://raw.githubusercontent.com/PokeAPI/sprites/master/sprites/pokemon/755.png
756,0,shiinotic,default,マシェード,ましぇーど,くさ,フェアリー,60,45,80,90,100,30,https://raw.githubusercontent.com/PokeAPI/sprites/master/sprites/pokemon/756.png
757,0,salandit,default,ヤトウモリ,やとうもり,どく,ほのお,48,44,40,71,40,77,https://raw.githubusercontent.com/PokeAPI/sprites/master/sprites/pokemon/757.png
758,0,salazzle,default,エンニュート,えんにゅーと,どく,ほのお,68,64,60,111,60,117,https://raw.githubusercontent.com/PokeAPI/sprites/master/sprites/pokemon/758.png
759,0,stufful,default,ヌイコグマ,ぬいこぐま,ノーマル,かくとう,70,75,50,45,50,50,https://raw.githubusercontent.com/PokeAPI/sprites/master/sprites/pokemon/759.png
760,0,bewear,default,キテルグマ,きてるぐま,ノーマル,かくとう,120,125,80,55,60,60,https://raw.githubusercontent.com/PokeAPI/sprites/master/sprites/pokemon/760.png
761,0,bounsweet,default,アマカジ,あまかじ,くさ,,42,30,38,30,38,32,https://raw.githubusercontent.com/PokeAPI/sprites/master/sprites/pokemon/761.png
762,0,steenee,default,アママイコ,あままいこ,くさ,,52,40,48,40,48,62,https://raw.githubusercontent.com/PokeAPI/sprites/master/sprites/pokemon/762.png
763,0,tsareena,default,アマージョ,あまーじょ,くさ,,72,120,98,50,98,72,https://raw.githubusercontent.com/PokeAPI/sprites/master/sprites/pokemon/763.png
764,0,comfey,default,キュワワー,きゅわわー,フェアリー,,51,52,90,82,110,100,https://raw.githubusercontent.com/PokeAPI/sprites/master/sprites/pokemon/764.png
765,0,oranguru,default,ヤレユータン,やれゆーたん,ノーマル,エスパー,90,60,80,90,110,60,https://raw.githubusercontent.com/PokeAPI/sprites/master/sprites/pokemon/765.png
766,0,passimian,default,ナゲツケサル,なげつけさる,かくとう,,100,120,90,40,60,80,https://raw.githubusercontent.com/PokeAPI/sprites/master/sprites/pokemon/766.png
767,0,wimpod,default,コソクムシ,こそくむし,むし,みず,25,35,40,20,30,80,https://raw.githubusercontent.com/PokeAPI/sprites/master/sprites/pokemon/767.png
768,0,golisopod,default,グソクムシャ,ぐそくむしゃ,むし,みず,75,125,140,60,90,40,https://raw.githubusercontent.com/PokeAPI/sprites/master/sprites/pokemon/768.png
768,1,golisopod,mega,グソクムシャ（メガシンカ）,ぐそくむしゃ（めがしんか）,むし,はがね,75,150,175,70,120,40,
769,0,sandygast,default,スナバァ,すなばぁ,ゴースト,じめん,55,55,80,70,45,15,https://raw.githubusercontent.com/PokeAPI/sprites/master/sprites/pokemon/769.png
770,0,palossand,default,シロデスナ,しろですな,ゴースト,じめん,85,75,110,100,75,35,https://raw.githubusercontent.com/PokeAPI/sprites/master/sprites/pokemon/770.png
771,0,pyukumuku,default,ナマコブシ,なまこぶし,みず,,55,60,130,30,130,5,https://raw.githubusercontent.com/PokeAPI/sprites/master/sprites/pokemon/771.png
772,0,type-null,default,タイプ：ヌル,たいぷ：ぬる,ノーマル,,95,95,95,95,95,59,https://raw.githubusercontent.com/PokeAPI/sprites/master/sprites/pokemon/772.png
773,0,silvally,default,シルヴァディ,しるヴぁでぃ,ノーマル,,95,95,95,95,95,95,https://raw.githubusercontent.com/PokeAPI/sprites/master/sprites/pokemon/773.png
774,0,minior,default,メテノ,めての,いわ,ひこう,60,60,100,60,100,60,https://raw.githubusercontent.com/PokeAPI/sprites/master/sprites/pokemon/774.png
774,1,minior,orange-meteor,メテノ（orange-meteor）,めての（orange-meteor）,いわ,ひこう,60,60,100,60,100,60,https://raw.githubusercontent.com/PokeAPI/sprites/master/sprites/pokemon/10130.png
774,2,minior,yellow-meteor,メテノ（yellow-meteor）,めての（yellow-meteor）,いわ,ひこう,60,60,100,60,100,60,https://raw.githubusercontent.com/PokeAPI/sprites/master/sprites/pokemon/10131.png
774,3,minior,green-meteor,メテノ（green-meteor）,めての（green-meteor）,いわ,ひこう,60,60,100,60,100,60,https://raw.githubusercontent.com/PokeAPI/sprites/master/sprites/pokemon/10132.png
774,4,minior,blue-meteor,メテノ（blue-meteor）,めての（blue-meteor）,いわ,ひこう,60,60,100,60,100,60,https://raw.githubusercontent.com/PokeAPI/sprites/master/sprites/pokemon/10133.png
774,5,minior,indigo-meteor,メテノ（indigo-meteor）,めての（indigo-meteor）,いわ,ひこう,60,60,100,60,100,60,https://raw.githubusercontent.com/PokeAPI/sprites/master/sprites/pokemon/10134.png
774,6,minior,violet-meteor,メテノ（violet-meteor）,めての（violet-meteor）,いわ,ひこう,60,60,100,60,100,60,https://raw.githubusercontent.com/PokeAPI/sprites/master/sprites/pokemon/10135.png
774,7,minior,red,メテノ（red）,めての（red）,いわ,ひこう,60,100,60,100,60,120,https://raw.githubusercontent.com/PokeAPI/sprites/master/sprites/pokemon/10136.png
774,8,minior,orange,メテノ（orange）,めての（orange）,いわ,ひこう,60,100,60,100,60,120,https://raw.githubusercontent.com/PokeAPI/sprites/master/sprites/pokemon/10137.png
774,9,minior,yellow,メテノ（yellow）,めての（yellow）,いわ,ひこう,60,100,60,100,60,120,https://raw.githubusercontent.com/PokeAPI/sprites/master/sprites/pokemon/10138.png
774,10,minior,green,メテノ（green）,めての（green）,いわ,ひこう,60,100,60,100,60,120,https://raw.githubusercontent.com/PokeAPI/sprites/master/sprites/pokemon/10139.png
774,11,minior,blue,メテノ（blue）,めての（blue）,いわ,ひこう,60,100,60,100,60,120,https://raw.githubusercontent.com/PokeAPI/sprites/master/sprites/pokemon/10140.png
774,12,minior,indigo,メテノ（indigo）,めての（indigo）,いわ,ひこう,60,100,60,100,60,120,https://raw.githubusercontent.com/PokeAPI/sprites/master/sprites/pokemon/10141.png
774,13,minior,violet,メテノ（violet）,めての（violet）,いわ,ひこう,60,100,60,100,60,120,https://raw.githubusercontent.com/PokeAPI/sprites/master/sprites/pokemon/10142.png
775,0,komala,default,ネッコアラ,ねっこあら,ノーマル,,65,115,65,75,95,65,https://raw.githubusercontent.com/PokeAPI/sprites/master/sprites/pokemon/775.png
776,0,turtonator,default,バクガメス,ばくがめす,ほのお,ドラゴン,60,78,135,91,85,36,https://raw.githubusercontent.com/PokeAPI/sprites/master/sprites/pokemon/776.png
777,0,togedemaru,default,トゲデマル,とげでまる,でんき,はがね,65,98,63,40,73,96,https://raw.githubusercontent.com/PokeAPI/sprites/master/sprites/pokemon/777.png
778,0,mimikyu,default,ミミッキュ,みみっきゅ,ゴースト,フェアリー,55,90,80,50,105,96,https://raw.githubusercontent.com/PokeAPI/sprites/master/sprites/pokemon/778.png
778,1,mimikyu,busted,ミミッキュ（busted）,みみっきゅ（busted）,ゴースト,フェアリー,55,90,80,50,105,96,https://raw.githubusercontent.com/PokeAPI/sprites/master/sprites/pokemon/10143.png
779,0,bruxish,default,ハギギシリ,はぎぎしり,みず,エスパー,68,105,70,70,70,92,https://raw.githubusercontent.com/PokeAPI/sprites/master/sprites/pokemon/779.png
780,0,drampa,default,ジジーロン,じじーろん,ノーマル,ドラゴン,78,60,85,135,91,36,https://raw.githubusercontent.com/PokeAPI/sprites/master/sprites/pokemon/780.png
780,1,drampa,mega,ジジーロン（メガシンカ）,じじーろん（めがしんか）,ノーマル,ドラゴン,78,85,110,160,116,36,
781,0,dhelmise,default,ダダリン,だだりん,ゴースト,くさ,70,131,100,86,90,40,https://raw.githubusercontent.com/PokeAPI/sprites/master/sprites/pokemon/781.png
782,0,jangmo-o,default,ジャラコ,じゃらこ,ドラゴン,,45,55,65,45,45,45,https://raw.githubusercontent.com/PokeAPI/sprites/master/sprites/pokemon/782.png
783,0,hakamo-o,default,ジャランゴ,じゃらんご,ドラゴン,かくとう,55,75,90,65,70,65,https://raw.githubusercontent.com/PokeAPI/sprites/master/sprites/pokemon/783.png
784,0,kommo-o,default,ジャラランガ,じゃららんが,ドラゴン,かくとう,75,110,125,100,105,85,https://raw.githubusercontent.com/PokeAPI/sprites/master/sprites/pokemon/784.png
785,0,tapu-koko,default,カプ・コケコ,かぷ・こけこ,でんき,フェアリー,70,115,85,95,75,130,https://raw.githubusercontent.com/PokeAPI/sprites/master/sprites/pokemon/785.png
786,0,tapu-lele,default,カプ・テテフ,かぷ・ててふ,エスパー,フェアリー,70,85,75,130,115,95,https://raw.githubusercontent.com/PokeAPI/sprites/master/sprites/pokemon/786.png
787,0,tapu-bulu,default,カプ・ブルル,かぷ・ぶるる,くさ,フェアリー,70,130,115,85,95,75,https://raw.githubusercontent.com/PokeAPI/sprites/master/sprites/pokemon/787.png
788,0,tapu-fini,default,カプ・レヒレ,かぷ・れひれ,みず,フェアリー,70,75,115,95,130,85,https://raw.githubusercontent.com/PokeAPI/sprites/master/sprites/pokemon/788.png
789,0,cosmog,default,コスモッグ,こすもっぐ,エスパー,,43,29,31,29,31,37,https://raw.githubusercontent.com/PokeAPI/sprites/master/sprites/pokemon/789.png
790,0,cosmoem,default,コスモウム,こすもうむ,エスパー,,43,29,131,29,131,37,https://raw.githubusercontent.com/PokeAPI/sprites/master/sprites/pokemon/790.png
791,0,solgaleo,default,ソルガレオ,そるがれお,エスパー,はがね,137,137,107,113,89,97,https://raw.githubusercontent.com/PokeAPI/sprites/master/sprites/pokemon/791.png
792,0,lunala,default,ルナアーラ,るなあーら,エスパー,ゴースト,137,113,89,137,107,97,https://raw.githubusercontent.com/PokeAPI/sprites/master/sprites/pokemon/792.png
793,0,nihilego,default,ウツロイド,うつろいど,いわ,どく,109,53,47,127,131,103,https://raw.githubusercontent.com/PokeAPI/sprites/master/sprites/pokemon/793.png
794,0,buzzwole,default,マッシブーン,まっしぶーん,むし,かくとう,107,139,139,53,53,79,https://raw.githubusercontent.com/PokeAPI/sprites/master/sprites/pokemon/794.png
795,0,pheromosa,default,フェローチェ,ふぇろーちぇ,むし,かくとう,71,137,37,137,37,151,https://raw.githubusercontent.com/PokeAPI/sprites/master/sprites/pokemon/795.png
796,0,xurkitree,default,デンジュモク,でんじゅもく,でんき,,83,89,71,173,71,83,https://raw.githubusercontent.com/PokeAPI/sprites/master/sprites/pokemon/796.png
797,0,celesteela,default,テッカグヤ,てっかぐや,はがね,ひこう,97,101,103,107,101,61,https://raw.githubusercontent.com/PokeAPI/sprites/master/sprites/pokemon/797.png
798,0,kartana,default,カミツルギ,かみつるぎ,くさ,はがね,59,181,131,59,31,109,https://raw.githubusercontent.com/PokeAPI/sprites/master/sprites/pokemon/798.png
799,0,guzzlord,default,アクジキング,あくじきんぐ,あく,ドラゴン,223,101,53,97,53,43,https://raw.githubusercontent.com/PokeAPI/sprites/master/sprites/pokemon/799.png
800,0,necrozma,default,ネクロズマ,ねくろずま,エスパー,,97,107,101,127,89,79,https://raw.githubusercontent.com/PokeAPI/sprites/master/sprites/pokemon/800.png
800,1,necrozma,dusk,ネクロズマ（dusk）,ねくろずま（dusk）,エスパー,はがね,97,157,127,113,109,77,https://raw.githubusercontent.com/PokeAPI/sprites/master/sprites/pokemon/10155.png
800,2,necrozma,dawn,ネクロズマ（dawn）,ねくろずま（dawn）,エスパー,ゴースト,97,113,109,157,127,77,https://raw.githubusercontent.com/PokeAPI/sprites/master/sprites/pokemon/10156.png
800,3,necrozma,ultra,ネクロズマ（ultra）,ねくろずま（ultra）,エスパー,ドラゴン,97,167,97,167,97,129,https://raw.githubusercontent.com/PokeAPI/sprites/master/sprites/pokemon/10157.png
801,0,magearna,default,マギアナ,まぎあな,はがね,フェアリー,80,95,115,130,115,65,https://raw.githubusercontent.com/PokeAPI/sprites/master/sprites/pokemon/801.png
801,1,magearna,original,マギアナ（original）,まぎあな（original）,はがね,フェアリー,80,95,115,130,115,65,https://raw.githubusercontent.com/PokeAPI/sprites/master/sprites/pokemon/10147.png
801,2,magearna,mega,マギアナ（メガシンカ）,まぎあな（めがしんか）,はがね,フェアリー,80,125,115,170,115,95,
801,3,magearna,original-mega,マギアナ（original-mega）,まぎあな（original-mega）,はがね,フェアリー,80,125,115,170,115,95,
802,0,marshadow,default,マーシャドー,まーしゃどー,かくとう,ゴースト,90,125,80,90,90,125,https://raw.githubusercontent.com/PokeAPI/sprites/master/sprites/pokemon/802.png
803,0,poipole,default,ベベノム,べべのむ,どく,,67,73,67,73,67,73,https://raw.githubusercontent.com/PokeAPI/sprites/master/sprites/pokemon/803.png
804,0,naganadel,default,アーゴヨン,あーごよん,どく,ドラゴン,73,73,73,127,73,121,https://raw.githubusercontent.com/PokeAPI/sprites/master/sprites/pokemon/804.png
805,0,stakataka,default,ツンデツンデ,つんでつんで,いわ,はがね,61,131,211,53,101,13,https://raw.githubusercontent.com/PokeAPI/sprites/master/sprites/pokemon/805.png
806,0,blacephalon,default,ズガドーン,ずがどーん,ほのお,ゴースト,53,127,53,151,79,107,https://raw.githubusercontent.com/PokeAPI/sprites/master/sprites/pokemon/806.png
807,0,zeraora,default,ゼラオラ,ぜらおら,でんき,,88,112,75,102,80,143,https://raw.githubusercontent.com/PokeAPI/sprites/master/sprites/pokemon/807.png
807,1,zeraora,mega,ゼラオラ（メガシンカ）,ぜらおら（めがしんか）,でんき,,88,157,75,147,80,153,
808,0,meltan,default,メルタン,めるたん,はがね,,46,65,65,55,35,34,https://raw.githubusercontent.com/PokeAPI/sprites/master/sprites/pokemon/808.png
809,0,melmetal,default,メルメタル,めるめたる,はがね,,135,143,143,80,65,34,https://raw.githubusercontent.com/PokeAPI/sprites/master/sprites/pokemon/809.png
